municipality,year,week,season,ndvi,evi,temperature,temperature_max,temperature_min,rainfall_total,humidity,solar_radiation,wind_speed
Ligao,2013,51,Dry,0.802,0.4462,24.47,25.08,23.36,49.31,85.82571428571428,11.957142857142856,4.1085714285714285
Ligao,2013,52,Dry,0.8015,0.5186,23.33857143,24.3,22.29,81.21,88.25,9.39857142857143,4.718571428571429
Ligao,2014,1,Dry,0.8129,0.5059,22.81,23.64,21.69,5.8100000000000005,82.54714285714286,14.195714285714288,3.575714285714285
Ligao,2014,2,Dry,0.8513,0.4708,24.26857143,26.02,22.97,17.57,82.43142857142857,15.725714285714286,3.18
Ligao,2014,3,Dry,0.7838,0.5519,25.76571429,26.44,25.31,1.48,82.78428571428572,19.345714285714283,2.1585714285714284
Ligao,2014,4,Dry,0.7828,0.5661,24.44571429,25.56,23.84,9.12,80.61142857142856,17.59714285714286,2.858571428571428
Ligao,2014,5,Dry,0.7751,0.5027,23.88,24.23,23.6,44.77,78.79142857142857,17.27285714285714,2.891428571428572
Ligao,2014,7,Dry,0.7766,0.5622,24.92857143,25.4,24.3,3.62,78.57857142857142,20.342857142857145,2.742857142857143
Ligao,2014,8,Dry,0.7858,0.4763,24.89428571,25.11,24.61,9.04,78.07142857142857,21.09,2.617142857142857
Ligao,2014,9,Dry,0.7705,0.4675,25.60142857,26.16,24.97,68.01,82.44571428571429,17.43285714285714,3.442857142857143
Ligao,2014,10,Hot Dry,0.7709,0.4451,25.68571429,26.15,25.23,63.81,80.24000000000001,19.078571428571426,3.4442857142857144
Ligao,2014,11,Hot Dry,0.7189,0.5477,26.21285714,26.72,25.6,51.83,85.18714285714285,18.25857142857143,2.847142857142857
Ligao,2014,12,Hot Dry,0.7562,0.5194,26.53857143,26.93,26.36,0.09,81.01571428571428,23.47714285714286,2.4
Ligao,2014,13,Hot Dry,0.7741,0.4829,26.72857143,27.06,26.24,12.66,79.72428571428573,20.73,2.5357142857142856
Ligao,2014,15,Hot Dry,0.7517,0.588,26.26285714,27.11,25.6,79.8,87.14428571428572,14.44285714285714,2.505714285714286
Ligao,2014,16,Hot Dry,0.8137,0.4998,27.20857143,27.81,26.49,17.22,82.94714285714285,21.638571428571428,2.0785714285714287
Ligao,2014,17,Hot Dry,0.7649,0.5764,28.25571429,28.45,28.05,2.29,78.99142857142856,23.29428571428572,2.0028571428571427
Ligao,2014,18,Hot Dry,0.7508,0.5782,28.08,28.4,27.48,0.41,81.41,22.205714285714286,2.005714285714286
Ligao,2014,19,Hot Dry,0.7998,0.4853,28.66714286,28.97,28.11,8.46,77.47857142857143,24.08142857142857,2.1228571428571428
Ligao,2014,20,Hot Dry,0.7895,0.4947,28.75285714,29.07,28.39,6.65,77.95857142857143,23.312857142857144,1.9914285714285715
Ligao,2014,21,Hot Dry,0.7041,0.5439,29.24428571,30.11,28.3,10.21,76.43142857142857,23.054285714285715,1.5414285714285716
Ligao,2014,23,Wet,0.756,0.5403,29.76571429,30.65,28.86,14.73,72.16285714285713,20.722857142857144,1.2185714285714286
Ligao,2014,24,Wet,0.6843,0.4405,28.35285714,29.04,28.02,44.66,83.07571428571428,20.99428571428572,1.8542857142857143
Ligao,2014,25,Wet,0.8097,0.5641,28.09571429,28.87,27.4,47.4,82.43714285714286,20.542857142857144,2.1814285714285715
Ligao,2014,26,Wet,0.7226,0.5241,28.05857143,28.48,27.51,74.78,80.78714285714285,19.232857142857146,1.89
Ligao,2014,27,Wet,0.8712,0.5409,27.36285714,27.62,26.92,46.12,85.51285714285714,15.191428571428572,2.5828571428571427
Ligao,2014,28,Wet,0.6113,0.3993,27.70714286,28.77,27.03,20.39,83.45857142857143,19.73,2.3114285714285714
Ligao,2014,29,Wet,0.2307,0.1766,26.91714286,28.35,25.94,251.47,87.82571428571428,14.082857142857142,2.93
Ligao,2014,31,Wet,0.6997,0.4586,26.59857143,27.46,25.65,58.88,87.71714285714286,13.817142857142857,3.462857142857143
Ligao,2014,32,Wet,0.7479,0.5004,26.61142857,27.01,26.0,24.25,89.2057142857143,14.514285714285714,3.618571428571428
Ligao,2014,33,Wet,0.638,0.4953,27.13,27.6,26.35,0.04,85.44142857142857,21.215714285714284,2.8385714285714285
Ligao,2014,34,Wet,0.4296,0.2957,27.4,28.6,26.94,24.17,82.36857142857141,20.65428571428572,1.5400000000000005
Ligao,2014,35,Wet,0.6868,0.4896,27.28,27.84,26.9,74.68,83.08857142857143,19.595714285714287,1.327142857142857
Ligao,2014,36,Wet,0.6464,0.5322,26.68571429,27.7,25.58,118.36,84.88285714285713,16.102857142857143,1.7714285714285711
Ligao,2014,37,Wet,0.7807,0.556,26.59428571,27.07,26.08,63.540000000000006,85.55857142857143,15.075714285714286,1.841428571428572
Ligao,2014,39,Wet,0.7832,0.5682,26.38571429,27.31,25.61,127.9,88.93714285714286,11.57,2.9642857142857144
Ligao,2014,40,Wet,0.8334,0.5664,26.89857143,27.71,26.12,161.95999999999998,88.02428571428571,15.792857142857144,2.817142857142857
Ligao,2014,41,Cool Dry,0.8307,0.5103,27.65142857,28.11,27.03,11.36,83.14857142857143,20.43857142857143,1.342857142857143
Ligao,2014,42,Cool Dry,0.8371,0.5772,27.55,28.04,26.94,55.74,83.41142857142857,18.24,1.4357142857142855
Ligao,2014,43,Cool Dry,0.7633,0.5829,26.89428571,27.76,26.25,73.17999999999999,86.12571428571428,14.86,1.832857142857143
Ligao,2014,44,Cool Dry,0.8524,0.5363,26.77285714,28.69,26.12,95.1,87.61714285714287,13.808571428571428,2.212857142857143
Ligao,2014,45,Cool Dry,0.7989,0.5752,26.61571429,26.98,26.42,36.22,87.03857142857143,18.68142857142857,2.09
Ligao,2014,47,Cool Dry,0.7661,0.5327,26.85714286,27.34,26.4,57.77,87.89,14.694285714285714,2.491428571428571
Ligao,2014,48,Cool Dry,0.7928,0.5466,25.93142857,26.91,25.02,5.51,82.30714285714285,17.745714285714286,2.4785714285714286
Ligao,2014,49,Dry,0.7636,0.4849,26.13,26.41,25.78,46.1,86.82285714285715,13.877142857142855,2.7657142857142856
Ligao,2014,50,Dry,0.7461,0.5388,26.49,26.95,26.2,49.43,88.40142857142857,14.625714285714285,1.9385714285714288
Ligao,2014,51,Dry,0.8056,0.4645,26.52428571,26.85,26.15,142.36,89.5657142857143,13.38,2.8385714285714285
Ligao,2014,51,Dry,0.8056159099740783,0.4644900399474208,25.88285714,26.69,24.69,206.86,87.36428571428571,11.09142857142857,4.042857142857143
Ligao,2014,52,Dry,0.655,0.4431,25.95285714,26.5,25.01,121.95,89.26857142857143,11.79,2.7642857142857147
Ligao,2014,52,Dry,0.6549946973087543,0.443106855315346,25.64571429,26.02,24.94,91.17,89.47285714285715,12.612857142857145,3.15
Ligao,2015,1,Dry,0.7907553149657693,0.4506244954476747,25.29,25.48,25.18,136.97,92.80666666666666,4.86,4.173333333333333
Ligao,2015,2,Dry,0.7681218364365757,0.507223585315591,24.23571429,25.27,23.36,17.009999999999998,83.19428571428571,15.747142857142858,3.3742857142857146
Ligao,2015,3,Dry,0.7811689606194966,0.4868535458838253,24.48714286,25.04,23.87,242.67,86.36142857142856,12.108571428571429,3.91
Ligao,2015,4,Dry,0.759694924243498,0.5351672643563367,25.05571429,26.09,23.69,21.48,84.36285714285714,14.405714285714286,2.3657142857142857
Ligao,2015,6,Dry,0.7613272578615631,0.4997236754390184,24.62285714,25.56,23.67,36.71,84.58714285714287,13.801428571428572,3.177142857142857
Ligao,2015,7,Dry,0.7325585016757691,0.4969072130190028,24.02571429,25.08,23.36,10.75,81.19000000000001,18.035714285714285,2.841428571428572
Ligao,2015,8,Dry,0.7901574763952637,0.4854731885904866,24.96142857,25.55,24.45,69.76,87.29142857142857,14.328571428571427,2.877142857142857
Ligao,2015,9,Dry,0.778750252959199,0.50350252997294,24.21,24.52,23.59,12.02,80.39,17.84,3.0385714285714287
Ligao,2015,10,Hot Dry,0.7348005760639098,0.5349155592996013,25.03285714,25.4,24.28,7.959999999999999,80.88857142857144,20.205714285714286,2.845714285714286
Ligao,2015,11,Hot Dry,0.7333617330085552,0.5646234917888393,25.11285714,25.85,24.41,14.95,81.08285714285715,19.801428571428573,2.8842857142857143
Ligao,2015,12,Hot Dry,0.6212296050221947,0.4314524244878137,24.87571429,25.24,24.36,6.16,77.7,22.037142857142857,2.8428571428571425
Ligao,2015,14,Hot Dry,0.7356449976009626,0.5759043044967007,25.68142857,26.74,24.38,13.05,78.46428571428571,18.458571428571428,1.977142857142857
Ligao,2015,15,Hot Dry,0.7859264850645854,0.5113169380325036,26.48857143,27.05,25.94,20.73,80.71285714285715,19.83142857142857,2.46
Ligao,2015,16,Hot Dry,0.7277695672297714,0.5505975624794841,26.41571429,26.86,26.04,7.93,78.43714285714285,21.76714285714285,2.891428571428572
Ligao,2015,17,Hot Dry,0.7623812991116061,0.567870120105743,27.33571429,27.77,27.02,23.26,81.56142857142856,21.254285714285714,2.395714285714285
Ligao,2015,18,Hot Dry,0.7888430808379943,0.5254105129245524,27.35285714,28.33,26.98,28.33,79.30714285714285,22.414285714285715,2.704285714285714
Ligao,2015,19,Hot Dry,0.7618900443025011,0.5777521711294646,27.57714286,28.21,27.2,20.51,79.58571428571429,22.571428571428573,1.9442857142857144
Ligao,2015,20,Hot Dry,0.8114476526557179,0.5213265465095881,27.69428571,28.11,27.05,17.67,79.39857142857143,21.985714285714288,1.9642857142857144
Ligao,2015,22,Hot Dry,0.7939105855948444,0.5941308479841909,28.07428571,28.7,27.54,4.180000000000001,75.39999999999999,25.49428571428572,2.4171428571428573
Ligao,2015,23,Wet,0.7757852682227302,0.580806879472964,28.83857143,29.41,27.71,1.56,71.35142857142857,23.708571428571428,1.5557142857142858
Ligao,2015,24,Wet,0.8369668784704697,0.5834149233315881,29.65,29.87,29.32,11.45,69.48142857142857,24.187142857142856,1.437142857142857
Ligao,2015,25,Wet,0.6616237765479693,0.4462141422692369,28.66857143,29.21,28.29,29.040000000000003,77.50714285714285,21.164285714285715,1.851428571428572
Ligao,2015,26,Wet,0.6403911707250476,0.5181301200930584,28.72857143,29.29,28.42,18.15,77.99571428571429,21.435714285714283,1.8471428571428568
Ligao,2015,27,Wet,0.5551253622237743,0.4636462849032378,28.09285714,28.91,27.28,36.75,78.45142857142856,20.52428571428572,1.14
Ligao,2015,28,Wet,0.6841167372367898,0.5490519278312173,27.71571429,29.1,26.99,55.64,82.64857142857143,15.582857142857142,3.3085714285714287
Ligao,2015,30,Wet,0.793475506319892,0.6043051913458501,27.45714286,27.92,27.02,39.260000000000005,85.15857142857143,15.304285714285712,4.085714285714286
Ligao,2015,31,Wet,0.840598777284915,0.5745791605982968,27.50428571,27.86,27.14,10.16,84.42857142857143,18.50142857142857,2.441428571428572
Ligao,2015,32,Wet,0.8144125772856816,0.6443069180876781,27.12285714,27.69,25.86,40.41,81.34857142857143,18.34,1.615714285714286
Ligao,2015,33,Wet,0.8559659635423791,0.5623139233992575,27.43,27.86,26.55,36.85,80.58285714285714,20.04428571428572,1.5842857142857143
Ligao,2015,34,Wet,0.7827645967998385,0.6664769001366735,27.64,28.49,27.05,42.5,82.33285714285715,17.924285714285713,2.8114285714285714
Ligao,2015,35,Wet,0.8030338615753724,0.6647363115495124,28.28142857,29.03,26.99,16.67,79.62285714285714,21.56571428571429,0.9785714285714286
Ligao,2015,36,Wet,0.7942924209952841,0.652354707246836,28.16,29.3,27.44,47.87,80.72142857142856,17.14,3.665714285714286
Ligao,2015,38,Wet,0.8181584348214885,0.5935660180257609,27.44142857,27.68,27.15,40.38,81.66285714285713,18.83428571428572,1.8771428571428568
Ligao,2015,39,Wet,0.8248673980104368,0.578173408791794,27.92,28.65,27.27,24.91,81.22428571428573,19.91,1.365714285714286
Ligao,2015,40,Wet,0.8550729979246396,0.5309067258241272,27.48428571,28.27,26.78,57.23,84.50285714285714,20.58142857142857,1.9271428571428568
Ligao,2015,41,Cool Dry,0.7707228568704738,0.4994152241707493,27.74142857,28.72,27.2,51.14,83.81428571428572,18.93142857142857,2.275714285714286
Ligao,2015,42,Cool Dry,0.6747873896165633,0.497324506410035,26.93857143,27.95,25.68,59.95,85.5657142857143,14.742857142857144,2.04
Ligao,2015,43,Cool Dry,0.6442525340991466,0.4261898132416886,28.20285714,29.01,27.45,41.91,78.09857142857143,21.548571428571428,1.5142857142857142
Ligao,2015,44,Cool Dry,0.8165514304495323,0.5213650630894463,27.08285714,28.05,25.88,91.64,84.61428571428571,11.444285714285714,3.611428571428572
Ligao,2015,46,Cool Dry,0.8176667715324092,0.5202979096214474,27.60714286,27.87,27.24,6.45,82.41428571428571,18.787142857142857,2.9771428571428573
Ligao,2015,47,Cool Dry,0.788344908930883,0.5387275972658032,26.69142857,26.96,26.24,41.42,85.36428571428571,18.02857142857143,2.625714285714285
Ligao,2015,48,Cool Dry,0.7686070436561949,0.5754076629320088,26.83571429,27.04,26.4,46.71,85.49571428571429,18.46,2.907142857142857
Ligao,2015,49,Dry,0.8138153854647946,0.4980464787876555,26.86285714,27.01,26.78,31.33,84.0257142857143,18.222857142857144,2.755714285714286
Ligao,2015,50,Dry,0.779242344220294,0.4555299945541849,26.79857143,27.09,26.61,45.46,82.14999999999999,18.077142857142857,3.0742857142857143
Ligao,2015,51,Dry,0.7583100254979078,0.5236710155593023,26.86,27.26,26.42,76.44,85.15428571428572,15.918571428571427,2.9457142857142857
Ligao,2015,51,Dry,0.7583100254979078,0.5236710155593023,26.35857143,26.92,25.78,52.96,85.33571428571429,15.934285714285712,2.74
Ligao,2015,52,Dry,0.6975060953137865,0.4671116072922356,26.44285714,26.95,25.7,43.41,86.38285714285713,16.22714285714286,2.45
Ligao,2015,52,Dry,0.6975060953137865,0.4671116072922356,26.10428571,26.49,25.55,251.91000000000005,89.18857142857142,9.785714285714286,3.892857142857143
Ligao,2016,53,Dry,0.8189749893104957,0.5489859562790863,25.26714286,25.43,24.82,7.24,84.28714285714285,18.40714285714285,2.4200000000000004
Ligao,2016,1,Dry,0.8074758840568904,0.4919508289501724,25.86714286,26.75,25.07,22.75,84.75428571428571,15.774285714285714,1.9614285714285715
Ligao,2016,2,Dry,0.8115283651550947,0.5675249822132054,25.37571429,25.69,25.01,18.85,83.4557142857143,17.202857142857145,2.8542857142857145
Ligao,2016,4,Dry,0.8252521008201564,0.548269447820163,25.22142857,26.17,23.83,69.31,85.61571428571429,13.007142857142856,4.0600000000000005
Ligao,2016,5,Dry,0.7361715092068992,0.4876849606885999,25.69142857,26.43,25.22,36.19,84.80857142857143,15.218571428571428,2.77
Ligao,2016,6,Dry,0.8297703197113137,0.5382813861644035,24.98714286,25.85,24.44,70.03999999999999,84.5457142857143,16.33857142857143,3.2471428571428573
Ligao,2016,7,Dry,0.4514468503292086,0.3686349039317853,25.04428571,25.69,24.74,18.630000000000003,83.95857142857143,18.687142857142856,3.0471428571428567
Ligao,2016,8,Dry,0.8094789811170657,0.5785893194494601,25.37714286,25.7,25.17,75.71,84.01857142857143,17.62142857142857,3.4142857142857146
Ligao,2016,9,Hot Dry,0.8055458519674203,0.567039252394984,25.91142857,26.75,25.29,49.8,85.58857142857143,17.342857142857145,2.5171428571428573
Ligao,2016,10,Hot Dry,0.8169475031605251,0.5397645562175,25.69142857,26.16,25.38,3.72,83.88714285714286,23.05,2.4185714285714286
Ligao,2016,12,Hot Dry,0.7772524114944063,0.5671057223161279,25.79142857,25.93,25.49,2.09,82.13714285714286,23.56714285714286,2.051428571428571
Ligao,2016,13,Hot Dry,0.7540410497002251,0.6065004176749059,26.21857143,27.05,25.53,1.48,79.33571428571429,23.807142857142857,1.9157142857142857
Ligao,2016,14,Hot Dry,0.8001853402328732,0.490881924688616,26.70571429,26.99,26.18,20.84,80.27428571428571,19.00142857142857,2.9257142857142857
Ligao,2016,15,Hot Dry,0.7513685351670216,0.5273563156868869,27.19285714,27.81,26.83,13.91,79.36428571428571,22.698571428571427,2.645714285714285
Ligao,2016,16,Hot Dry,0.7425720318555502,0.5065293219109552,28.15142857,28.77,27.41,12.01,80.12142857142858,23.464285714285715,2.087142857142857
Ligao,2016,17,Hot Dry,0.7247943293435594,0.4703593575554128,27.60142857,27.74,27.35,14.06,78.98142857142857,23.84857142857143,2.6614285714285715
Ligao,2016,18,Hot Dry,0.6946510654424608,0.5045984784860386,28.50142857,29.33,27.55,12.18,76.18285714285715,23.73,2.1185714285714288
Ligao,2016,20,Hot Dry,0.5172588016538965,0.2788160127580813,28.47857143,28.72,28.17,13.54,77.13428571428572,23.632857142857144,2.7
Ligao,2016,21,Hot Dry,0.7061287889025987,0.49179776659883,28.90714286,29.26,28.61,30.09,77.32000000000001,21.64428571428571,1.9085714285714288
Ligao,2016,22,Wet,0.7809552796238112,0.5657397969052086,28.07714286,28.72,27.43,43.48,82.42857142857143,19.12142857142857,1.4742857142857144
Ligao,2016,23,Wet,0.7208478654150456,0.531660521060047,28.40714286,28.84,28.01,34.2,80.83,19.90571428571429,1.3857142857142857
Ligao,2016,24,Wet,0.7548660724084936,0.5829312613310401,28.86857143,29.35,28.65,34.3,79.09714285714286,20.012857142857143,1.96
Ligao,2016,25,Wet,0.7046883325086067,0.4317898750735705,27.86285714,28.24,27.57,60.7,81.72,16.391428571428573,1.508571428571429
Ligao,2016,26,Wet,0.6405232201594758,0.4600722064205467,27.58,28.34,26.91,72.72999999999999,81.65714285714286,17.574285714285715,1.4685714285714284
Ligao,2016,28,Wet,0.8131807870606342,0.6139764306149831,27.03142857,27.79,26.67,70.17,85.81285714285714,15.335714285714287,2.857142857142857
Ligao,2016,29,Wet,0.6196439238743772,0.509881734531944,28.50142857,29.17,28.0,14.34,77.26714285714286,21.125714285714285,0.9514285714285714
Ligao,2016,30,Wet,0.8596685727469785,0.5440264640266813,28.01714286,28.83,27.23,24.25,80.03857142857143,20.36428571428572,1.4357142857142855
Ligao,2016,31,Wet,0.4432647137636695,0.3712803958516616,27.99857143,29.0,26.95,105.69,81.42428571428572,16.580000000000002,1.92
Ligao,2016,32,Wet,0.7364031579023853,0.5430367799977025,27.56142857,28.84,26.84,38.47,84.27714285714286,18.711428571428574,2.3042857142857147
Ligao,2016,33,Wet,0.6199791831951617,0.4845537707268565,27.30571429,27.66,26.98,50.24,85.62571428571428,16.419999999999998,4.311428571428571
Ligao,2016,34,Wet,0.7833431883654735,0.6028315079275505,27.28142857,27.72,26.33,73.9,88.41571428571429,16.075714285714287,2.947142857142857
Ligao,2016,36,Wet,0.5753389252742294,0.3907269069987479,27.62571429,28.12,27.09,19.46,86.70428571428572,19.86285714285714,3.0471428571428567
Ligao,2016,37,Wet,0.7819597253066246,0.53169692244979,27.94,28.68,27.64,33.81,81.80571428571429,20.78428571428572,1.1442857142857144
Ligao,2016,38,Wet,0.784876582993433,0.5319300426865977,27.25142857,27.59,26.88,41.2,87.53857142857143,19.715714285714284,2.222857142857143
Ligao,2016,39,Wet,0.6329074046752112,0.4442942599490566,27.31142857,27.68,26.65,62.48,86.27,18.06428571428572,1.5885714285714283
Ligao,2016,40,Cool Dry,0.8276230196272425,0.5728400124954004,26.86,27.6,25.8,84.33,87.24000000000001,15.055714285714286,2.3642857142857143
Ligao,2016,41,Cool Dry,0.8133204129778938,0.5404069377934271,26.91857143,28.15,26.1,81.89999999999999,86.23857142857143,14.43142857142857,1.5071428571428571
Ligao,2016,42,Cool Dry,0.8213476838743651,0.5201012108859001,26.76142857,27.61,26.22,195.06,87.4542857142857,12.855714285714289,2.52
Ligao,2016,44,Cool Dry,0.7704693868083657,0.502866604932217,27.02857143,27.33,26.6,35.17,88.06857142857143,16.884285714285713,2.1542857142857144
Ligao,2016,45,Cool Dry,0.7252142404010375,0.4839794708590573,26.99428571,27.27,26.79,121.75,89.33000000000001,14.23,2.564285714285714
Ligao,2016,46,Cool Dry,0.8030832020507414,0.5382692144987402,25.86428571,26.58,25.12,12.39,82.19714285714285,16.669999999999998,2.8742857142857146
Ligao,2016,47,Cool Dry,0.793126303874247,0.5558515518383466,26.82714286,27.17,26.42,126.41,89.58714285714287,12.558571428571428,2.557142857142857
Ligao,2016,48,Dry,0.8146063029958408,0.4909206770632494,26.43428571,26.67,26.07,49.8,88.01428571428572,15.13,3.04
Ligao,2016,49,Dry,0.6823323408332392,0.3257469946412397,26.41857143,26.85,25.73,107.05,88.90285714285714,12.588571428571427,2.13
Ligao,2016,50,Dry,0.7302446449106047,0.4317205991614012,25.73714286,26.57,24.98,217.25,91.38428571428572,10.081428571428573,2.6757142857142857
Ligao,2016,52,Dry,0.5485560251724109,0.3379832719282228,25.92714286,26.18,25.77,78.4,88.28571428571429,11.86285714285714,3.4442857142857144
Ligao,2017,52,Dry,0.2860814872472959,0.1803962033656069,25.60285714,26.33,25.04,65.44,87.0657142857143,12.175714285714289,3.31
Ligao,2017,2,Dry,0.452934649013786,0.3327594696207955,24.63142857,25.46,23.72,201.17,88.86285714285714,10.73857142857143,3.69
Ligao,2017,3,Dry,0.6536243084060288,0.4191184269748435,24.66142857,25.46,24.07,34.3,84.87142857142858,14.52,3.721428571428572
Ligao,2017,4,Dry,0.5671544038322942,0.3720446968984361,25.31714286,26.24,24.4,59.15,88.08000000000001,14.572857142857142,2.744285714285714
Ligao,2017,5,Dry,0.6939022217379874,0.4327972569648194,24.31285714,25.33,22.83,10.56,82.19000000000001,18.17142857142857,3.2842857142857147
Ligao,2017,6,Dry,0.2509369490293329,0.1965009012508195,24.08142857,25.48,22.51,44.78,83.51142857142858,15.491428571428573,3.6542857142857135
Ligao,2017,7,Dry,0.7773597628574896,0.580641291498109,25.48714286,25.95,25.19,34.18,87.04142857142857,18.514285714285712,2.6128571428571425
Ligao,2017,8,Dry,0.7515192018835257,0.5243646190149254,25.26,25.65,24.86,30.9,82.67714285714285,20.06,3.021428571428572
Ligao,2017,10,Hot Dry,0.7880686270571885,0.5487248678770096,25.11285714,25.95,24.72,52.71,84.07000000000001,18.90571428571429,3.0542857142857143
Ligao,2017,11,Hot Dry,0.7724432862438585,0.6098362117858148,25.44571429,26.63,24.71,65.78999999999999,83.43857142857142,17.194285714285716,2.5700000000000003
Ligao,2017,12,Hot Dry,0.7518857152309706,0.630739609743335,26.42285714,26.89,25.03,39.2,85.47857142857143,21.42,2.05
Ligao,2017,13,Hot Dry,0.733000133713249,0.6021814938813239,25.74571429,26.18,25.36,51.66,85.49857142857142,18.212857142857143,3.127142857142857
Ligao,2017,14,Hot Dry,0.756961575124728,0.5527850573669147,25.81571429,26.63,24.95,28.28,84.70714285714287,18.562857142857144,3.1042857142857145
Ligao,2017,15,Hot Dry,0.7703895188301555,0.5595815190618418,27.01,27.25,26.24,34.2,81.66428571428571,21.860000000000003,2.455714285714286
Ligao,2017,16,Hot Dry,0.7795657662277513,0.5224905333122347,27.74857143,28.36,27.34,1.72,76.88714285714286,24.32857142857143,1.6985714285714286
Ligao,2017,18,Hot Dry,0.7174919924982375,0.5258514575185338,27.83857143,28.61,27.07,24.91,83.56285714285715,23.698571428571427,2.045714285714286
Ligao,2017,19,Hot Dry,0.8165076581941855,0.515123831404443,28.39428571,29.39,27.74,46.98,82.64,21.22142857142857,1.3628571428571428
Ligao,2017,20,Hot Dry,0.7299932570220654,0.5102929155101192,28.07571429,28.6,27.48,50.89,83.82857142857142,18.762857142857143,1.3642857142857143
Ligao,2017,21,Hot Dry,0.7630707424862423,0.526857660455623,28.65285714,28.82,28.34,7.92,82.99714285714286,23.08,1.58
Ligao,2017,22,Wet,0.7527497927270229,0.5965508332856743,27.68714286,29.3,26.7,82.57000000000001,84.87714285714286,16.56,1.6842857142857142
Ligao,2017,23,Wet,0.77111632003659,0.56273023622867,28.45428571,29.69,27.71,9.07,79.35142857142857,23.98,1.384285714285714
Ligao,2017,24,Wet,0.7623077746932376,0.5785210718641602,28.18142857,28.63,27.5,24.64,78.72714285714287,22.027142857142856,1.3071428571428572
Ligao,2017,26,Wet,0.6723162491032564,0.5662026794238747,27.81714286,28.51,27.29,46.11,80.16714285714285,19.148571428571422,1.147142857142857
Ligao,2017,27,Wet,0.5040887972518006,0.4101982349380982,27.14714286,27.53,26.88,72.2,84.40142857142857,15.604285714285714,1.758571428571429
Ligao,2017,28,Wet,0.5825185014908777,0.4108973521001671,27.61857143,28.35,26.76,94.92,80.39571428571428,17.622857142857143,1.167142857142857
Ligao,2017,29,Wet,0.7214619811280407,0.5133387182286092,26.83,27.55,26.35,99.54,86.82000000000001,14.578571428571427,2.067142857142857
Ligao,2017,30,Wet,0.6818310402835894,0.4650766336000254,27.57,28.09,27.01,32.27,86.97,20.08,2.795714285714286
Ligao,2017,31,Wet,0.8131213167576298,0.6333795284181707,28.14571429,28.94,27.2,26.47,81.46714285714286,21.81571428571429,1.31
Ligao,2017,32,Wet,0.7611547786241294,0.5584936240239227,27.89428571,28.54,26.74,43.23,82.91,19.527142857142856,1.6257142857142857
Ligao,2017,34,Wet,0.8089337579565319,0.580838050173194,27.08,28.13,25.85,92.47,84.41285714285713,15.521428571428572,2.1685714285714286
Ligao,2017,35,Wet,0.7950139420611493,0.6911594251165822,27.56428571,27.86,27.13,24.18,86.0442857142857,19.395714285714288,2.564285714285714
Ligao,2017,36,Wet,0.8338874950251685,0.5631402925322873,27.93428571,28.84,26.79,67.42,82.85142857142857,17.75,1.3257142857142856
Ligao,2017,37,Wet,0.6756386706337739,0.5008443311501449,27.44428571,28.81,26.23,66.18,83.57714285714285,16.28142857142857,1.9742857142857144
Ligao,2017,38,Wet,0.7837964371527738,0.492415842054432,27.39428571,28.25,26.87,77.02,85.10857142857142,17.942857142857143,1.5157142857142856
Ligao,2017,39,Wet,0.8223849727445904,0.6579257988808573,27.13285714,27.65,26.69,70.8,85.64285714285714,15.301428571428572,1.467142857142857
Ligao,2017,40,Cool Dry,0.2984284933232581,0.2371388283176813,27.31714286,27.74,26.85,85.08000000000001,88.0,13.53,2.7157142857142857
Ligao,2017,42,Cool Dry,0.8134930233679487,0.5341979689828721,27.09428571,28.17,26.2,106.46,86.97285714285714,12.797142857142855,2.29
Ligao,2017,43,Cool Dry,0.8280221152979341,0.5497514922197837,26.50428571,26.89,26.16,199.76,89.67428571428572,12.508571428571427,2.8685714285714283
Ligao,2017,44,Cool Dry,0.8007178490664325,0.5798721934100426,26.68285714,27.03,26.08,99.62,89.45428571428572,15.15,2.707142857142857
Ligao,2017,45,Cool Dry,0.7968160477265342,0.4960404938306958,26.68285714,27.02,26.26,88.17999999999999,89.37428571428572,13.945714285714288,2.442857142857143
Ligao,2017,46,Cool Dry,0.7573255363355734,0.597810694465233,26.90714286,27.01,26.66,64.77000000000001,87.39857142857143,15.412857142857144,3.1157142857142857
Ligao,2017,47,Cool Dry,0.822254388120529,0.529809081504651,26.88428571,27.06,26.73,56.78,87.88,15.507142857142856,2.91
Ligao,2017,48,Dry,0.7969071311667396,0.5111045494910953,27.12571429,27.71,26.63,59.3,85.04857142857144,15.45,1.72
Ligao,2017,50,Dry,0.6589443576488926,0.4878931803428991,25.88428571,26.81,23.98,428.1,90.28,7.378571428571428,3.768571428571428
Ligao,2017,51,Dry,0.7768416414018608,0.4293667136786554,26.31285714,26.64,25.82,119.22,89.89857142857143,12.631428571428572,3.262857142857143
Ligao,2017,51,Dry,0.7768416414018608,0.4293667136786554,26.0085714,26.44,25.68,33.1,84.30857143,17.17,3.137142857
Ligao,2017,52,Dry,0.8246863110655687,0.4836990722643582,26.05,26.68,25.44,99.7,86.88428571,14.05428571,2.847142857
Ligao,2018,1,Dry,0.6273048880767672,0.4587157914012375,25.4414286,26.27,24.62,24.74,84.63,17.02142857,2.147142857
Ligao,2018,2,Dry,0.5304379979890276,0.3749095679842272,25.7871429,26.23,25.17,130.83,87.28571429,15.15571429,3.121428571
Ligao,2018,3,Dry,0.5650018841953451,0.3055367508493971,25.67,26.05,25.27,98.85,85.44857143,15.81857143,2.938571429
Ligao,2018,4,Dry,0.7145093702785841,0.4290131705603412,26.0085714,26.33,25.56,56.13,87.33142857,17.14571429,2.498571429
Ligao,2018,5,Dry,0.7933665136427747,0.434363766,25.8171429,26.34,25.12,42.23,83.15714286,17.82285714,2.975714286
Ligao,2018,6,Dry,0.7595396900351209,0.4505566877301697,25.7771429,26.33,25.3,54.91,84.53142857,19.38285714,2.885714286
Ligao,2018,7,Dry,0.7921764677132022,0.4945830455845522,25.7942857,26.4,25.06,36.26,82.76428571,19.91285714,2.968571429
Ligao,2018,9,Dry,0.8307003463265663,0.4946242429460853,25.73,26.01,25.24,19.36,81.01857143,19.62428571,2.465714286
Ligao,2018,10,Hot Dry,0.8254883915698762,0.5070663898929765,26.1585714,26.64,25.65,27.89,81.94142857,20.27714286,2.64
Ligao,2018,11,Hot Dry,0.8045032962463282,0.5063343015781476,26.8614286,27.15,26.52,46.76,85.75,20.08,2.58
Ligao,2018,12,Hot Dry,0.7835589705072536,0.6358622572696626,27.0714286,27.66,26.67,22.24,81.97142857,22.11571429,2.401428571
Ligao,2018,13,Hot Dry,0.7051153172152116,0.4794132445219771,27.4871429,27.73,27.16,9.2,81.60714286,24.19285714,2.392857143
Ligao,2018,14,Hot Dry,0.7914572868109138,0.5859589655907433,27.6428571,27.88,27.44,34.06,84.00428571,19.48,2.38
Ligao,2018,15,Hot Dry,0.8007153324315894,0.5602453632443303,28.0757143,28.49,27.71,4.59,79.68714286,23.08142857,1.924285714
Ligao,2018,17,Hot Dry,0.7941957921503163,0.5733337001184959,27.85,28.22,27.47,16.06,82.41714286,21.52142857,1.87
Ligao,2018,18,Hot Dry,0.8013941417097372,0.5325668728587902,27.9828571,28.19,27.78,21.25,83.55571429,21.55,1.81
Ligao,2018,19,Hot Dry,0.7312229027717817,0.5105286383296314,27.8728571,28.14,27.5,42.31,84.21714286,18.79,1.785714286
Ligao,2018,20,Hot Dry,0.7606223254141842,0.4911137324136765,27.7871429,28.13,27.33,98.85,84.51285714,12.51285714,2.972857143
Ligao,2018,21,Hot Dry,0.560787499,0.4028282861423819,27.9228571,28.3,27.65,18.98,84.65285714,20.18428571,3.075714286
Ligao,2018,22,Wet,0.7591195856298373,0.5779883942780308,27.3757143,28.03,26.71,31.86,82.69142857,19.26285714,1.588571429
Ligao,2018,23,Wet,0.6053061195057354,0.4316004350941239,27.4657143,28.32,26.49,21.81,81.78857143,18.86428571,1.657142857
Ligao,2018,25,Wet,0.7539117901195725,0.5886048719630943,26.9371429,27.23,26.79,35.12,86.52571429,21.66428571,1.818571429
Ligao,2018,26,Wet,0.7031569679035534,0.5636993457602831,26.9757143,27.33,26.39,78.83,88.30714286,17.12714286,2.917142857
Ligao,2018,27,Wet,0.7228154315627132,0.5176923707535107,27.3057143,27.98,26.46,51.98,86.35285714,16.23571429,4.042857143
Ligao,2018,28,Wet,0.7187246978313032,0.5069381306882006,26.9942857,27.37,26.57,46.71,87.80285714,16.79428571,2.822857143
Ligao,2018,29,Wet,0.6513697625534738,0.4880517219674677,26.8642857,27.39,26.28,45.59,88.14571429,19.75571429,2.861428571
Ligao,2018,30,Wet,0.3868928563501309,0.3022220969221342,26.8528571,27.4,26.59,39.99,87.09571429,14.02571429,3.528571429
Ligao,2018,31,Wet,0.7917227158509149,0.5922047240815989,27.26,27.63,26.78,23.27,85.23428571,18.66714286,3.488571429
Ligao,2018,33,Wet,0.8024040837425118,0.6333182898177349,27.3328571,27.75,26.47,11.58,84.47142857,19.99142857,3.008571429
Ligao,2018,34,Wet,0.6386398092034468,0.5067727608382446,27.2557143,27.78,26.53,62.2,81.41857143,17.04571429,1.385714286
Ligao,2018,35,Wet,0.803500751,0.586487845,26.6314286,27.64,26.04,54.82,88.27142857,17.72142857,2.301428571
Ligao,2018,36,Wet,0.7956824263986333,0.6578242802373305,27.0128571,27.81,26.44,158.9,87.33428571,15.05428571,2.841428571
Ligao,2018,37,Wet,0.6799850646365497,0.5135031253154596,27.02,27.41,26.69,43.52,85.81571429,19.41142857,1.628571429
Ligao,2018,38,Wet,0.8187032673754288,0.4382364343774735,27.4085714,27.58,27.02,20.03,85.64285714,20.08428571,2.56
Ligao,2018,39,Wet,0.7939694198602084,0.5804424277641544,27.2171429,27.88,26.72,35.49,82.01714286,17.31714286,1.361428571
Ligao,2018,41,Cool Dry,0.8096937034459885,0.5592928927411854,27.0614286,27.29,26.82,12.95,84.82428571,20.33571429,2.081428571
Ligao,2018,42,Cool Dry,0.8138533446431865,0.5241975731922894,26.8928571,27.37,26.6,34.88,84.25571429,16.17142857,1.991428571
Ligao,2018,43,Cool Dry,0.7815090835315619,0.5723325843611876,26.5842857,27.19,25.93,16.0,81.08714286,18.66857143,2.692857143
Ligao,2018,44,Cool Dry,0.819132256,0.5706446033408004,26.9285714,27.69,25.17,15.86,83.20714286,18.29142857,2.64
Ligao,2018,45,Cool Dry,0.8257682025964534,0.4959180331019742,26.9171429,27.14,26.51,71.74,84.46571429,17.6,3.352857143
Ligao,2018,46,Cool Dry,0.8019634486165055,0.5438821948596679,26.4371429,26.79,26.22,34.31,84.53571429,18.34285714,2.768571429
Ligao,2018,47,Cool Dry,0.7942925344934711,0.5156041284243089,26.1071429,26.83,25.71,101.07,85.65571429,14.70857143,2.975714286
Ligao,2018,49,Dry,0.8123177462573361,0.5035061477635016,26.1585714,26.67,25.85,30.27,84.16857143,18.34428571,2.974285714
Ligao,2018,50,Dry,0.7728290137246728,0.594159412,26.7342857,26.98,26.55,25.48,84.61714286,17.07428571,3.135714286
Ligao,2018,51,Dry,0.701173965,0.3505001603428407,26.2657143,26.71,25.87,74.06,86.27,13.33142857,3.43
Ligao,2018,51,Dry,0.701173965,0.3505001603428407,26.2957143,26.62,25.54,87.47,88.43714286,14.52857143,2.254285714
Ligao,2018,52,Dry,0.7819543587050205,0.5119425894355656,25.7185714,26.16,25.3,228.79,88.73,10.63428571,3.041428571
Ligao,2018,52,Dry,0.7819543587050205,0.5119425894355656,25.99,26.43,25.61,81.43,92.0575,11.52,2.2375
Ligao,2019,1,Dry,0.7902754409840367,0.525662578,23.8371429,24.57,23.16,13.72,79.61285714,15.24571429,3.145714286
Ligao,2019,2,Dry,0.7819543587050205,0.5119425894355656,24.6342857,25.31,24.12,9.89,83.23,20.03285714,2.585714286
Ligao,2019,3,Dry,0.7884351876088667,0.5766713805066734,24.6471429,24.81,24.48,9.69,80.34285714,19.27714286,3.1
Ligao,2019,4,Dry,0.7913904574925856,0.5284889835566388,24.5428571,24.88,24.34,8.13,78.61428571,22.01714286,2.742857143
Ligao,2019,5,Dry,0.7849063478578415,0.4545213752926275,24.3614286,25.66,23.53,3.02,76.99571429,23.18285714,2.395714286
Ligao,2019,6,Dry,0.7521257327302944,0.4729598813401597,25.5528571,25.95,25.12,4.54,79.65714286,21.80428571,2.448571429
Ligao,2019,8,Dry,0.8029817495568123,0.4772836723266119,25.5,26.24,24.74,3.84,77.38714286,23.51285714,2.517142857
Ligao,2019,9,Dry,0.7763852929319889,0.4803313113014739,25.9257143,26.19,25.38,17.58,77.15428571,21.66285714,3.027142857
Ligao,2019,10,Hot Dry,0.764265666,0.4526684202687066,25.9857143,26.74,25.51,14.55,77.12571429,21.12142857,2.8
Ligao,2019,11,Hot Dry,0.680900585,0.4865158520247766,26.6685714,27.68,25.98,3.91,76.18,24.42714286,2.721428571
Ligao,2019,12,Hot Dry,0.7022506983272698,0.4652645505235085,27.5114286,28.06,26.85,45.66,81.74571429,22.84,2.528571429
Ligao,2019,13,Hot Dry,0.6771669338472863,0.5066873761296985,27.8757143,28.18,27.53,4.52,76.06714286,26.14428571,2.175714286
Ligao,2019,14,Hot Dry,0.6721586927941242,0.4919767131959525,27.5271429,27.81,27.13,13.71,74.03,24.80857143,2.852857143
Ligao,2019,16,Hot Dry,0.666014368,0.4534331276044722,28.6971429,29.48,27.67,11.72,72.34285714,24.47714286,1.648571429
Ligao,2019,17,Hot Dry,0.6659102747301883,0.4728841852510264,28.7471429,30.03,28.07,58.07,80.47571429,21.18285714,1.505714286
Ligao,2019,18,Hot Dry,0.665398655,0.4702055021117872,29.9657143,30.61,29.26,6.12,71.71,24.01714286,1.387142857
Ligao,2019,19,Hot Dry,0.6493270085415936,0.4946092778388444,28.7157143,29.85,27.37,40.41,78.66714286,18.84428571,1.27
Ligao,2019,20,Hot Dry,0.5216121013716594,0.3339946475867724,28.2557143,28.46,27.86,14.54,82.40428571,22.42285714,1.915714286
Ligao,2019,21,Hot Dry,0.7425236010666507,0.5238184138674127,28.31,28.91,27.98,58.5,82.91714286,22.31428571,2.07
Ligao,2019,22,Wet,0.7852280540713541,0.5165203570840433,28.9157143,29.52,28.17,18.8,82.13714286,21.99142857,1.724285714
Ligao,2019,24,Wet,0.7635802031686928,0.5374369776930051,29.3114286,29.78,28.9,12.58,77.83571429,22.58857143,1.681428571
Ligao,2019,25,Wet,0.7927085069424836,0.4691310868300177,27.4971429,27.89,27.09,93.58,86.39,15.70285714,2.724285714
Ligao,2019,26,Wet,0.7556564375793613,0.5851531958499189,27.6685714,28.29,26.81,31.67,82.04571429,19.76571429,1.785714286
Ligao,2019,27,Wet,0.7765574867720659,0.5506655922630656,27.7957143,29.26,26.68,33.88,81.49428571,19.64142857,1.374285714
Ligao,2019,28,Wet,0.8270584099594634,0.6425698248384152,27.6928571,28.57,26.27,78.07,82.60285714,14.45571429,2.971428571
Ligao,2019,29,Wet,0.5822077661377737,0.4201088600346112,27.36,28.4,26.25,67.15,86.41428571,17.36,1.775714286
Ligao,2019,30,Wet,0.6107084221916592,0.5630739081427579,26.6257143,26.91,26.3,93.97,87.33285714,15.32,3.32
Ligao,2019,32,Wet,0.7691977524016296,0.5893440088980576,27.6914286,28.07,27.04,15.73,85.15,15.03,4.795714286
Ligao,2019,33,Wet,0.759184818,0.65579983,27.7214286,28.07,27.26,5.91,85.71142857,21.32571429,2.864285714
Ligao,2019,34,Wet,0.655421935,0.5326451127529689,26.8828571,27.59,26.17,72.04,87.08,12.65714286,2.842857143
Ligao,2019,35,Wet,0.7268788790600814,0.5040888986560813,26.7628571,27.69,26.02,85.67,86.35,14.58857143,2.262857143
Ligao,2019,36,Wet,0.4512578108445263,0.3352517219044585,27.1957143,27.56,26.52,27.97,86.09285714,19.71571429,2.617142857
Ligao,2019,37,Wet,0.7468851664295021,0.574683336,26.6785714,27.19,25.87,90.26,88.88857143,14.97,2.824285714
Ligao,2019,38,Wet,0.7857862761652263,0.5163327427368176,27.1185714,27.5,26.91,36.48,86.69571429,15.16571429,3.362857143
Ligao,2019,40,Wet,0.812556211,0.5805072816038994,27.7128571,28.48,27.25,10.66,81.97428571,20.39142857,1.475714286
Ligao,2019,41,Cool Dry,0.8066112114630478,0.5549109669600424,27.5171429,28.23,27.04,26.05,81.63571429,20.03285714,1.367142857
Ligao,2019,42,Cool Dry,0.8355140234340186,0.5058056199832542,27.0928571,27.45,26.7,27.87,80.98571429,17.99571429,2.228571429
Ligao,2019,43,Cool Dry,0.80335652,0.4861549125155138,27.2342857,27.78,26.64,29.63,82.64714286,19.45142857,2.208571429
Ligao,2019,44,Cool Dry,0.6010780911706763,0.3542262889088031,27.3142857,27.6,26.61,56.18,83.76857143,18.36857143,2.305714286
Ligao,2019,45,Cool Dry,0.7915263473576284,0.458708692,26.6414286,27.26,26.17,78.8,88.57142857,14.05285714,1.947142857
Ligao,2019,46,Cool Dry,0.7590034310543102,0.5231797830957147,27.16,27.4,26.95,17.63,86.37428571,18.18,1.995714286
Ligao,2019,48,Cool Dry,0.7951568363612955,0.4764541893780603,26.2714286,26.63,25.85,124.0,89.25714286,9.832857143,2.14
Ligao,2019,49,Dry,0.6528145966581022,0.3872072511088241,26.8742857,27.5,26.51,41.48,87.03142857,16.29857143,1.71
Ligao,2019,50,Dry,0.667471323,0.4111491083297504,26.3342857,26.97,25.45,49.51,83.96,15.03,3.394285714
Ligao,2019,51,Dry,0.7408106655915762,0.4730793085769947,26.6514286,27.26,25.95,211.78,87.06,13.11428571,3.451428571
Ligao,2019,51,Dry,0.7408106655915762,0.4730793085769947,25.9857143,26.49,25.48,45.74,88.23142857,15.17571429,2.454285714
Ligao,2019,52,Dry,0.7159666945803869,0.4969507049884593,26.25,26.5,25.77,54.3,88.44142857,13.55857143,3.015714286
Ligao,2019,52,Dry,0.7159666945803869,0.4969507049884593,24.73,25.21,24.2,94.26,85.054,12.07,4.578
Ligao,2020,1,Dry,0.7461673755031912,0.4659597737292657,25.0557143,26.04,23.6,49.68,84.76,15.97714286,3.197142857
Ligao,2020,2,Dry,0.7673994781284166,0.4697285619576521,24.7314286,25.39,24.02,9.72,81.87,20.37857143,3.058571429
Ligao,2020,3,Dry,0.7701584213335207,0.5297866147417986,24.93,25.3,24.4,91.8,83.63571429,17.88857143,4.097142857
Ligao,2020,4,Dry,0.7378340044581837,0.5083621290901934,25.2357143,25.45,25.02,14.87,81.66714286,19.83428571,3.198571429
Ligao,2020,5,Dry,0.7762845577151061,0.524449104,25.6985714,26.99,24.9,99.27,85.38142857,18.11,2.408571429
Ligao,2020,7,Dry,0.7914004057955341,0.5254157904054991,26.1257143,26.98,25.65,1.29,80.69857143,24.52857143,2.145714286
Ligao,2020,8,Dry,0.7744161652159477,0.6078110273115527,26.1057143,26.61,25.65,72.59,83.81,20.27714286,2.588571429
Ligao,2020,9,Dry,0.8051321773142937,0.5342031679663476,25.88,26.37,25.3,20.11,81.93857143,25.01857143,2.887142857
Ligao,2020,10,Hot Dry,0.8038816343866064,0.6076272020034224,26.5357143,26.81,26.17,13.18,81.96142857,24.22428571,2.628571429
Ligao,2020,11,Hot Dry,0.7897503586208061,0.5221591956656066,26.6928571,27.88,25.83,2.84,79.84285714,24.07142857,1.891428571
Ligao,2020,12,Hot Dry,0.7864266844234964,0.5403683214152645,27.7157143,28.03,27.45,11.21,79.94142857,21.04714286,2.247142857
Ligao,2020,13,Hot Dry,0.7373889260191718,0.5281472534469205,27.7585714,27.91,27.63,21.76,82.43714286,24.01285714,2.687142857
Ligao,2020,15,Hot Dry,0.7483448927179397,0.5460435194649077,27.7857143,28.12,27.5,46.52,81.05571429,21.28571429,2.837142857
Ligao,2020,16,Hot Dry,0.6756281198109095,0.475671317,28.7928571,29.28,28.47,15.73,80.09428571,25.18857143,2.067142857
Ligao,2020,17,Hot Dry,0.7375784129339942,0.4775779415297487,28.0271429,28.58,27.21,145.53,84.91714286,18.52428571,2.677142857
Ligao,2020,18,Hot Dry,0.71122954,0.5212508511419583,28.9771429,29.42,28.51,8.5,79.99714286,23.45428571,1.47
Ligao,2020,19,Hot Dry,0.7152414122878534,0.563488253,28.7428571,29.38,27.76,26.5,79.71714286,25.22,1.63
Ligao,2020,20,Hot Dry,0.7600843882952175,0.5642903605771246,28.6714286,29.1,27.99,10.73,77.33714286,24.10857143,1.595714286
Ligao,2020,21,Hot Dry,0.7569946104782126,0.558892421,27.3685714,28.29,26.53,154.68,85.73142857,14.89857143,2.752857143
Ligao,2020,23,Wet,0.739074856,0.4899721620287022,27.83,28.36,26.97,26.33,82.57714286,21.88285714,1.722857143
Ligao,2020,24,Wet,0.7655666209609585,0.6001375138485128,27.5785714,29.1,26.12,36.17,84.53,19.83857143,1.88
Ligao,2020,25,Wet,0.8081576914073427,0.6004429297859089,27.5671429,28.4,26.85,31.29,80.35428571,21.25714286,1.595714286
Ligao,2020,26,Wet,0.7576988192850295,0.5923843389919642,28.0442857,29.17,27.23,28.71,80.81571429,20.24428571,1.261428571
Ligao,2020,27,Wet,0.5924035484716147,0.3859229578507867,27.81,28.5,27.0,37.81,81.92571429,20.21,1.811428571
Ligao,2020,28,Wet,0.7967483400672294,0.6415961570087577,27.6657143,28.09,26.91,35.71,82.67571429,18.86285714,1.62
Ligao,2020,29,Wet,0.6384766086669945,0.4900707887224502,27.2457143,28.29,26.17,83.18,84.12571429,14.13571429,1.634285714
Ligao,2020,31,Wet,0.8296931889001555,0.6284146920409368,27.1071429,27.79,26.5,93.87,86.89571429,16.06285714,2.495714286
Ligao,2020,32,Wet,0.5190454538883765,0.4397894914626529,27.4114286,27.94,26.87,56.16,82.63142857,16.53142857,1.405714286
Ligao,2020,33,Wet,0.7402517823615816,0.6242730628048156,27.5585714,28.16,26.32,64.86,82.76428571,18.92,1.278571429
Ligao,2020,34,Wet,0.5948157277862091,0.4494505667192451,27.6014286,27.94,27.25,22.11,86.03428571,17.98714286,2.251428571
Ligao,2020,35,Wet,0.8034208733702815,0.5667566718798395,28.2342857,29.26,27.63,8.02,81.34714286,20.64142857,1.551428571
Ligao,2020,36,Wet,0.8144110794040317,0.5825712611479411,28.0185714,28.52,27.46,29.55,81.77142857,17.73285714,1.228571429
Ligao,2020,37,Wet,0.7688364906586168,0.5193145940927866,27.23,27.89,26.31,103.27,86.26571429,16.61428571,2.084285714
Ligao,2020,39,Wet,0.7097291888262817,0.5052217565819936,27.7214286,28.42,26.93,75.27,84.79142857,17.33857143,1.482857143
Ligao,2020,40,Wet,0.8249521803234311,0.5577317540048208,28.0885714,28.3,27.75,61.09,81.06142857,19.01,1.091428571
Ligao,2020,41,Cool Dry,0.7081578961254829,0.5778765914658958,27.4028571,28.31,26.6,108.33,85.66142857,13.67,1.45
Ligao,2020,42,Cool Dry,0.8041068588969436,0.5822058957610221,27.1271429,27.74,26.32,106.66,86.12714286,16.31857143,1.805714286
Ligao,2020,43,Cool Dry,0.3345504703590096,0.2636985020775389,27.0228571,27.55,26.33,205.05,90.14142857,12.98571429,2.137142857
Ligao,2020,44,Cool Dry,0.5877272153437253,0.3900261418708312,26.9557143,27.6,26.27,154.55,87.94857143,15.03571429,2.63
Ligao,2020,45,Cool Dry,0.6683398732581609,0.3913535519517356,26.6585714,26.94,26.4,139.82,89.35571429,12.83714286,1.997142857
Ligao,2020,47,Cool Dry,0.610551961,0.3685145584281992,26.63,27.1,26.2,154.95,90.23571429,13.41857143,2.9
Ligao,2020,48,Cool Dry,0.689085696,0.4607450578846379,26.6842857,27.07,26.28,48.4,86.98285714,17.07285714,2.527142857
Ligao,2020,49,Dry,0.7396214535308924,0.477038714221803,26.3871429,26.85,25.84,92.65,86.10428571,13.6,3.192857143
Ligao,2020,50,Dry,0.7824601383744134,0.4836610127208548,26.4542857,26.97,26.17,123.9,90.31714286,10.95714286,2.24
Ligao,2020,51,Dry,0.6772170731799358,0.4875294439062849,26.6314286,26.8,26.41,139.9,90.21428571,14.32428571,2.211428571
Ligao,2020,51,Dry,0.6772170731799358,0.4875294439062849,25.9,26.77,24.88,124.49,89.80285714,12.93428571,2.045714286
Ligao,2020,52,Dry,0.6816310492979039,0.450388274,26.2171429,26.45,25.93,208.6,89.07,10.64857143,3.5
Ligao,2020,52,Dry,0.6816310492979039,0.450388274,24.91,25.83,23.76,43.78,84.3,15.73142857,3.442857143
Ligao,2021,1,Dry,0.6841510146185762,0.5082300541833643,25.68,27.22,24.77,184.51,88.89,13.83857143,2.238571429
Ligao,2021,2,Dry,0.7836895259969352,0.5119768920228254,24.2042857,25.1,22.59,44.52,82.98571429,16.35,3.59
Ligao,2021,4,Dry,0.7906319158797365,0.5496604245043037,26.2071429,26.91,25.4,59.42,86.20285714,17.87,2.192857143
Ligao,2021,5,Dry,0.8371092447581859,0.5066072456923766,25.7885714,25.98,25.55,17.58,83.52142857,22.12285714,2.847142857
Ligao,2021,6,Dry,0.7790072791338559,0.5074151004203996,25.8557143,26.06,25.6,168.76,84.64285714,14.81,3.197142857
Ligao,2021,7,Dry,0.8386363664842993,0.5360724655631959,26.8585714,27.15,26.35,28.1,85.96857143,21.23285714,1.92
Ligao,2021,8,Dry,0.7442208764622823,0.542809609,26.5585714,26.84,26.27,49.23,85.44142857,19.99,2.952857143
Ligao,2021,9,Hot Dry,0.7727094441908604,0.6370979189546683,26.7728571,26.97,26.34,6.45,81.72714286,23.61285714,2.568571429
Ligao,2021,10,Hot Dry,0.8081829725637802,0.6165894746349218,26.4828571,26.79,26.07,4.32,79.84,22.22428571,2.591428571
Ligao,2021,12,Hot Dry,0.7730647141706787,0.6330183394084591,27.0214286,27.4,25.97,117.82,83.33428571,17.86142857,2.821428571
Ligao,2021,13,Hot Dry,0.7808342189063511,0.5333436509054134,27.0871429,27.67,25.71,102.95,84.73571429,14.85857143,3.087142857
Ligao,2021,14,Hot Dry,0.7856556147951288,0.524574455,26.6742857,27.51,25.71,3.9,79.16857143,23.89571429,1.934285714
Ligao,2021,15,Hot Dry,0.7533817864169201,0.5266122249401509,27.54,27.97,27.18,40.09,85.70285714,20.89,2.858571429
Ligao,2021,16,Hot Dry,0.7845283859098022,0.5404046148317762,27.7785714,28.06,27.58,31.55,85.62285714,21.92142857,2.46
Ligao,2021,17,Hot Dry,0.7307246289061293,0.5668123523850184,27.9228571,28.56,27.6,38.83,83.95714286,21.41714286,1.877142857
Ligao,2021,18,Hot Dry,0.7032616473762914,0.5690070494864075,28.4028571,29.17,27.63,13.79,82.27571429,22.86714286,1.53
Ligao,2021,20,Hot Dry,0.7316293663627758,0.5031891934030661,28.2657143,29.43,27.02,46.29,84.32142857,18.95857143,2.14
Ligao,2021,21,Hot Dry,0.6500484107159875,0.524005217,27.0957143,28.06,26.55,71.16,85.09,14.56571429,1.554285714
Ligao,2021,22,Wet,0.8031079076421036,0.613506659,28.1414286,29.03,27.63,10.68,82.42571429,23.27857143,1.601428571
Ligao,2021,23,Wet,0.7906995024225316,0.6071419059569589,27.5157143,28.11,26.96,23.87,83.31285714,19.25857143,1.581428571
Ligao,2021,24,Wet,0.7749504847576466,0.5513197909779315,28.0428571,28.97,27.02,44.82,80.00285714,20.31714286,1.211428571
Ligao,2021,25,Wet,0.8039425167203261,0.6383281768164519,27.1042857,27.55,26.58,52.52,86.43714286,18.97,2.135714286
Ligao,2021,26,Wet,0.7567402337620736,0.606937941,27.3671429,27.63,27.18,60.91,86.20571429,17.83857143,2.02
Ligao,2021,28,Wet,0.7743497786361246,0.5580785141939191,27.5914286,27.86,27.35,64.62,86.36285714,13.70857143,4.785714286
Ligao,2021,29,Wet,0.8164697727411104,0.5931218145169563,27.9871429,28.07,27.87,17.77,85.60285714,19.61285714,3.938571429
Ligao,2021,30,Wet,0.8113918809792563,0.6056466962628843,28.0957143,28.33,27.86,10.16,85.50857143,20.52428571,3.445714286
Ligao,2021,31,Wet,0.6744250271678585,0.5569798539381883,27.5614286,29.44,25.84,41.31,81.91714286,17.47142857,1.307142857
Ligao,2021,32,Wet,0.7558650672406084,0.5682260163420226,27.8442857,28.75,27.12,52.92,80.66,18.88428571,1.187142857
Ligao,2021,33,Wet,0.8373283727153717,0.5419331939657094,27.1257143,27.55,26.63,75.23,84.60714286,18.19,1.732857143
Ligao,2021,34,Wet,0.8017325004337571,0.7158251536944736,27.2128571,27.95,26.5,51.4,83.57714286,18.41142857,1.29
Ligao,2021,36,Wet,0.5893257746425821,0.4597706337553837,27.03,27.43,26.76,118.11,88.80714286,15.35285714,2.395714286
Ligao,2021,37,Wet,0.7152942338362231,0.5619715741165806,27.0185714,27.59,26.59,63.83,86.20285714,17.57428571,1.667142857
Ligao,2021,38,Wet,0.5326744537741879,0.3974863699748989,27.3185714,28.47,26.87,47.07,85.43428571,19.28285714,1.594285714
Ligao,2021,39,Wet,0.4297207230806487,0.3350808324924753,27.6342857,27.99,27.13,63.95,86.17714286,16.68285714,1.49
Ligao,2021,40,Cool Dry,0.8069241129841589,0.5082180756916453,27.0271429,27.45,26.6,139.45,88.55142857,10.92571429,2.58
Ligao,2021,41,Cool Dry,0.8367692571033019,0.5274762224859356,27.1371429,28.03,26.54,83.16,87.24285714,14.62571429,2.338571429
Ligao,2021,42,Cool Dry,0.818922691,0.4941267208306825,26.7371429,27.28,26.31,108.86,90.03142857,11.85428571,2.287142857
Ligao,2021,44,Cool Dry,0.7162234192382234,0.515919335,26.6214286,26.81,26.29,56.94,85.80142857,16.47857143,2.775714286
Ligao,2021,45,Cool Dry,0.7458860577782255,0.4953803182877468,26.9328571,27.2,26.54,84.86,87.80857143,15.41571429,2.672857143
Ligao,2021,46,Cool Dry,0.7858510160615835,0.5927104944224585,26.9071429,27.45,26.52,98.07,90.35428571,14.27,2.694285714
Ligao,2021,47,Cool Dry,0.6817270630817804,0.4919356482658379,26.9985714,27.64,26.23,54.9,86.49285714,15.08857143,2.001428571
Ligao,2021,48,Dry,0.7924949220497576,0.5321673619268451,26.7614286,27.11,26.32,125.27,89.26714286,15.49571429,2.634285714
Ligao,2021,49,Dry,0.7572405536291867,0.4929713580558189,25.9671429,27.41,24.29,48.55,84.42428571,15.21285714,2.884285714
Ligao,2021,50,Dry,0.7939210695714249,0.5751550822600996,25.6142857,26.48,24.73,128.06,87.89428571,11.66285714,3.794285714
Ligao,2021,52,Dry,0.7871780635151514,0.5768059695405242,26.14,26.72,25.18,84.81,90.40428571,10.10714286,3.498571429
Ligao,2021,53,Dry,0.6175799208969787,0.461193133451092,25.5628571,26.11,24.78,114.54,87.42714286,14.28428571,3.321428571
Ligao,2022,1,Dry,0.808161997,0.472727168,24.82142859999999,25.519999999999982,24.339999999999975,17.49,84.20428571,16.93857143,2.887142857
Ligao,2022,2,Dry,0.654196944,0.441842433,27.304074199999974,27.789184299999988,26.80108759999999,66.13170695,83.66242879,17.6666066,3.449504748
Ligao,2022,3,Dry,0.838105088,0.483008049,24.93999999999997,25.43999999999997,24.159999999999968,83.28,85.26142857,13.89714286,2.945714286
Ligao,2022,4,Dry,0.812674399,0.523735916,25.96285709999998,26.569999999999965,25.589999999999975,93.84,88.78285714,16.00857143,2.285714286
Ligao,2022,5,Dry,0.810873865,0.641556019,25.30142859999998,25.609999999999985,24.809999999999974,106.58,88.85571429,12.90857143,3.31
Ligao,2022,6,Dry,0.652248765,0.493093689,25.327142899999984,25.659999999999968,25.049999999999983,62.16,86.18857143,15.56714286,3.137142857
Ligao,2022,7,Dry,0.797211185,0.62292702,25.55428569999998,26.24999999999997,24.849999999999966,24.7,84.73142857,18.89142857,2.421428571
Ligao,2022,8,Dry,0.545606971,0.385025242,25.435714299999972,25.75999999999999,25.20999999999998,101.36,86.64,15.86142857,3.472857143
Ligao,2022,9,Hot Dry,0.812612752,0.555713115,25.83428569999998,26.21999999999997,25.139999999999986,59.53,86.74142857,18.75571429,3.054285714
Ligao,2022,10,Hot Dry,0.654196944,0.441842433,27.304074199999974,27.789184299999988,26.80108759999999,66.13170695,83.66242879,17.6666066,3.449504748
Ligao,2022,11,Hot Dry,0.813198532,0.561850708,26.941428599999966,27.639999999999986,26.43999999999997,32.97,87.33,21.92,1.862857143
Ligao,2022,12,Hot Dry,0.781833763,0.548946955,26.738571399999984,27.149999999999977,26.23999999999998,14.6,85.49428571,23.08142857,2.448571429
Ligao,2022,13,Hot Dry,0.490291295,0.37641769,26.61857139999998,26.859999999999985,26.18999999999997,51.59,84.16428571,22.74142857,2.865714286
Ligao,2022,14,Hot Dry,0.74157331,0.54881644,26.402857099999977,26.769999999999982,25.98999999999998,208.25,89.04571429,12.39857143,2.76
Ligao,2022,15,Hot Dry,0.812977053,0.577306964,26.627142899999967,27.369999999999976,25.75999999999999,107.07,85.27571429,18.10285714,1.92
Ligao,2022,16,Hot Dry,0.806990647,0.589732218,26.818571399999968,27.329999999999984,26.069999999999965,30.33,85.24142857,22.26,2.53
Ligao,2022,17,Hot Dry,0.828755698,0.557953483,27.04428569999999,27.329999999999984,26.73999999999998,63.82,87.81571429,19.59714286,2.29
Ligao,2022,18,Hot Dry,0.654196944,0.441842433,27.304074199999974,27.789184299999988,26.80108759999999,66.13170695,83.66242879,17.6666066,3.449504748
Ligao,2022,19,Hot Dry,0.813622416,0.557324799,27.705714299999983,28.379999999999967,27.17999999999998,33.1,82.23571429,22.56571429,2.07
Ligao,2022,20,Hot Dry,0.80039427,0.50862838,27.357142899999985,27.96999999999997,26.95999999999998,42.77,85.42142857,19.75285714,1.514285714
Ligao,2022,21,Hot Dry,0.816187432,0.562987421,27.954285699999986,28.399999999999977,26.45999999999998,32.77,82.54285714,22.06857143,1.402857143
Ligao,2022,22,Wet,0.794939047,0.622624235,27.484285699999987,28.25999999999999,26.49999999999997,51.03,83.41142857,20.69142857,1.54
Ligao,2022,23,Wet,0.763593333,0.59186518,28.067142899999965,28.529999999999973,27.45999999999998,38.37,80.25571429,21.96714286,1.184285714
Ligao,2022,24,Wet,0.772159982,0.552123475,27.698571399999963,28.21999999999997,26.849999999999966,24.96,83.51142857,23.21142857,1.6
Ligao,2022,25,Wet,0.600055179,0.453360742,27.401428599999974,27.869999999999976,26.789999999999964,63.26,83.59,18.46142857,1.691428571
Ligao,2022,26,Wet,0.654196944,0.441842433,27.304074199999974,27.789184299999988,26.80108759999999,66.13170695,83.66242879,17.6666066,3.449504748
Ligao,2022,27,Wet,0.78186562,0.553199275,27.514285699999988,28.059999999999974,27.039999999999964,63.28,84.5,18.68571429,1.258571429
Ligao,2022,28,Wet,0.843614532,0.591400502,27.701428599999986,28.71999999999997,26.97999999999999,46.61,85.69571429,19.50142857,1.337142857
Ligao,2022,29,Wet,0.739983826,0.558666875,27.70714289999998,28.019999999999982,27.309999999999974,65.9,84.34142857,18.62285714,1.63
Ligao,2022,30,Wet,0.712090632,0.509432084,27.662857099999968,28.19999999999999,26.99999999999997,55.48,86.43857143,16.59714286,2.017142857
Ligao,2022,31,Wet,0.467413689,0.369833614,26.74285709999998,27.919999999999987,26.049999999999983,102.48,86.25,15.81428571,1.577142857
Ligao,2022,32,Wet,0.65242288,0.507919585,27.921428599999984,28.379999999999967,27.399999999999977,77.45,79.75428571,19.36857143,0.935714286
Ligao,2022,33,Wet,0.802211754,0.685703921,27.525714299999976,28.43999999999997,26.94999999999999,37.96,83.13285714,14.84571429,1.612857143
Ligao,2022,34,Wet,0.654196944,0.441842433,27.304074199999974,27.789184299999988,26.80108759999999,66.13170695,83.66242879,17.6666066,3.449504748
Ligao,2022,35,Wet,0.682864848,0.498978174,27.812857099999974,28.94999999999999,27.399999999999977,34.81,85.92571429,18.76,2.125714286
Ligao,2022,36,Wet,0.725759328,0.528234192,27.431428599999975,27.879999999999967,26.74999999999997,34.8,85.23857143,20.41428571,1.498571429
Ligao,2022,37,Wet,0.534104084,0.406742988,27.48999999999998,27.799999999999983,26.799999999999983,24.57,86.54285714,20.45,2.964285714
Ligao,2022,38,Wet,0.534024758,0.413635572,27.03142859999997,27.369999999999976,26.73999999999998,65.62,87.00714286,15.27428571,2.232857143
Ligao,2022,39,Wet,0.835204136,0.540541455,26.924285699999984,27.419999999999987,26.669999999999987,59.07,87.66571429,17.40571429,1.858571429
Ligao,2022,40,Cool Dry,0.638911509,0.443381981,27.02142859999998,27.409999999999968,26.809999999999974,49.62,87.22714286,19.67857143,2.22
Ligao,2022,41,Cool Dry,0.82158117,0.510145004,27.47285709999997,27.95999999999998,27.17999999999998,37.41,87.59571429,18.33714286,2.398571429
Ligao,2022,42,Cool Dry,0.654196944,0.441842433,27.304074199999974,27.789184299999988,26.80108759999999,66.13170695,83.66242879,17.6666066,3.449504748
Ligao,2022,43,Cool Dry,0.813752585,0.518505004,27.484285699999987,27.899999999999977,27.079999999999984,220.41,89.13,10.95428571,3.421428571
Ligao,2022,44,Cool Dry,0.784360045,0.555575472,27.048571399999986,27.42999999999998,26.599999999999966,52.14,88.58142857,15.97142857,2.137142857
Ligao,2022,45,Cool Dry,0.719353236,0.508686664,26.938571399999972,27.129999999999967,26.72999999999999,65.45,90.57285714,14.72571429,2.357142857
Ligao,2022,46,Cool Dry,0.775386134,0.539524506,26.49714289999997,27.269999999999982,25.97999999999999,240.1,89.92285714,9.098571429,2.735714286
Ligao,2022,47,Cool Dry,0.795759454,0.503950813,26.809999999999974,27.24999999999997,26.119999999999976,44.97,87.44285714,17.41857143,2.611428571
Ligao,2022,48,Dry,0.810621491,0.477680281,26.889999999999986,27.129999999999967,26.629999999999967,77.98,87.42,13.81428571,2.94
Ligao,2022,49,Dry,0.654196944,0.441842433,27.304074199999974,27.789184299999988,26.80108759999999,66.13170695,83.66242879,17.6666066,3.449504748
Ligao,2022,50,Dry,0.654196944,0.441842433,27.304074199999974,27.789184299999988,26.80108759999999,66.13170695,83.66242879,17.6666066,3.449504748
Ligao,2022,51,Dry,0.479442116,0.277871797,24.914285699999965,25.73999999999998,23.409999999999968,245.11,88.52,8.238571429,3.577142857
Ligao,2022,52,Dry,0.830604772,0.490853834,25.144999999999982,26.309999999999974,23.48999999999998,85.04,89.72,13.125,2.97
Ligao,2023,1,Dry,0.654196944,0.441842433,27.304074199999974,27.789184299999988,26.80108759999999,66.13170695,83.66242879,17.6666066,3.449504748
Ligao,2023,2,Dry,0.318959824,0.253250501,24.89857139999998,25.419999999999987,24.569999999999965,254.05,91.55571429,9.33,2.731428571
Ligao,2023,3,Dry,0.353131127,0.234824486,25.624285699999973,25.919999999999987,25.269999999999982,230.42,91.41857143,8.831428571,3.247142857
Ligao,2023,4,Dry,0.772606819,0.551473834,24.889999999999986,25.789999999999964,24.329999999999984,125.65,87.96142857,11.19714286,3.798571429
Ligao,2023,5,Dry,0.830973844,0.52352756,25.374285699999973,25.97999999999999,24.649999999999977,87.52,88.38714286,14.25142857,3.54
Ligao,2023,6,Dry,0.818126802,0.55280149,25.318571399999968,25.869999999999976,24.94999999999999,33.74,85.63571429,17.55857143,2.957142857
Ligao,2023,7,Dry,0.654196944,0.441842433,27.304074199999974,27.789184299999988,26.80108759999999,66.13170695,83.66242879,17.6666066,3.449504748
Ligao,2023,8,Dry,0.807467367,0.542523409,26.279999999999973,26.569999999999965,25.909999999999968,41.7,86.62285714,16.52428571,1.992857143
Ligao,2023,9,Dry,0.654196944,0.441842433,27.304074199999974,27.789184299999988,26.80108759999999,66.13170695,83.66242879,17.6666066,3.449504748
Ligao,2023,10,Hot Dry,0.807185755,0.527690404,24.90571429999997,25.19999999999999,24.619999999999976,5.99,81.79142857,22.12285714,2.8
Ligao,2023,11,Hot Dry,0.763092733,0.588343516,25.42571429999998,25.95999999999998,24.659999999999968,43.19,84.27714286,18.88285714,2.75
Ligao,2023,12,Hot Dry,0.791207976,0.506462103,26.087142899999975,27.019999999999982,24.359999999999985,12.0,82.92714286,22.98428571,2.32
Ligao,2023,13,Hot Dry,0.739673942,0.554091132,26.56428569999997,26.74999999999997,26.369999999999976,16.33,83.24285714,21.37,2.344285714
Ligao,2023,14,Hot Dry,0.754523834,0.565824705,26.045714299999986,26.69999999999999,25.24999999999997,23.96,80.59,22.09285714,2.574285714
Ligao,2023,15,Hot Dry,0.766744966,0.497666867,27.157142899999968,28.20999999999998,26.159999999999968,70.26,82.99142857,17.81285714,1.785714286
Ligao,2023,16,Hot Dry,0.757296443,0.570817505,27.84857139999997,28.129999999999967,27.46999999999997,10.86,83.47428571,22.56571429,1.771428571
Ligao,2023,17,Hot Dry,0.654196944,0.441842433,27.304074199999974,27.789184299999988,26.80108759999999,66.13170695,83.66242879,17.6666066,3.449504748
Ligao,2023,18,Hot Dry,0.621239894,0.418570003,27.85428569999999,28.839999999999975,27.109999999999985,83.71,84.26714286,19.52,2.33
Ligao,2023,19,Hot Dry,0.791326193,0.598737558,28.278571399999976,28.68999999999997,27.98999999999998,5.65,80.13571429,22.35,1.752857143
Ligao,2023,20,Hot Dry,0.746452875,0.607898902,28.93999999999997,29.779999999999973,28.529999999999973,24.65,78.57142857,20.50857143,1.255714286
Ligao,2023,21,Hot Dry,0.779621044,0.547345553,29.19285709999997,29.829999999999984,28.47999999999999,33.27,76.55428571,22.27285714,1.648571429
Ligao,2023,22,Wet,0.80930017,0.550177243,28.498571399999975,29.079999999999984,28.029999999999973,47.99,84.19142857,18.40857143,3.55
Ligao,2023,23,Wet,0.769243696,0.613310855,28.444285699999966,28.899999999999977,27.94999999999999,30.51,81.11714286,21.19857143,1.774285714
Ligao,2023,24,Wet,0.554050133,0.352272985,28.282857099999973,28.789999999999964,27.829999999999984,12.1,82.78428571,21.90428571,1.781428571
Ligao,2023,25,Wet,0.654196944,0.441842433,27.304074199999974,27.789184299999988,26.80108759999999,66.13170695,83.66242879,17.6666066,3.449504748
Ligao,2023,26,Wet,0.771180315,0.576226978,27.81142859999997,28.619999999999976,27.129999999999967,48.32,84.50714286,19.07571429,1.422857143
Ligao,2023,27,Wet,0.703836693,0.510015946,28.037142899999964,28.43999999999997,27.74999999999997,22.42,84.67428571,20.94285714,1.747142857
Ligao,2023,28,Wet,0.822462398,0.600157461,27.83142859999998,28.819999999999965,27.139999999999986,72.61,85.42285714,16.30428571,3.2
Ligao,2023,29,Wet,0.628321917,0.464646286,27.767142899999982,29.079999999999984,27.20999999999998,84.32,84.82285714,17.25428571,1.727142857
Ligao,2023,30,Wet,0.769291814,0.62849331,27.49285709999998,28.169999999999987,27.129999999999967,83.79,86.79,14.22285714,4.67
Ligao,2023,31,Wet,0.756642704,0.53901718,28.087142899999975,28.269999999999982,27.859999999999985,4.16,84.63142857,22.00285714,3.281428571
Ligao,2023,32,Wet,0.674721992,0.475849821,27.991428599999978,28.50999999999999,27.399999999999977,15.57,85.81571429,20.47285714,2.727142857
Ligao,2023,33,Wet,0.654196944,0.441842433,27.304074199999974,27.789184299999988,26.80108759999999,66.13170695,83.66242879,17.6666066,3.449504748
Ligao,2023,34,Wet,0.776322273,0.502915286,27.629999999999967,28.269999999999982,26.96999999999997,30.24,85.51,18.01857143,2.585714286
Ligao,2023,35,Wet,0.778662509,0.551852055,27.95714289999998,28.299999999999983,27.649999999999977,52.3,85.46857143,17.68142857,4.448571429
Ligao,2023,36,Wet,0.594398656,0.40466655,28.634285699999964,29.529999999999973,27.69999999999999,19.36,81.40714286,20.95714286,1.432857143
Ligao,2023,37,Wet,0.797226752,0.571168738,27.71999999999997,28.359999999999985,27.079999999999984,78.91,84.99714286,18.38571429,1.411428571
Ligao,2023,38,Wet,0.512296406,0.363283738,27.79428569999999,28.389999999999986,26.849999999999966,55.29,84.03142857,16.85142857,1.462857143
Ligao,2023,39,Wet,0.778130855,0.527981224,28.08428569999998,29.119999999999976,27.46999999999997,82.92,84.71857143,17.63428571,1.71
Ligao,2023,40,Cool Dry,0.752666059,0.445827881,27.93999999999997,28.46999999999997,27.69999999999999,18.24,84.50285714,18.96285714,2.241428571
Ligao,2023,41,Cool Dry,0.654196944,0.441842433,27.304074199999974,27.789184299999988,26.80108759999999,66.13170695,83.66242879,17.6666066,3.449504748
Ligao,2023,42,Cool Dry,0.785159752,0.597593231,27.56428569999997,27.94999999999999,27.059999999999974,42.13,83.44142857,17.88,1.572857143
Ligao,2023,43,Cool Dry,0.747236657,0.557517725,27.337142899999975,27.779999999999973,26.599999999999966,35.19,85.88714286,18.06714286,2.064285714
Ligao,2023,44,Cool Dry,0.809051089,0.524681192,27.401428599999974,27.909999999999968,27.22999999999999,76.25,87.21571429,15.36428571,2.11
Ligao,2023,45,Cool Dry,0.788085394,0.659617223,27.455714299999983,27.73999999999998,27.139999999999986,47.07,87.59857143,17.34142857,2.49
Ligao,2023,46,Cool Dry,0.749038928,0.507118806,26.974285699999967,27.369999999999976,26.44999999999999,196.49,88.2,11.17142857,3.63
Ligao,2023,47,Cool Dry,0.817962142,0.494916879,26.63571429999999,27.24999999999997,26.18999999999997,159.23,91.38428571,9.352857143,2.447142857
Ligao,2023,48,Dry,0.797025245,0.463954202,26.70285709999999,27.079999999999984,26.389999999999986,75.55,87.79,12.94285714,2.995714286
Ligao,2023,49,Dry,0.654196944,0.441842433,27.304074199999974,27.789184299999988,26.80108759999999,66.13170695,83.66242879,17.6666066,3.449504748
Ligao,2023,50,Dry,0.793034858,0.538499714,26.844285699999972,27.20999999999998,26.67999999999998,46.96,85.64428571,15.45714286,3.037142857
Ligao,2023,51,Dry,0.831144732,0.454021608,26.602857099999966,26.99999999999997,26.169999999999987,65.91,86.76,14.41571429,2.71
Ligao,2023,52,Dry,0.56842349,0.277889569,26.664285699999965,26.889999999999986,26.45999999999998,93.45,87.32285714,15.27857143,2.817142857
Ligao,2024,1,Dry,0.833645494,0.445754569,26.659999999999968,26.93999999999997,26.45999999999998,82.86,87.12142857,12.73857143,2.644285714
Ligao,2024,2,Dry,0.76543551,0.457616249,26.01285709999999,26.98999999999998,25.159999999999968,60.25,87.14857143,12.46857143,3.13
Ligao,2024,3,Dry,0.82870085,0.554065541,25.117142899999976,25.879999999999967,24.49999999999997,29.03,82.54857143,16.18428571,3.152857143
Ligao,2024,4,Dry,0.739680081,0.454386188,24.71285709999998,25.99999999999997,23.639999999999986,56.75,82.65142857,14.0,3.46
Ligao,2024,5,Dry,0.840567217,0.478654265,25.047142899999983,25.96999999999997,24.349999999999966,20.51,84.01,17.22571429,3.044285714
Ligao,2024,6,Dry,0.814976434,0.669688976,25.36571429999998,25.809999999999974,24.75999999999999,23.01,82.98285714,17.98142857,2.805714286
Ligao,2024,7,Dry,0.783121234,0.5894175,25.261428599999988,25.72999999999999,24.599999999999966,40.31,84.43142857,16.16285714,3.354285714
Ligao,2024,8,Dry,0.654196944,0.441842433,27.304074199999974,27.789184299999988,26.80108759999999,66.13170695,83.66242879,17.6666066,3.449504748
Ligao,2024,9,Dry,0.783095365,0.569315003,25.597142899999966,25.72999999999999,25.49999999999997,6.04,76.36428571,21.3,3.15
Ligao,2024,10,Hot Dry,0.774164354,0.521543568,25.882857099999967,26.579999999999984,25.339999999999975,12.36,80.15714286,21.13285714,2.597142857
Ligao,2024,11,Hot Dry,0.738857533,0.576576559,26.139999999999986,26.43999999999997,25.72999999999999,14.55,81.37,21.08142857,2.717142857
Ligao,2024,12,Hot Dry,0.699299715,0.627299451,25.978571399999964,26.519999999999982,25.42999999999998,24.3,79.85428571,21.07142857,3.004285714
Ligao,2024,13,Hot Dry,0.735237246,0.458538704,26.94999999999999,27.319999999999965,26.059999999999974,34.01,84.72857143,20.29571429,2.562857143
Ligao,2024,14,Hot Dry,0.718480067,0.534125498,27.25142859999997,27.559999999999974,27.099999999999966,11.33,80.52857143,24.25142857,2.82
Ligao,2024,15,Hot Dry,0.675860722,0.451656367,27.44285709999997,27.919999999999987,26.98999999999998,13.23,80.15,22.42428571,2.634285714
Ligao,2024,16,Hot Dry,0.654196944,0.441842433,27.304074199999974,27.789184299999988,26.80108759999999,66.13170695,83.66242879,17.6666066,3.449504748
Ligao,2024,17,Hot Dry,0.679126186,0.50580791,28.802857099999983,29.25999999999999,28.299999999999983,10.4,79.02714286,23.57285714,2.467142857
Ligao,2024,18,Hot Dry,0.67480407,0.408228043,28.792857099999964,29.309999999999974,28.339999999999975,3.35,74.94,24.73714286,2.684285714
Ligao,2024,19,Hot Dry,0.645631182,0.510690888,29.174285699999984,29.289999999999964,29.069999999999965,10.58,74.54285714,23.71857143,2.591428571
Ligao,2024,20,Hot Dry,0.652744209,0.428859093,29.818571399999968,30.309999999999974,29.599999999999966,8.1,74.18,23.42285714,2.272857143
Ligao,2024,21,Hot Dry,0.608124171,0.419294674,29.00285709999997,30.119999999999976,27.20999999999998,93.04,79.43428571,17.17142857,2.847142857
Ligao,2024,22,Wet,0.70677707,0.446350514,28.602857099999966,29.419999999999987,28.059999999999974,22.8,83.95285714,21.06571429,1.952857143
Ligao,2024,23,Wet,0.769458828,0.465333508,28.998571399999975,30.21999999999997,27.95999999999998,44.18,79.54428571,20.31142857,1.191428571
Ligao,2024,24,Wet,0.654196944,0.441842433,27.304074199999974,27.789184299999988,26.80108759999999,66.13170695,83.66242879,17.6666066,3.449504748
Ligao,2024,25,Wet,0.55823451,0.404492029,28.637142899999986,29.50999999999999,27.75999999999999,37.84,80.23857143,18.60714286,1.377142857
Ligao,2024,26,Wet,0.731806934,0.503042041,27.874285699999973,28.339999999999975,27.569999999999965,63.79,85.28142857,18.16857143,2.211428571
Ligao,2024,27,Wet,0.643972346,0.510326931,27.867142899999976,28.519999999999982,27.24999999999997,44.15,84.38142857,18.43714286,1.77
Ligao,2024,28,Wet,0.48443412,0.421786372,27.904285699999974,28.309999999999974,27.21999999999997,61.3,84.78571429,18.11857143,1.552857143
Ligao,2024,29,Wet,0.610149393,0.512900755,27.421428599999984,27.93999999999997,27.129999999999967,117.22,87.64857143,15.63142857,2.622857143
Ligao,2024,30,Wet,0.824231325,0.586107689,27.529999999999973,28.329999999999984,26.70999999999998,102.73,86.40571429,12.57857143,3.33
Ligao,2024,31,Wet,0.846344798,0.569212898,28.03142859999997,28.96999999999997,27.579999999999984,25.4,83.61,20.31142857,1.5
Ligao,2024,32,Wet,0.654196944,0.441842433,27.304074199999974,27.789184299999988,26.80108759999999,66.13170695,83.66242879,17.6666066,3.449504748
Ligao,2024,33,Wet,0.815438633,0.685892172,28.45999999999998,29.069999999999965,28.22999999999999,16.09,83.36571429,22.21142857,1.548571429
Ligao,2024,34,Wet,0.624354428,0.452980751,28.18714289999997,28.839999999999975,27.389999999999986,52.26,83.82428571,17.99,1.368571429
Ligao,2024,35,Wet,0.642864273,0.519851932,27.899999999999977,28.47999999999999,27.45999999999998,130.62,86.82571429,14.46714286,2.082857143
Ligao,2024,36,Wet,0.761590587,0.541324489,27.95999999999998,28.789999999999964,27.299999999999983,71.01,86.10857143,16.56285714,2.764285714
Ligao,2024,37,Wet,0.567340215,0.381325349,27.802857099999983,28.349999999999966,27.379999999999967,114.59,87.85285714,15.73428571,3.181428571
Ligao,2024,38,Wet,0.79141981,0.56252552,27.058571399999977,27.569999999999965,26.839999999999975,111.77,89.75,13.19857143,2.367142857
Ligao,2024,39,Wet,0.808628717,0.523408838,27.844285699999972,28.289999999999964,27.539999999999964,25.61,86.80285714,19.47428571,2.011428571
Ligao,2024,40,Wet,0.654196944,0.441842433,27.304074199999974,27.789184299999988,26.80108759999999,66.13170695,83.66242879,17.6666066,3.449504748
Ligao,2024,41,Cool Dry,0.782288205,0.543857281,28.52142859999998,29.019999999999982,27.869999999999976,50.93,79.35428571,18.92714286,1.052857143
Ligao,2024,42,Cool Dry,0.802796111,0.585612539,28.038571399999967,28.22999999999999,27.809999999999974,70.08,85.32142857,18.47571429,1.834285714
Ligao,2024,43,Cool Dry,0.635759443,0.316904936,27.29142859999999,28.129999999999967,26.649999999999977,339.68,87.73142857,10.56714286,4.574285714
Ligao,2024,44,Cool Dry,0.810638108,0.490326315,27.241428599999978,27.68999999999997,26.899999999999977,43.66,87.92142857,14.86142857,3.014285714
Ligao,2024,45,Cool Dry,0.824239097,0.461466656,27.139999999999986,27.419999999999987,26.93999999999997,39.9,86.58857143,15.43285714,1.732857143
Ligao,2024,46,Cool Dry,0.778584654,0.608699418,27.50142859999997,28.289999999999964,26.799999999999983,65.07,86.59857143,14.07285714,2.187142857
Ligao,2024,47,Cool Dry,0.73616056,0.5223952,27.015714299999985,27.119999999999976,26.879999999999967,16.98,86.74857143,18.12,2.945714286
Ligao,2024,48,Cool Dry,0.654196944,0.441842433,27.304074199999974,27.789184299999988,26.80108759999999,66.13170695,83.66242879,17.6666066,3.449504748
Ligao,2024,49,Dry,0.80753204,0.46530098,26.879999999999967,27.379999999999967,26.519999999999982,55.71,88.95,15.68857143,2.175714286
Ligao,2024,50,Dry,0.655258861,0.417235196,27.05142859999998,27.279999999999973,26.779999999999973,138.11,90.53571429,12.02285714,2.967142857
Ligao,2024,51,Dry,0.654196944,0.441842433,27.304074199999974,27.789184299999988,26.80108759999999,66.13170695,83.66242879,17.6666066,3.449504748
Ligao,2024,52,Dry,0.709101079,0.506718896,26.201428599999986,26.789999999999964,25.649999999999977,295.03,91.33428571,10.07428571,2.792857143
Malinao,2013,52,Dry,0.7086,0.4188,25.878,26.11,25.72,36.01,83.82000000000001,13.69,4.686
Malinao,2014,1,Dry,0.7101,0.4454,24.75571429,25.38,23.82,32.52,83.09714285714287,11.957142857142856,7.655714285714287
Malinao,2014,2,Dry,0.6488,0.3592,23.72285714,24.71,22.73,57.64,85.49714285714286,9.39857142857143,9.047142857142855
Malinao,2014,3,Dry,0.7164,0.3848,23.13714286,23.7,22.07,7.48,80.46571428571428,14.195714285714288,6.839999999999999
Malinao,2014,4,Dry,0.7208,0.398,24.45285714,25.85,23.29,16.490000000000002,82.40142857142858,15.725714285714286,5.957142857142856
Malinao,2014,5,Dry,0.7416,0.4514,26.07,26.3,25.86,0.69,81.75,19.345714285714283,3.4985714285714287
Malinao,2014,7,Dry,0.7378,0.4711,24.65285714,26.09,24.06,6.359999999999999,78.80285714285715,17.59714285714286,4.795714285714285
Malinao,2014,8,Dry,0.7667,0.4372,24.32714286,24.57,24.16,45.48,76.36857142857141,17.27285714285714,5.158571428571428
Malinao,2014,9,Dry,0.7624,0.4593,25.16714286,25.44,24.66,5.48,77.55,20.342857142857145,4.7700000000000005
Malinao,2014,10,Hot Dry,0.7728,0.4552,25.25142857,25.6,25.0,10.15,76.25142857142858,21.09,4.442857142857142
Malinao,2014,11,Hot Dry,0.7759,0.5054,25.92142857,26.45,25.37,56.4,80.78999999999999,17.43285714285714,6.011428571428572
Malinao,2014,12,Hot Dry,0.719,0.4752,25.92142857,26.22,25.4,57.54,79.07285714285715,19.078571428571426,6.091428571428572
Malinao,2014,13,Hot Dry,0.7018,0.5106,26.65714286,26.86,26.4,0.2,80.23285714285714,23.47714285714286,3.932857142857143
Malinao,2014,15,Hot Dry,0.7082,0.4875,26.87285714,27.17,26.59,13.14,79.03571428571429,20.73,4.532857142857143
Malinao,2014,16,Hot Dry,0.7436,0.4654,27.42142857,27.99,26.8,15.32,81.52285714285713,21.638571428571428,3.4585714285714286
Malinao,2014,17,Hot Dry,0.7179,0.4406,28.40285714,28.61,28.1,2.91,77.63428571428572,23.29428571428572,3.3328571428571427
Malinao,2014,18,Hot Dry,0.7223,0.5199,28.33285714,28.74,27.94,0.23,79.46428571428571,22.205714285714286,3.481428571428572
Malinao,2014,19,Hot Dry,0.6741,0.4237,28.85857143,29.21,28.4,12.24,76.02857142857144,24.08142857142857,3.761428571428572
Malinao,2014,20,Hot Dry,0.7214,0.4409,29.03,29.26,28.86,6.68,76.23,23.312857142857144,3.475714285714285
Malinao,2014,21,Hot Dry,0.6989,0.4568,29.51428571,30.16,29.0,10.72,74.05,23.054285714285715,2.892857142857143
Malinao,2014,23,Wet,0.6079,0.4011,30.27142857,31.04,29.6,26.44,68.75714285714285,20.722857142857144,1.8585714285714283
Malinao,2014,24,Wet,0.6455,0.4244,28.90571429,29.68,28.45,39.42,79.54142857142857,20.99428571428572,3.152857142857143
Malinao,2014,25,Wet,0.7587,0.4833,28.68428571,29.52,28.18,44.44,79.72428571428573,20.542857142857144,3.472857142857144
Malinao,2014,26,Wet,0.759,0.5572,27.97285714,28.61,27.3,40.03,81.95714285714287,15.191428571428572,3.787142857142858
Malinao,2014,27,Wet,0.5681,0.3941,27.91,28.71,27.59,15.329999999999998,82.70714285714287,19.73,3.97
Malinao,2014,28,Wet,0.5102,0.3254,27.36285714,28.47,26.72,254.14,85.65714285714286,14.082857142857142,4.404285714285714
Malinao,2014,29,Wet,0.1108,0.0938,26.95428571,27.48,26.27,52.51,86.00857142857144,13.817142857142857,5.49
Malinao,2014,31,Wet,0.6013,0.386,26.94428571,27.21,26.54,13.67,87.52857142857144,14.514285714285714,5.845714285714286
Malinao,2014,32,Wet,0.7396,0.5401,27.40857143,27.87,26.61,0.0,84.66285714285713,21.215714285714284,4.641428571428572
Malinao,2014,33,Wet,0.7743,0.5227,27.75285714,28.63,27.24,32.03,80.28857142857143,20.65428571428572,2.345714285714286
Malinao,2014,34,Wet,0.4887,0.3761,27.59428571,28.13,27.16,81.87,80.63,19.595714285714287,1.851428571428572
Malinao,2014,35,Wet,0.8061,0.5119,26.9,27.25,26.35,95.48,84.04285714285713,16.102857142857143,2.9785714285714286
Malinao,2014,36,Wet,0.7115,0.5854,26.88857143,27.42,26.34,61.46,83.53,15.075714285714286,3.0357142857142856
Malinao,2014,37,Wet,0.7956,0.4983,26.97714286,28.11,26.2,184.4,85.52142857142857,11.57,4.508571428571429
Malinao,2014,39,Wet,0.7812,0.5716,27.32428571,28.01,26.5,213.29,85.82857142857142,15.792857142857144,4.952857142857143
Malinao,2014,40,Wet,0.7618,0.5531,27.76857143,28.3,27.37,18.85,82.12285714285714,20.43857142857143,2.3042857142857143
Malinao,2014,41,Cool Dry,0.725,0.5668,27.72142857,28.02,27.22,50.82,81.43857142857144,18.24,2.462857142857143
Malinao,2014,42,Cool Dry,0.7516,0.4833,27.34142857,27.99,26.83,82.24,82.36857142857143,14.86,2.5500000000000003
Malinao,2014,43,Cool Dry,0.6915,0.5432,27.04857143,27.58,26.57,118.28,85.78,13.808571428571428,4.187142857142857
Malinao,2014,44,Cool Dry,0.7486,0.4574,27.27142857,27.58,27.1,71.08,85.48142857142857,14.694285714285714,4.632857142857143
Malinao,2014,45,Cool Dry,0.7359,0.4807,26.33857143,27.17,25.44,15.79,80.1542857142857,17.745714285714286,4.535714285714286
Malinao,2014,47,Cool Dry,0.733,0.3594,26.49428571,26.67,26.18,64.93,85.11142857142856,13.877142857142855,5.078571428571428
Malinao,2014,48,Cool Dry,0.6882,0.4787,26.73571429,27.26,26.48,68.74,86.88285714285713,14.625714285714285,3.367142857142857
Malinao,2014,49,Dry,0.6677,0.3955,27.02857143,27.2,26.74,153.89,86.88428571428572,13.38,4.747142857142857
Malinao,2014,50,Dry,0.6679,0.3574,26.32714286,27.07,25.12,224.43,85.28285714285714,11.09142857142857,7.532857142857142
Malinao,2014,51,Dry,0.7002332082280137,0.3772430129625277,26.33285714,26.67,25.42,134.32999999999998,87.50857142857144,11.79,4.838571428571428
Malinao,2014,52,Dry,0.6442837715748273,0.400795284936374,26.24714286,26.58,25.68,159.25,87.38857142857144,12.611428571428572,7.24
Malinao,2015,1,Dry,0.6784640313120334,0.3409258296212493,25.59333333,25.79,25.43,139.62,89.78666666666668,4.86,7.713333333333334
Malinao,2015,2,Dry,0.6835357493015789,0.4080488442992504,24.86,25.36,24.41,220.67,84.32000000000001,12.108571428571429,7.595714285714286
Malinao,2015,3,Dry,0.6874280339552455,0.3699015962891391,25.05142857,25.83,24.02,24.5,83.18142857142857,14.405714285714286,4.408571428571428
Malinao,2015,4,Dry,0.7221111158488429,0.4257421638054872,24.91571429,25.73,24.21,33.69,82.82714285714285,13.801428571428572,5.827142857142857
Malinao,2015,6,Dry,0.7751199857614598,0.4500663807189704,24.44142857,25.24,23.81,15.67,78.99142857142856,18.035714285714285,5.0371428571428565
Malinao,2015,7,Dry,0.7418937504972587,0.4661875385478769,24.93857143,25.52,24.5,110.01,86.67714285714285,14.328571428571427,5.651428571428572
Malinao,2015,8,Dry,0.7672299405384708,0.4993980886986027,24.44428571,24.78,23.97,15.46,79.30142857142857,17.84,5.051428571428572
Malinao,2015,9,Dry,0.752721509871094,0.4855161993230065,25.40142857,25.72,24.79,8.04,79.30142857142857,20.205714285714286,4.7057142857142855
Malinao,2015,10,Hot Dry,0.743263618494507,0.4747124701446453,25.40285714,26.03,24.82,14.52,79.15714285714286,19.801428571428573,4.8185714285714285
Malinao,2015,11,Hot Dry,0.7059856411879044,0.5344141840040513,25.28857143,25.66,24.93,7.14,75.5442857142857,22.037142857142857,4.757142857142857
Malinao,2015,12,Hot Dry,0.7707730242013999,0.4880543510339234,25.73571429,26.7,24.97,21.39,78.21857142857142,18.458571428571428,3.6557142857142857
Malinao,2015,14,Hot Dry,0.7090813890530807,0.5276507093491185,26.67714286,26.93,26.34,30.65,79.94428571428571,19.83142857142857,4.338571428571429
Malinao,2015,15,Hot Dry,0.7454234092893869,0.4611812660660003,26.49,26.89,26.24,7.97,78.19571428571429,21.76714285714285,4.708571428571429
Malinao,2015,16,Hot Dry,0.690480593443635,0.505400856757522,27.43285714,27.91,27.09,31.42,78.69142857142857,22.414285714285715,4.438571428571429
Malinao,2015,17,Hot Dry,0.7028266908994172,0.4518988666844302,27.78428571,28.14,27.32,17.66,77.79571428571428,22.571428571428573,3.275714285714286
Malinao,2015,18,Hot Dry,0.6830583144695989,0.5035180627900493,28.01714286,28.23,27.77,47.53,78.11,21.985714285714288,3.468571428571429
Malinao,2015,19,Hot Dry,0.7133021641206472,0.4412695869961048,28.00857143,28.38,27.61,6.31,76.18714285714285,25.49428571428572,3.924285714285714
Malinao,2015,20,Hot Dry,0.7481276978578428,0.4654925316715196,28.63857143,29.25,27.89,3.82,72.69285714285715,23.708571428571428,2.827142857142857
Malinao,2015,22,Hot Dry,0.7112297072099696,0.3625641762012226,29.57714286,29.84,29.25,10.99,69.63428571428571,24.187142857142856,2.6942857142857144
Malinao,2015,23,Wet,0.7294999141159916,0.4548921582214515,28.66571429,29.12,28.23,37.92,76.92571428571429,21.164285714285715,3.042857142857143
Malinao,2015,24,Wet,0.7300435395049001,0.46475453910252,28.83,29.18,28.46,15.81,77.52,21.435714285714283,3.12
Malinao,2015,25,Wet,0.4352065732981577,0.3061511854569281,28.41285714,29.18,27.74,36.73,76.8,20.52428571428572,1.8442857142857143
Malinao,2015,26,Wet,0.3695043925715507,0.2864840277765381,28.17142857,29.12,27.4,67.25999999999999,81.14,15.582857142857142,4.977142857142858
Malinao,2015,27,Wet,0.4669475360906477,0.3549657062068845,27.70857143,28.18,27.27,42.04,84.69428571428571,15.304285714285712,6.7457142857142856
Malinao,2015,28,Wet,0.7158412665271698,0.5245133800829477,27.60857143,27.85,27.34,10.46,84.12714285714286,18.50142857142857,4.235714285714286
Malinao,2015,30,Wet,0.7867834874219456,0.5688351747741592,27.28714286,27.79,26.3,38.24,80.26285714285714,18.34,2.6214285714285714
Malinao,2015,31,Wet,0.733489266806709,0.4764019853003729,27.43571429,27.95,26.69,42.73,80.55,20.04428571428572,2.58
Malinao,2015,32,Wet,0.8153544104597767,0.5662484810556573,28.17,28.94,27.46,14.82,79.71857142857142,21.56571428571429,1.6614285714285713
Malinao,2015,33,Wet,0.8111796590915853,0.6445401092094343,28.40714286,29.5,27.72,43.19,79.83571428571429,17.14,6.028571428571429
Malinao,2015,34,Wet,0.8146576397321624,0.5535625059263315,27.67428571,28.11,27.14,39.93,80.11714285714287,18.83428571428572,3.001428571428572
Malinao,2015,35,Wet,0.7768503683411143,0.5885942504690761,28.13,29.12,27.63,23.44,79.78142857142858,19.91,2.051428571428571
Malinao,2015,36,Wet,0.7423865003049945,0.546414459796789,28.07,28.84,27.5,53.14,80.83142857142856,20.58142857142857,2.49
Malinao,2015,38,Wet,0.8124919252859362,0.5527030025622458,27.82857143,28.08,27.48,57.95,78.82142857142857,18.99,2.725714285714285
Malinao,2015,39,Wet,0.5074889456973158,0.4087266980407953,27.95285714,28.21,27.73,45.94,82.23285714285714,18.93142857142857,3.1671428571428573
Malinao,2015,40,Wet,0.7875037151330769,0.4678964940345766,27.32142857,27.79,26.47,71.11,84.00857142857141,14.742857142857144,3.54
Malinao,2015,41,Cool Dry,0.7039600694177219,0.4988557463924091,27.58714286,28.32,26.57,136.12,82.67428571428572,11.444285714285714,6.454285714285715
Malinao,2015,42,Cool Dry,0.7194386520516148,0.5073024852972599,27.71714286,27.91,27.44,5.59,82.43857142857142,18.787142857142857,4.897142857142858
Malinao,2015,43,Cool Dry,0.7196090563164302,0.5045230902487825,27.23571429,27.57,26.75,46.05,82.12571428571428,18.02857142857143,4.395714285714286
Malinao,2015,44,Cool Dry,0.7463641215118615,0.4721993984408558,27.40714286,27.55,27.07,48.74,82.21285714285715,18.46,4.748571428571429
Malinao,2015,46,Cool Dry,0.7479641274738688,0.4224134686150996,27.36142857,27.45,27.3,46.25,81.79714285714286,18.222857142857144,4.565714285714286
Malinao,2015,47,Cool Dry,0.7408006558119923,0.4464402828265373,27.32857143,27.57,27.08,51.65,79.86285714285714,18.077142857142857,5.244285714285715
Malinao,2015,48,Cool Dry,0.7121286322261463,0.4629532296488423,26.87428571,27.36,26.42,71.17,82.84142857142857,15.934285714285712,4.815714285714286
Malinao,2015,49,Dry,0.7345666586658989,0.4040286347639562,26.84857143,27.12,26.34,52.07,84.39999999999999,16.22714285714286,4.33
Malinao,2015,50,Dry,0.7194482373697128,0.4384867403767915,26.56142857,27.02,25.96,250.98,87.26571428571428,9.785714285714286,7.241428571428571
Malinao,2015,51,Dry,0.7140003032284677,0.3759574087464244,26.10571429,26.48,25.85,29.95,82.41857142857144,16.57,5.07
Malinao,2015,52,Dry,0.7107249757179369,0.3943719559816718,25.78,25.96,25.55,8.28,81.38,18.40714285714285,3.894285714285714
Malinao,2016,53,Dry,0.7551099261784397,0.3945980135012475,25.8475,26.4,25.46,60.76,82.7525,13.0175,6.085
Malinao,2016,1,Dry,0.7509995995125598,0.4131987382784701,26.21142857,26.68,25.68,35.32,82.95285714285714,15.774285714285714,3.251428571428572
Malinao,2016,2,Dry,0.7636591996306457,0.5287321287836012,25.90428571,26.11,25.61,28.66,80.79857142857144,17.202857142857145,4.841428571428572
Malinao,2016,4,Dry,0.7586880300621648,0.4705713518917428,25.51571429,26.35,24.19,75.28,84.07000000000001,13.007142857142856,7.184285714285714
Malinao,2016,5,Dry,0.7920605665210043,0.4702347369301967,25.92285714,26.52,25.16,56.5,83.27142857142857,15.218571428571428,5.078571428571428
Malinao,2016,6,Dry,0.7729073420957197,0.5420397505218875,25.38571429,26.04,24.97,20.51,82.25428571428571,18.687142857142856,5.371428571428572
Malinao,2016,7,Dry,0.6949587922095464,0.4727165396064731,25.72714286,26.07,25.52,77.6,82.60142857142857,17.62142857142857,6.1000000000000005
Malinao,2016,8,Dry,0.7753746125601587,0.53660777710517,25.99571429,26.54,25.69,92.63,85.11142857142856,17.342857142857145,4.634285714285714
Malinao,2016,9,Hot Dry,0.7685332666268418,0.56283218310298,25.85428571,26.24,25.5,3.42,82.87571428571428,23.05,3.968571428571429
Malinao,2016,10,Hot Dry,0.7563893339804307,0.5186117854289769,26.12857143,26.32,25.97,3.28,80.5442857142857,23.56714285714286,3.222857142857143
Malinao,2016,12,Hot Dry,0.7473639560110941,0.4736415068558607,26.50285714,26.93,25.9,4.859999999999999,78.24285714285715,23.807142857142857,3.0557142857142856
Malinao,2016,13,Hot Dry,0.6834465394225838,0.5118772867836142,26.94714286,27.31,26.24,34.32,79.58857142857143,19.00142857142857,4.912857142857143
Malinao,2016,14,Hot Dry,0.6201514018233993,0.4570728507314083,27.23571429,27.66,26.89,13.12,79.16142857142857,22.698571428571427,4.404285714285714
Malinao,2016,15,Hot Dry,0.6973590344939379,0.4769326142924922,28.08857143,28.44,27.75,13.88,80.58857142857143,23.464285714285715,3.684285714285714
Malinao,2016,16,Hot Dry,0.6667043716634082,0.420485449336836,27.85,28.02,27.68,16.57,77.60714285714286,23.84857142857143,4.3185714285714285
Malinao,2016,17,Hot Dry,0.6472080084473916,0.4511639919550436,28.54285714,29.14,27.8,14.61,75.8442857142857,23.73,3.628571428571429
Malinao,2016,18,Hot Dry,0.6373733648941062,0.4371772349176077,28.66714286,28.82,28.35,16.36,76.19285714285715,23.632857142857144,4.352857142857142
Malinao,2016,20,Hot Dry,0.6543999659683613,0.4246098038544627,28.94857143,29.27,28.52,8.45,73.96428571428571,23.24,4.097142857142857
Malinao,2016,21,Hot Dry,0.7202455202730564,0.4868734661217814,28.55285714,28.85,28.18,35.25,79.36714285714285,19.12142857142857,2.6185714285714283
Malinao,2016,22,Wet,0.646662526046436,0.4583883581837314,28.91571429,29.15,28.49,39.29,77.35142857142857,19.90571428571429,2.1885714285714286
Malinao,2016,23,Wet,0.6749737618888898,0.4354527117319103,29.11285714,29.9,28.61,38.46,77.79285714285713,20.012857142857143,3.257142857142857
Malinao,2016,24,Wet,0.5209839292595425,0.3926242234471315,27.96285714,28.65,27.44,72.34,81.53428571428572,16.391428571428573,2.821428571428572
Malinao,2016,25,Wet,0.6059869652215918,0.3847812027934862,27.82571429,28.28,27.33,67.81,80.77,17.574285714285715,2.5542857142857143
Malinao,2016,26,Wet,0.5903130167787468,0.4457491862096207,27.54571429,28.17,27.19,72.35,84.33571428571429,15.335714285714287,4.41
Malinao,2016,28,Wet,0.7347842194368299,0.4994325872303261,28.43571429,29.16,28.03,10.29,77.42714285714285,21.125714285714285,1.6785714285714286
Malinao,2016,29,Wet,0.6464787350666752,0.4915102959600889,28.08285714,28.78,27.56,25.27,79.92571428571429,20.36428571428572,2.325714285714286
Malinao,2016,30,Wet,0.7785007490280177,0.4695422146975004,28.36,28.83,27.62,100.11,79.82142857142857,16.580000000000002,3.1685714285714286
Malinao,2016,31,Wet,0.3341945533586916,0.3080667958240245,27.88857143,28.64,27.43,27.68,82.02571428571427,18.711428571428574,3.472857142857143
Malinao,2016,32,Wet,0.6573255268992692,0.4761949817273284,27.66428571,27.97,27.44,42.26,85.11857142857141,16.419999999999998,6.681428571428571
Malinao,2016,33,Wet,0.4806908924832838,0.4083246090403663,27.70714286,28.1,26.84,70.87,86.0657142857143,16.075714285714287,4.518571428571429
Malinao,2016,34,Wet,0.7719494102464101,0.5313379869798674,27.89,28.3,27.57,6.62,83.43857142857144,22.02857142857143,3.5700000000000003
Malinao,2016,36,Wet,0.6184617400813289,0.4188954851908382,27.96428571,28.27,27.6,29.07,81.34857142857143,20.78428571428572,2.045714285714286
Malinao,2016,37,Wet,0.6974846304536189,0.5204616468467079,27.75,27.85,27.55,33.4,83.70857142857143,19.715714285714284,3.27
Malinao,2016,38,Wet,0.6195269614619856,0.455836456110408,27.64142857,28.03,27.0,76.66,84.63,18.06428571428572,2.6700000000000004
Malinao,2016,39,Wet,0.623083290009294,0.4209914737701154,27.31,27.79,26.47,79.33,84.00857142857141,15.055714285714286,3.8085714285714287
Malinao,2016,40,Cool Dry,0.6864799498088323,0.4522492179438143,27.26142857,28.03,26.72,80.28,83.54285714285713,14.43142857142857,2.164285714285714
Malinao,2016,41,Cool Dry,0.710611954961534,0.5260346059642499,27.16142857,27.63,26.65,295.23,85.58857142857143,12.855714285714289,4.48
Malinao,2016,42,Cool Dry,0.762392294188085,0.4598368556611837,27.30142857,27.56,26.97,34.599999999999994,86.53,16.884285714285713,3.855714285714286
Malinao,2016,44,Cool Dry,0.6994697621592553,0.4390106804932399,27.49142857,27.75,27.23,117.96,86.24285714285715,14.23,4.37
Malinao,2016,45,Cool Dry,0.742337751058183,0.4831136361168854,26.42714286,27.03,26.0,19.6,79.41571428571429,16.669999999999998,5.12
Malinao,2016,46,Cool Dry,0.728792287568484,0.4529497072037711,27.20714286,27.41,26.97,130.53,87.39571428571428,12.558571428571428,4.41
Malinao,2016,47,Cool Dry,0.7479095107284727,0.4562361052795481,27.05857143,27.22,26.93,54.33,84.5942857142857,15.13,5.2700000000000005
Malinao,2016,48,Dry,0.6373101333839188,0.3326055825781889,26.67142857,27.12,26.34,146.39,87.16285714285713,12.588571428571427,3.94
Malinao,2016,49,Dry,0.7576850993015899,0.4160475382484198,26.30714286,27.07,25.72,253.66,87.58285714285715,10.081428571428573,4.96
Malinao,2016,50,Dry,0.6603562509536072,0.3766200369937025,26.45285714,26.51,26.38,103.9,85.35714285714286,11.86285714285714,6.518571428571428
Malinao,2016,52,Dry,0.5530871316378108,0.3326045528042688,26.685,26.86,26.51,46.07,87.54833333333333,14.228333333333332,5.008333333333334
Malinao,2017,52,Dry,0.4303674656485178,0.2621223910726671,26.16428571,26.73,25.72,66.01,83.91142857142857,12.175714285714289,5.97
Malinao,2017,2,Dry,0.669284866188797,0.4002992839191563,25.12857143,25.91,24.58,161.44,84.89571428571428,10.73857142857143,6.725714285714285
Malinao,2017,3,Dry,0.6572221228125027,0.3722221552084222,25.21571429,25.82,24.69,49.41,82.22428571428573,14.52,6.715714285714285
Malinao,2017,4,Dry,0.6792517316433592,0.3821952263053081,25.66285714,26.31,24.84,76.47,86.29714285714286,14.572857142857142,5.107142857142857
Malinao,2017,5,Dry,0.6999380986218745,0.4189140255165595,24.58428571,25.41,23.22,18.12,80.68571428571428,18.17142857142857,6.532857142857142
Malinao,2017,6,Dry,0.438976236468366,0.2864532840657444,24.40857143,25.63,23.03,51.27,81.98285714285714,15.491428571428573,6.691428571428571
Malinao,2017,7,Dry,0.7825951449412568,0.4876088958126303,25.64285714,26.02,25.44,45.85,86.38714285714286,18.514285714285712,4.408571428571428
Malinao,2017,8,Dry,0.715770505562878,0.4695180865389023,25.60285714,26.0,25.28,48.09,81.7042857142857,20.06,5.224285714285714
Malinao,2017,10,Hot Dry,0.7491995745522413,0.4873308093756591,25.38857143,26.15,24.8,50.58,82.5257142857143,18.90571428571429,5.252857142857143
Malinao,2017,11,Hot Dry,0.7364072972391318,0.4989602940709192,25.71857143,26.36,25.16,84.39999999999999,82.33285714285714,17.194285714285716,4.564285714285715
Malinao,2017,12,Hot Dry,0.7213713370037359,0.5205359209976932,26.44714286,26.87,25.52,42.46,84.97285714285715,21.42,3.452857142857144
Malinao,2017,13,Hot Dry,0.6628678106097973,0.5123618308328248,26.10285714,26.3,25.85,50.21,83.00714285714285,18.212857142857143,5.442857142857143
Malinao,2017,14,Hot Dry,0.6784497407579864,0.4666596383443287,25.97857143,26.81,25.01,30.65,83.34,18.562857142857144,5.374285714285714
Malinao,2017,15,Hot Dry,0.710504049900416,0.4497505907220736,27.09857143,27.45,26.16,37.95,80.99000000000001,21.860000000000003,4.168571428571428
Malinao,2017,16,Hot Dry,0.6938021571942887,0.4313733083330689,27.84714286,28.25,27.42,4.37,76.02857142857144,24.32857142857143,2.8457142857142856
Malinao,2017,18,Hot Dry,0.6184798625654205,0.4460847756677481,28.25571429,28.48,27.94,31.07,80.75142857142858,21.502857142857145,4.234285714285714
Malinao,2017,19,Hot Dry,0.7051499131348354,0.3739736329289202,28.62285714,29.2,28.24,45.87,80.41,21.22142857142857,2.4385714285714286
Malinao,2017,20,Hot Dry,0.5966746469799622,0.445313046115768,28.45857143,29.05,27.96,52.01,81.49571428571429,18.762857142857143,2.244285714285714
Malinao,2017,21,Hot Dry,0.6302626511233803,0.4310848897081674,28.96857143,29.21,28.69,6.959999999999999,81.05285714285715,23.08,2.642857142857143
Malinao,2017,22,Wet,0.6535494249904736,0.3985399225153927,28.22285714,29.35,27.53,62.72,82.4557142857143,16.56,2.9185714285714286
Malinao,2017,23,Wet,0.7299416296512006,0.4842423028066381,28.65857143,29.42,28.05,8.11,78.17,23.98,2.3057142857142856
Malinao,2017,24,Wet,0.7453767452617724,0.2901288597579339,28.44142857,28.84,27.64,26.61,77.36428571428571,22.027142857142856,2.084285714285714
Malinao,2017,26,Wet,0.5634620766236473,0.3529845005673157,28.10571429,28.55,27.64,50.01,78.41428571428571,19.148571428571422,1.89
Malinao,2017,27,Wet,0.6361269988614844,0.4754212654402256,27.50571429,27.77,27.31,68.35,82.12571428571428,15.604285714285714,2.8228571428571425
Malinao,2017,28,Wet,0.4107039869735037,0.3134580208587472,27.68,28.48,27.28,92.39,79.01714285714286,17.622857142857143,1.9314285714285715
Malinao,2017,29,Wet,0.5006923014824974,0.365105279921362,27.32142857,27.79,26.97,115.72,83.21428571428571,14.578571428571427,2.825714285714286
Malinao,2017,30,Wet,0.6972247841646727,0.494203961510279,28.01857143,28.55,27.54,26.7,84.46142857142857,20.08,4.097142857142857
Malinao,2017,31,Wet,0.8186899004992312,0.5203872176269186,28.40142857,28.79,27.71,28.49,80.33571428571429,21.81571428571429,2.15
Malinao,2017,32,Wet,0.5974509379575192,0.3897487948174684,28.09857143,28.54,27.17,41.190000000000005,82.02285714285713,19.527142857142856,2.4642857142857144
Malinao,2017,34,Wet,0.6949210885888752,0.4733122766450473,27.31285714,27.83,26.46,94.68,83.46428571428571,15.521428571428572,3.5228571428571427
Malinao,2017,35,Wet,0.8132496529702073,0.5927231511376232,27.90428571,28.17,27.32,28.13,84.44142857142857,19.395714285714288,4.258571428571428
Malinao,2017,36,Wet,0.7698646124755834,0.5372882406130514,28.14857143,28.67,27.38,70.69,81.16285714285713,17.75,2.36
Malinao,2017,37,Wet,0.793781912900752,0.5609905127228518,27.74714286,28.74,26.8,100.24,81.43714285714285,16.28142857142857,3.042857142857143
Malinao,2017,38,Wet,0.7124555070295846,0.4967684428061356,27.80714286,28.46,27.27,59.14,82.42571428571429,17.942857142857143,2.0742857142857143
Malinao,2017,39,Wet,0.759641525067787,0.4346853907629342,27.57714286,27.86,27.24,89.36,83.23285714285714,15.301428571428572,2.4771428571428573
Malinao,2017,40,Cool Dry,0.3109716780807502,0.269539217329197,27.69714286,28.19,27.2,79.75999999999999,81.33571428571429,18.265714285714285,2.267142857142857
Malinao,2017,42,Cool Dry,0.7287179623977962,0.4487130827764036,27.70714286,28.17,27.05,97.96,85.89571428571428,13.53,4.105714285714286
Malinao,2017,43,Cool Dry,0.7762683867580598,0.4696142270021866,26.97285714,27.2,26.65,66.02,80.49285714285715,16.8,3.687142857142857
Malinao,2017,44,Cool Dry,0.7226780822584833,0.5008405081634996,27.22428571,27.47,26.93,95.51,86.33857142857143,15.15,4.55
Malinao,2017,45,Cool Dry,0.7526200093696755,0.4587568420849204,27.31,27.5,27.08,87.56,85.43285714285715,13.945714285714288,4.182857142857143
Malinao,2017,46,Cool Dry,0.656101288969376,0.4343279814990026,27.49428571,27.58,27.32,86.16,84.94571428571429,15.412857142857144,5.364285714285714
Malinao,2017,47,Cool Dry,0.7290771716981255,0.4530785141586207,27.39714286,27.48,27.3,66.3,85.22142857142856,15.507142857142856,5.01
Malinao,2017,48,Dry,0.7011624394653012,0.4082596395646097,27.31,27.72,26.95,79.91,84.34142857142857,15.45,3.2842857142857143
Malinao,2017,50,Dry,0.5912965976408286,0.4157263805846693,26.48714286,27.26,24.84,329.75,87.71714285714286,7.378571428571428,7.37
Malinao,2017,51,Dry,0.6747682194973275,0.4034849382065894,26.31571429,27.04,25.6,216.47,87.64285714285714,9.55,6.465714285714285
Malinao,2017,51,Dry,0.6747682194973275,0.4034849382065894,26.6871429,26.95,26.28,29.68,81.08428571,17.17,5.455714286
Malinao,2017,52,Dry,0.7021698804332602,0.4343717579636318,26.5571429,27.11,26.21,92.19,84.93857143,14.05428571,5.15
Malinao,2018,1,Dry,0.6869018059180999,0.277389158,26.1971429,26.48,25.68,126.64,84.90571429,15.15571429,5.425714286
Malinao,2018,2,Dry,0.4903089129916084,0.3393161665237703,26.1928571,26.47,25.88,85.5,82.35857143,15.81857143,4.982857143
Malinao,2018,3,Dry,0.5391269886740181,0.2131456999550621,26.4185714,26.64,26.16,64.92,84.69285714,17.14571429,4.378571429
Malinao,2018,4,Dry,0.7496355675005075,0.4051264240559579,26.2185714,26.81,25.36,46.29,81.46714286,17.82285714,5.325714286
Malinao,2018,5,Dry,0.6990379829732851,0.3899881849817913,26.2385714,26.6,25.65,61.12,81.83571429,19.38285714,5.067142857
Malinao,2018,6,Dry,0.7238153639184048,0.4134084102888629,26.0585714,26.78,25.35,29.82,80.68285714,19.91285714,5.19
Malinao,2018,7,Dry,0.7301292354784493,0.5224634681004852,25.98,26.17,25.41,28.03,79.84714286,19.62428571,4.971428571
Malinao,2018,9,Dry,0.7836894491722586,0.5228907685355714,26.4371429,26.81,26.14,49.15,80.10142857,20.27714286,4.662857143
Malinao,2018,10,Hot Dry,0.7877428767431327,0.4755710466618434,27.16,27.57,26.75,53.06,84.44285714,20.08,4.36
Malinao,2018,11,Hot Dry,0.741964068,0.5190576286527988,27.3042857,27.73,26.95,25.15,80.60142857,22.11571429,3.85
Malinao,2018,12,Hot Dry,0.7154128628434446,0.57375119,27.6985714,27.97,27.44,10.97,80.33285714,24.19285714,3.83
Malinao,2018,13,Hot Dry,0.735226634,0.4701450848145581,28.0985714,28.27,27.89,50.26,81.32571429,19.48,3.982857143
Malinao,2018,14,Hot Dry,0.6864122207838912,0.4742063645236279,28.0857143,28.56,27.71,6.22,79.29857143,23.08142857,3.101428571
Malinao,2018,15,Hot Dry,0.7169987244367726,0.4751085208030157,28.0471429,28.19,27.86,18.98,81.65857143,21.52142857,2.935714286
Malinao,2018,17,Hot Dry,0.6742674048489359,0.5209129009880048,28.2485714,28.63,27.99,20.4,82.03285714,21.55,2.841428571
Malinao,2018,18,Hot Dry,0.7387474644929769,0.5193377381082451,28.2271429,28.61,27.82,38.56,82.21,18.79,2.772857143
Malinao,2018,19,Hot Dry,0.732821352,0.4871380954985116,28.0828571,28.35,27.69,113.01,83.38428571,12.51285714,4.941428571
Malinao,2018,20,Hot Dry,0.7251115257786879,0.5385464080767369,28.2428571,28.53,28.03,17.61,83.56,20.18428571,5.151428571
Malinao,2018,21,Hot Dry,0.7222138259249232,0.4731074169883834,27.73,28.04,27.41,37.68,81.23714286,19.26285714,2.668571429
Malinao,2018,22,Wet,0.5857779166334702,0.4024324225820612,27.6585714,28.07,26.7,25.7,80.32285714,18.86428571,2.552857143
Malinao,2018,23,Wet,0.552555975,0.3528289011772385,27.55,27.83,27.31,41.56,82.98142857,21.66428571,2.641428571
Malinao,2018,25,Wet,0.722283382,0.4777867094422064,27.3771429,27.7,26.92,67.21,86.42571429,17.12714286,4.19
Malinao,2018,26,Wet,0.4658979257885393,0.3252984844016157,27.6757143,28.24,26.97,50.35,85.36,16.23571429,6.412857143
Malinao,2018,27,Wet,0.4953829563352351,0.3633445898403968,27.4242857,27.74,27.15,57.6,84.77,16.79428571,4.122857143
Malinao,2018,28,Wet,0.765443931,0.5035660796620492,27.3442857,27.81,26.77,56.1,85.68857143,19.75571429,4.084285714
Malinao,2018,29,Wet,0.5519252677257147,0.4298634300101964,27.23,27.67,27.09,41.12,85.38714286,14.02571429,5.732857143
Malinao,2018,30,Wet,0.6372554932814157,0.4378340264829769,27.5428571,27.78,27.16,21.27,84.13714286,18.66714286,5.498571429
Malinao,2018,31,Wet,0.2926808471655265,0.2406397504896551,27.6557143,27.95,27.08,10.21,83.18,19.99142857,5.002857143
Malinao,2018,33,Wet,0.4882873610213015,0.3596718527353469,27.3814286,27.72,26.84,81.48,80.57285714,17.04571429,2.191428571
Malinao,2018,34,Wet,0.7696650065658805,0.5312106599426828,27.0828571,27.97,26.54,44.38,85.00714286,17.72142857,3.244285714
Malinao,2018,35,Wet,0.7829989744742668,0.5936831371868317,27.48,27.99,26.89,162.47,84.14142857,15.05428571,4.55
Malinao,2018,36,Wet,0.7429939756311852,0.5879981074152258,27.2057143,27.6,26.98,33.63,84.84714286,19.41142857,3.145714286
Malinao,2018,37,Wet,0.7180943954641911,0.510277509,27.7814286,28.05,27.48,19.26,83.17285714,20.08428571,3.851428571
Malinao,2018,38,Wet,0.7465029980103317,0.6006143908102082,27.2914286,27.97,26.84,32.86,81.12714286,17.31714286,2.381428571
Malinao,2018,39,Wet,0.7555692155250159,0.4913174261473094,27.2414286,27.55,27.07,20.63,83.57,20.33571429,3.182857143
Malinao,2018,41,Cool Dry,0.7482606079544966,0.5049752983425225,27.2728571,27.93,27.0,49.58,82.44857143,16.17142857,3.412857143
Malinao,2018,42,Cool Dry,0.7514042427567458,0.4537722703616814,26.9685714,27.72,26.41,19.1,79.21571429,18.66857143,5.074285714
Malinao,2018,43,Cool Dry,0.7133044746970552,0.5181471180335853,27.2228571,27.67,25.73,15.4,81.80714286,18.29142857,4.56
Malinao,2018,44,Cool Dry,0.7476125643189612,0.4848172522270301,27.3671429,27.72,27.19,81.66,82.58428571,17.6,5.881428571
Malinao,2018,45,Cool Dry,0.743414605,0.4289937706223221,26.9271429,27.23,26.71,38.39,81.86857143,18.34285714,4.635714286
Malinao,2018,46,Cool Dry,0.7086860337332561,0.4628321207017017,26.8042857,27.4,26.47,98.0,82.43142857,14.70857143,5.451428571
Malinao,2018,47,Cool Dry,0.7211721645936628,0.490409836629869,26.5742857,26.95,26.23,33.17,82.14714286,18.34428571,5.2
Malinao,2018,49,Dry,0.7342513905043597,0.4054190043124034,27.12,27.36,26.95,29.83,83.52714286,17.07428571,5.434285714
Malinao,2018,50,Dry,0.6962580358182437,0.3709019818081294,26.7628571,27.08,26.45,76.17,83.87571429,13.33142857,6.41
Malinao,2018,51,Dry,0.7195988983514044,0.321336031,26.32,26.63,26.02,206.31,85.90428571,10.63428571,5.662857143
Malinao,2018,51,Dry,0.7195988983514044,0.321336031,26.8342857,27.17,26.04,102.89,85.98428571,14.52857143,4.085714286
Malinao,2018,52,Dry,0.7143402644168095,0.432440325994925,26.3028571,26.62,25.88,365.71,86.96,11.52,6.177142857
Malinao,2018,52,Dry,0.7143402644168095,0.432440325994925,26.465,26.84,25.91,81.96,88.31,11.52,4.5225
Malinao,2019,1,Dry,0.7313812634020161,0.4043367412904526,24.4371429,24.95,23.7,19.75,76.99285714,15.24571429,5.62
Malinao,2019,2,Dry,0.7143402644168095,0.432440325994925,25.0214286,25.68,24.57,13.91,80.24714286,20.03285714,4.212857143
Malinao,2019,3,Dry,0.727400333,0.4809258136157189,25.1171429,25.27,25.03,12.77,78.24571429,19.27714286,5.214285714
Malinao,2019,4,Dry,0.7495830274904698,0.4543216413042712,25.0714286,25.32,24.91,9.15,75.57142857,22.01714286,4.545714286
Malinao,2019,5,Dry,0.8116787496560512,0.4526817090114784,25.03,25.79,24.31,4.2,72.57571429,23.18285714,3.764285714
Malinao,2019,6,Dry,0.7959393457841943,0.4789469516199833,25.9571429,26.23,25.67,5.73,77.31714286,21.80428571,3.914285714
Malinao,2019,8,Dry,0.7773686712539261,0.475673861034828,26.0757143,26.65,25.48,4.45,74.67,23.51285714,3.984285714
Malinao,2019,9,Dry,0.7627426493599716,0.471019453033107,26.4357143,26.76,26.01,19.55,74.30428571,21.66285714,4.941428571
Malinao,2019,10,Hot Dry,0.7719730406047371,0.4407043709664196,26.5285714,26.9,26.29,18.49,74.02714286,21.12142857,4.592857143
Malinao,2019,11,Hot Dry,0.7141112043852649,0.4626201873213313,27.0457143,27.69,26.48,6.3,74.02857143,24.42714286,4.417142857
Malinao,2019,12,Hot Dry,0.7109541554375743,0.4133916237247313,27.62,28.03,27.11,42.24,80.25571429,22.84,4.327142857
Malinao,2019,13,Hot Dry,0.6666798630254881,0.4412872045224311,27.9242857,28.14,27.5,6.43,75.37714286,26.14428571,3.814285714
Malinao,2019,14,Hot Dry,0.6402688873705281,0.4547226070384388,27.9171429,28.35,27.45,13.81,72.25142857,24.80857143,4.815714286
Malinao,2019,16,Hot Dry,0.6441012080481741,0.4807864581004069,28.8257143,29.92,27.88,12.33,70.28571429,24.47714286,2.91
Malinao,2019,17,Hot Dry,0.7190429427482278,0.4422233735940666,29.25,29.88,28.81,60.15,76.82714286,21.18285714,2.311428571
Malinao,2019,18,Hot Dry,0.7142879611700769,0.523078312,29.9785714,31.04,29.27,5.46,70.90571429,24.01714286,2.471428571
Malinao,2019,19,Hot Dry,0.7275802079523312,0.5344475450181625,29.4257143,30.77,27.98,42.51,74.00571429,18.84428571,1.854285714
Malinao,2019,20,Hot Dry,0.6687731049017969,0.4963307755325929,28.5757143,28.92,28.39,15.12,80.84571429,22.42285714,3.02
Malinao,2019,21,Hot Dry,0.6313503375131436,0.3769679993806168,28.6171429,28.84,28.34,57.77,81.42285714,22.31428571,3.415714286
Malinao,2019,22,Wet,0.7093166685647898,0.4560007599148142,29.2871429,29.73,28.67,19.15,79.87428571,21.99142857,2.727142857
Malinao,2019,24,Wet,0.7235164742666854,0.4579567945275707,29.4028571,29.7,29.02,12.14,76.91142857,22.58857143,3.057142857
Malinao,2019,25,Wet,0.6585664139970075,0.4294220982524706,28.0271429,28.38,27.65,91.91,83.15428571,15.70285714,4.132857143
Malinao,2019,26,Wet,0.6413773280873509,0.4203150357644681,27.9771429,28.43,27.34,27.17,80.53142857,19.76571429,3.041428571
Malinao,2019,27,Wet,0.5693810415542669,0.3699035019300523,28.1757143,28.94,27.67,25.0,79.16,19.64142857,2.117142857
Malinao,2019,28,Wet,0.7898262389983244,0.5410816963940566,27.92,28.69,26.6,75.21,81.06857143,14.45571429,4.775714286
Malinao,2019,29,Wet,0.501287167,0.3442703628052893,27.7028571,28.11,26.74,74.67,82.98285714,17.36,2.328571429
Malinao,2019,30,Wet,0.5600895782282364,0.462988183772943,27.1485714,27.4,26.8,91.96,85.01142857,15.32,5.048571429
Malinao,2019,32,Wet,0.7604836679925429,0.575133512,27.9,28.19,27.43,24.61,84.89285714,15.03,7.99
Malinao,2019,33,Wet,0.6216519466480854,0.4690440772663093,28.0642857,28.33,27.83,4.6,84.33571429,21.32571429,4.805714286
Malinao,2019,34,Wet,0.3431394501795861,0.2892614539821135,27.31,27.96,26.64,89.31,84.27857143,12.65714286,4.528571429
Malinao,2019,35,Wet,0.5592045788935436,0.4218786043208444,27.11,27.55,26.69,116.53,84.89,14.58857143,3.542857143
Malinao,2019,36,Wet,0.3031507254204907,0.2649637242594951,27.57,27.93,27.03,23.71,84.43714286,19.71571429,4.244285714
Malinao,2019,37,Wet,0.6940677824069666,0.5351655228220237,27.1114286,27.71,26.42,112.57,85.55428571,14.97,4.327142857
Malinao,2019,38,Wet,0.758343801,0.5477405696821093,27.4828571,28.0,27.26,41.64,84.63142857,15.16571429,5.462857143
Malinao,2019,40,Wet,0.7296359047133675,0.4841234134970766,27.64,28.1,27.32,11.66,81.85,20.39142857,2.545714286
Malinao,2019,41,Cool Dry,0.7399630219182801,0.4865770337351568,27.3885714,27.8,26.75,27.43,82.38571429,20.03285714,2.318571429
Malinao,2019,42,Cool Dry,0.7449567643110492,0.4627209310591229,27.41,27.85,27.04,37.52,78.88428571,17.99571429,4.172857143
Malinao,2019,43,Cool Dry,0.7589603421994966,0.4797864678147198,27.5142857,28.03,26.93,52.51,80.93,19.45142857,3.777142857
Malinao,2019,44,Cool Dry,0.7206825146851088,0.505668695,27.5471429,27.94,27.26,62.58,82.89714286,18.36857143,3.842857143
Malinao,2019,45,Cool Dry,0.5487687020042087,0.3552534479962211,27.2771429,27.7,26.9,89.08,84.71142857,14.05285714,3.227142857
Malinao,2019,46,Cool Dry,0.7378734594024533,0.5103864733709311,27.6228571,27.78,27.5,21.48,82.92857143,18.18,2.954285714
Malinao,2019,48,Cool Dry,0.7491796645556453,0.3899415060394475,26.8871429,27.28,26.6,142.36,85.98285714,9.832857143,4.578571429
Malinao,2019,49,Dry,0.6489709954837344,0.3766738521542843,27.2,27.54,26.92,47.53,84.62571429,16.29857143,2.815714286
Malinao,2019,50,Dry,0.6460679457232394,0.3799798336114676,26.94,27.63,26.11,84.9,81.04714286,15.03,6.447142857
Malinao,2019,51,Dry,0.6581356216466033,0.4414251097425065,26.8985714,27.34,26.34,231.73,86.07142857,13.11428571,6.82
Malinao,2019,51,Dry,0.6581356216466033,0.4414251097425065,26.5357143,26.92,26.25,85.64,85.38571429,15.17571429,4.372857143
Malinao,2019,52,Dry,0.657830467,0.4100900274043241,26.6357143,27.06,26.1,66.54,86.20428571,13.55857143,5.612857143
Malinao,2019,52,Dry,0.657830467,0.4100900274043241,25.342,25.64,24.83,82.83,81.118,12.07,8.324
Malinao,2020,1,Dry,0.6846420338472812,0.3656857422907827,25.49,26.31,24.18,70.97,82.35142857,15.97714286,5.78
Malinao,2020,2,Dry,0.6933598491534868,0.4129508017580973,25.2271429,25.79,24.57,11.68,79.21714286,20.37857143,5.212857143
Malinao,2020,3,Dry,0.7611367499507424,0.4183647250749166,25.2771429,25.63,24.64,63.93,81.57714286,17.88857143,7.564285714
Malinao,2020,4,Dry,0.6814233307205904,0.4240409939145457,25.6642857,25.97,25.44,20.52,79.94714286,19.83428571,5.527142857
Malinao,2020,5,Dry,0.7191202078775358,0.5027770749744291,26.0271429,26.69,25.5,96.65,83.61,18.11,4.168571429
Malinao,2020,7,Dry,0.7253586541921687,0.4746170200598551,26.54,26.76,26.28,2.26,79.40142857,24.52857143,3.66
Malinao,2020,8,Dry,0.7323806887281737,0.5160597450097546,26.4,26.9,26.02,221.93,82.18142857,20.27714286,4.335714286
Malinao,2020,9,Dry,0.759897597,0.4992172957384024,26.2842857,26.63,25.81,91.75,80.00285714,25.01857143,4.661428571
Malinao,2020,10,Hot Dry,0.7510274871714153,0.5329026149193686,26.7742857,26.99,26.45,19.26,80.77285714,24.22428571,4.188571429
Malinao,2020,11,Hot Dry,0.741842726,0.4871025511976688,26.8485714,27.73,26.18,7.48,78.79428571,24.07142857,2.96
Malinao,2020,12,Hot Dry,0.7294419388332731,0.5109152493497344,27.6057143,27.92,27.33,34.73,80.88714286,21.04714286,3.912857143
Malinao,2020,13,Hot Dry,0.6815530356661734,0.495883941,27.9085714,28.19,27.73,23.03,81.25428571,24.01285714,4.155714286
Malinao,2020,15,Hot Dry,0.681896912,0.4680844997805175,28.0114286,28.5,27.72,46.9,80.14,21.28571429,4.578571429
Malinao,2020,16,Hot Dry,0.6580218054521092,0.4406161775202116,28.7757143,29.06,28.56,14.05,80.25,25.18857143,3.29
Malinao,2020,17,Hot Dry,0.623038914,0.4196919590205972,28.35,28.92,27.8,130.95,83.28,18.52428571,4.631428571
Malinao,2020,18,Hot Dry,0.6355155358554349,0.4629052233059155,28.7942857,29.18,28.46,7.43,80.90857143,23.45428571,2.712857143
Malinao,2020,19,Hot Dry,0.6534771337348373,0.4613110586526643,28.5057143,29.2,27.93,18.01,80.82,25.22,3.092857143
Malinao,2020,20,Hot Dry,0.694974896,0.4799854296086153,28.6014286,29.04,28.03,12.54,77.77428571,24.10857143,2.75
Malinao,2020,21,Hot Dry,0.7042674914808986,0.4287327126017686,27.83,28.75,27.02,275.51,83.51142857,14.89857143,4.822857143
Malinao,2020,23,Wet,0.7034184938223945,0.4939803833248538,27.8657143,28.35,27.47,35.89,82.74285714,21.88285714,2.758571429
Malinao,2020,24,Wet,0.7029488024654719,0.4408123747128572,27.6285714,28.72,26.44,32.34,84.35428571,19.83857143,3.248571429
Malinao,2020,25,Wet,0.6780597355428313,0.4503112631985671,27.6985714,28.24,27.44,57.24,80.23142857,21.25714286,2.745714286
Malinao,2020,26,Wet,0.7346601843544465,0.4856744114237146,28.0571429,28.57,27.69,29.3,80.54714286,20.24428571,1.88
Malinao,2020,27,Wet,0.5815991257994432,0.3109064651723617,27.9785714,28.36,27.37,37.76,81.18142857,20.21,3.051428571
Malinao,2020,28,Wet,0.710177705,0.4354485480719367,27.8014286,28.2,27.21,31.03,82.02714286,18.86285714,2.498571429
Malinao,2020,29,Wet,0.7446231443174659,0.6025274259956523,27.3742857,28.35,26.79,97.68,83.09714286,14.13571429,2.677142857
Malinao,2020,31,Wet,0.6652917060397726,0.4640310296218499,27.5228571,27.92,26.94,101.26,84.63428571,16.06285714,4.121428571
Malinao,2020,32,Wet,0.5651319639500696,0.4396260331968779,27.6214286,27.92,27.14,51.47,81.19,16.53142857,2.11
Malinao,2020,33,Wet,0.7969306498961294,0.6587871142577254,27.7785714,28.4,26.71,64.03,80.68,18.92,1.987142857
Malinao,2020,34,Wet,0.3431084249110224,0.2708010817305626,28.0628571,28.41,27.6,18.59,82.67,17.98714286,3.418571429
Malinao,2020,35,Wet,0.7496248274680504,0.4947209811630982,28.4228571,28.89,28.04,6.86,79.21285714,20.64142857,2.594285714
Malinao,2020,36,Wet,0.6123656745119482,0.4942945646306225,28.0885714,28.43,27.84,30.96,81.57285714,17.73285714,2.002857143
Malinao,2020,37,Wet,0.764412507,0.4957029192693543,27.5642857,28.19,26.91,91.5,84.02571429,16.61428571,3.56
Malinao,2020,39,Wet,0.6506774276925303,0.4863253906716094,27.9557143,28.4,27.6,62.06,82.52428571,17.33857143,2.334285714
Malinao,2020,40,Wet,0.7188344525383278,0.4781194272695987,28.2814286,28.69,27.83,55.57,79.16,19.01,1.624285714
Malinao,2020,41,Cool Dry,0.71537242,0.5631420464784775,27.7171429,28.39,26.91,116.89,83.32428571,13.67,2.251428571
Malinao,2020,42,Cool Dry,0.7443235051508008,0.5139396405585761,27.5457143,28.25,26.93,142.81,83.76857143,16.31857143,3.251428571
Malinao,2020,43,Cool Dry,0.4924492413082216,0.3683124057486848,27.5928571,28.24,27.18,248.63,86.46571429,12.98571429,3.721428571
Malinao,2020,44,Cool Dry,0.591686309,0.3434828779955082,27.4042857,28.06,26.97,172.13,85.42571429,15.03571429,5.102857143
Malinao,2020,45,Cool Dry,0.6802957779859652,0.3767118115926338,27.1971429,27.58,26.82,116.04,85.97571429,12.83714286,3.522857143
Malinao,2020,47,Cool Dry,0.6595703675814518,0.4517506523725051,27.1214286,27.36,26.78,228.56,87.40714286,13.41857143,5.481428571
Malinao,2020,48,Cool Dry,0.6955290284983208,0.4091667307274941,27.2185714,27.49,26.93,65.45,83.47571429,17.07285714,4.252857143
Malinao,2020,49,Dry,0.6577833537807196,0.3830262852678981,27.1342857,27.41,26.8,94.38,82.37428571,13.6,5.907142857
Malinao,2020,50,Dry,0.7031965814518223,0.3914111473870256,26.8914286,27.3,26.67,118.36,88.31571429,10.95714286,4.414285714
Malinao,2020,51,Dry,0.4941097209932633,0.2814770667499637,27.1385714,27.38,26.86,111.72,86.97714286,14.32428571,3.785714286
Malinao,2020,51,Dry,0.4941097209932633,0.2814770667499637,26.34,27.1,25.85,142.38,87.34428571,12.93428571,3.82
Malinao,2020,52,Dry,0.460515915,0.2815946685618145,26.9342857,27.1,26.46,257.7,84.49285714,10.64857143,6.372857143
Malinao,2020,52,Dry,0.460515915,0.2815946685618145,25.5228571,26.39,24.31,43.72,81.28285714,15.73142857,6.147142857
Malinao,2021,1,Dry,0.3379637252932697,0.2741317451386285,25.9114286,26.63,25.23,162.95,86.64428571,13.83857143,4.394285714
Malinao,2021,2,Dry,0.6879857302952785,0.3758480193372184,24.7142857,25.44,23.41,38.7,79.62428571,16.35,6.782857143
Malinao,2021,4,Dry,0.6721013222874967,0.4239333417042214,26.5357143,27.11,25.96,97.49,84.16428571,17.87,3.824285714
Malinao,2021,5,Dry,0.7650794915202385,0.4328565665723556,26.32,26.45,26.19,22.26,80.43,22.12285714,4.725714286
Malinao,2021,6,Dry,0.7394050507553703,0.5242592998303315,26.4542857,26.61,26.24,190.07,81.50857143,14.81,5.731428571
Malinao,2021,7,Dry,0.756299795,0.4619005498450702,26.9985714,27.32,26.75,25.74,84.28,21.23285714,3.158571429
Malinao,2021,8,Dry,0.707505953,0.4829612115068079,27.0228571,27.24,26.78,63.5,82.94,19.99,5.054285714
Malinao,2021,9,Hot Dry,0.7530468406078832,0.4936346348177868,27.2,27.4,26.89,7.08,79.43857143,23.61285714,4.098571429
Malinao,2021,10,Hot Dry,0.7239543961943763,0.504383404,26.6285714,26.82,26.16,8.17,78.86571429,22.22428571,4.655714286
Malinao,2021,12,Hot Dry,0.7236389502406897,0.5375592137217989,27.2385714,27.53,26.57,106.41,82.77285714,17.86142857,5.29
Malinao,2021,13,Hot Dry,0.7068962138902058,0.4784867780662429,27.2357143,28.0,26.17,110.34,83.44428571,14.85857143,5.294285714
Malinao,2021,14,Hot Dry,0.7111827090518101,0.4515187869948045,26.5271429,27.65,25.8,6.34,78.58,23.89571429,3.164285714
Malinao,2021,15,Hot Dry,0.6329695694128459,0.4098209846571323,27.9085714,28.21,27.67,45.96,83.85428571,20.89,4.655714286
Malinao,2021,16,Hot Dry,0.6936647429310481,0.4895643852681847,28.0571429,28.44,27.65,34.97,83.99571429,21.92142857,4.14
Malinao,2021,17,Hot Dry,0.652663162,0.4627946106508783,28.2085714,28.59,27.84,41.81,82.27714286,21.41714286,3.308571429
Malinao,2021,18,Hot Dry,0.7005555565652248,0.5341330297957664,28.5442857,29.26,28.02,12.62,81.11,22.86714286,2.522857143
Malinao,2021,20,Hot Dry,0.714495403,0.5472712827612187,28.7328571,29.48,27.83,44.7,81.92,18.95857143,3.428571429
Malinao,2021,21,Hot Dry,0.65808305,0.4621033890520614,27.5271429,28.19,27.16,69.36,82.88285714,14.56571429,2.595714286
Malinao,2021,22,Wet,0.5027320162169134,0.3460166140819079,28.48,29.28,27.89,8.04,80.43285714,23.27857143,2.687142857
Malinao,2021,23,Wet,0.7360115136622437,0.4790553198152809,28.05,28.42,27.63,23.81,80.16,19.25857143,2.482857143
Malinao,2021,24,Wet,0.7233604762885308,0.4909716335592954,28.2028571,28.74,27.44,55.5,79.01285714,20.31714286,1.988571429
Malinao,2021,25,Wet,0.7412635128910933,0.4993038908583638,27.6214286,28.04,26.95,69.41,83.88571429,18.97,3.382857143
Malinao,2021,26,Wet,0.539053681,0.4167579781728794,27.7957143,27.92,27.52,65.32,83.38285714,17.83857143,2.994285714
Malinao,2021,28,Wet,0.6564048836630999,0.4378550268460445,28.0085714,28.1,27.86,69.72,86.16571429,13.70857143,7.562857143
Malinao,2021,29,Wet,0.4678745256883823,0.3591434456924397,28.2242857,28.3,28.14,17.89,85.41714286,19.61285714,6.314285714
Malinao,2021,30,Wet,0.7245098851877969,0.4936015402607608,28.3157143,28.48,28.12,8.42,84.78142857,20.52428571,5.785714286
Malinao,2021,31,Wet,0.7253681407049712,0.568291355,27.5157143,28.31,26.76,40.0,81.45285714,17.47142857,1.901428571
Malinao,2021,32,Wet,0.8286069548978958,0.5366602827531193,27.8,28.26,27.3,57.29,79.91857143,18.88428571,1.688571429
Malinao,2021,33,Wet,0.8036946591042579,0.561057472,27.4557143,28.01,27.01,74.75,82.20428571,18.19,2.69
Malinao,2021,34,Wet,0.7527999815935782,0.5900342399612155,27.5414286,28.13,26.59,31.57,81.27142857,18.41142857,1.908571429
Malinao,2021,36,Wet,0.4771812020077899,0.3467102016653839,27.5928571,27.88,27.42,95.42,85.60285714,15.35285714,3.971428571
Malinao,2021,37,Wet,0.4111447817042754,0.317200863869836,27.4128571,27.78,27.07,71.55,83.96,17.57428571,2.605714286
Malinao,2021,38,Wet,0.678486921,0.5530624261599819,27.55,28.04,27.2,47.54,84.30428571,19.28285714,2.76
Malinao,2021,39,Wet,0.4726257192167413,0.3727363339565459,28.2,28.62,27.74,73.65,82.04428571,16.68285714,2.074285714
Malinao,2021,40,Cool Dry,0.7498134750198188,0.4679754477504294,27.6671429,28.09,27.36,136.2,84.79428571,10.92571429,4.127142857
Malinao,2021,41,Cool Dry,0.7494756887985614,0.4874626489716691,27.43,28.01,26.82,86.89,86.19857143,14.62571429,3.951428571
Malinao,2021,42,Cool Dry,0.6800752234701073,0.5283289624368881,27.3828571,27.76,26.91,118.6,85.49142857,11.85428571,4.02
Malinao,2021,44,Cool Dry,0.7671357914619503,0.4519853270658907,27.29,27.46,26.93,58.5,81.77714286,16.47857143,4.828571429
Malinao,2021,45,Cool Dry,0.765596414,0.4407464452847703,27.5242857,27.83,27.15,75.11,84.08714286,15.41571429,4.812857143
Malinao,2021,46,Cool Dry,0.7322766567772802,0.4509496979897472,27.5428571,27.85,27.26,99.96,86.29857143,14.27,4.751428571
Malinao,2021,47,Cool Dry,0.7126786632885586,0.4381893111828431,27.3885714,27.75,26.96,74.32,84.16857143,15.08857143,3.53
Malinao,2021,48,Dry,0.6867688551740632,0.4249151124049754,27.3985714,27.71,27.1,108.13,85.67,15.49571429,4.441428571
Malinao,2021,49,Dry,0.3676984099013868,0.2494819154988939,26.4542857,27.8,25.07,50.67,81.33428571,15.21285714,5.55
Malinao,2021,50,Dry,0.7069325678494977,0.4480534152772901,26.0942857,26.82,25.54,134.62,84.58285714,11.66285714,7.23
Malinao,2021,52,Dry,0.6903585139953932,0.4457231488346682,26.6042857,27.16,25.88,117.91,87.95142857,10.10714286,6.28
Malinao,2021,53,Dry,0.6865729263790511,0.4352828925715232,25.9828571,26.59,25.12,100.45,84.75428571,14.28428571,6.048571429
Malinao,2022,1,Dry,0.706859274,0.451683924,25.328571399999987,25.849999999999966,24.94999999999999,23.22,81.06428571,16.93857143,5.024285714
Malinao,2022,2,Dry,0.654196944,0.441842433,27.304074199999974,27.789184299999988,26.80108759999999,66.13170695,83.66242879,17.6666066,3.449504748
Malinao,2022,3,Dry,0.66698043,0.404824048,25.411428599999965,25.899999999999977,24.569999999999965,95.24,82.56142857,13.89714286,5.201428571
Malinao,2022,4,Dry,0.755766893,0.461987756,26.29142859999999,26.789999999999964,25.96999999999997,114.59,86.65285714,16.00857143,4.122857143
Malinao,2022,5,Dry,0.763272779,0.542582653,25.74999999999997,26.079999999999984,25.309999999999974,110.25,86.00571429,12.90857143,5.991428571
Malinao,2022,6,Dry,0.542265762,0.398720656,25.844285699999972,26.269999999999982,25.409999999999968,65.08,83.28285714,15.56714286,5.551428571
Malinao,2022,7,Dry,0.74741632,0.587244777,26.068571399999968,26.609999999999985,25.289999999999964,31.19,81.77714286,18.89142857,3.94
Malinao,2022,8,Dry,0.630607317,0.430565634,26.06142859999997,26.21999999999997,25.899999999999977,98.37,83.52428571,15.86142857,6.167142857
Malinao,2022,9,Hot Dry,0.778774082,0.480139559,26.277142899999973,26.519999999999982,25.799999999999983,45.93,83.61857143,18.75571429,5.37
Malinao,2022,10,Hot Dry,0.654196944,0.441842433,27.304074199999974,27.789184299999988,26.80108759999999,66.13170695,83.66242879,17.6666066,3.449504748
Malinao,2022,11,Hot Dry,0.707447932,0.55617744,27.11571429999998,27.71999999999997,26.819999999999965,30.92,85.40857143,21.92,3.144285714
Malinao,2022,12,Hot Dry,0.740637935,0.489645097,27.142857099999986,27.409999999999968,26.72999999999999,12.4,83.16285714,23.08142857,3.907142857
Malinao,2022,13,Hot Dry,0.215947426,0.136646802,27.058571399999977,27.409999999999968,26.659999999999968,50.41,81.33285714,22.74142857,4.968571429
Malinao,2022,14,Hot Dry,0.734358511,0.486218583,26.92571429999998,27.23999999999998,26.639999999999986,188.08,85.92571429,12.39857143,5.3
Malinao,2022,15,Hot Dry,0.706395981,0.509724527,26.86571429999998,27.119999999999976,26.369999999999976,111.24,82.87857143,18.10285714,3.404285714
Malinao,2022,16,Hot Dry,0.648147793,0.44379838,27.16571429999999,27.789999999999964,26.419999999999987,32.24,83.54,22.26,4.375714286
Malinao,2022,17,Hot Dry,0.744773931,0.485670083,27.56142859999997,27.74999999999997,27.339999999999975,64.74,84.73857143,19.59714286,3.995714286
Malinao,2022,18,Hot Dry,0.654196944,0.441842433,27.304074199999974,27.789184299999988,26.80108759999999,66.13170695,83.66242879,17.6666066,3.449504748
Malinao,2022,19,Hot Dry,0.696702997,0.506159387,27.85571429999999,28.20999999999998,27.609999999999985,30.27,81.55714286,22.56571429,3.722857143
Malinao,2022,20,Hot Dry,0.602119914,0.405157677,27.639999999999986,28.029999999999973,27.329999999999984,49.49,83.48142857,19.75285714,2.731428571
Malinao,2022,21,Hot Dry,0.710948028,0.447184432,28.03142859999997,28.419999999999987,27.319999999999965,24.89,82.62428571,22.06857143,2.511428571
Malinao,2022,22,Wet,0.739268025,0.517828201,27.92714289999998,28.519999999999982,27.159999999999968,52.73,81.53714286,20.69142857,2.521428571
Malinao,2022,23,Wet,0.737245991,0.475040501,28.078571399999987,28.539999999999964,27.659999999999968,34.24,80.48,21.96714286,2.032857143
Malinao,2022,24,Wet,0.67045058,0.435669437,27.887142899999986,28.18999999999997,27.45999999999998,24.37,82.64285714,23.21142857,2.665714286
Malinao,2022,25,Wet,0.521251379,0.370972346,27.688571399999972,28.039999999999964,27.46999999999997,70.13,82.21285714,18.46142857,2.82
Malinao,2022,26,Wet,0.654196944,0.441842433,27.304074199999974,27.789184299999988,26.80108759999999,66.13170695,83.66242879,17.6666066,3.449504748
Malinao,2022,27,Wet,0.539019349,0.412282464,27.649999999999977,28.139999999999986,26.94999999999999,63.49,83.80142857,18.68571429,2.27
Malinao,2022,28,Wet,0.710341784,0.450157261,28.005714299999966,28.519999999999982,27.47999999999999,45.63,82.78142857,19.50142857,2.014285714
Malinao,2022,29,Wet,0.733425064,0.526128403,28.011428599999988,28.409999999999968,27.609999999999985,62.08,82.80571429,18.62285714,2.657142857
Malinao,2022,30,Wet,0.53088918,0.356256925,28.10428569999999,28.72999999999999,27.349999999999966,57.33,83.58857143,16.59714286,3.144285714
Malinao,2022,31,Wet,0.452779859,0.344404007,27.082857099999984,27.789999999999964,26.529999999999973,103.29,84.05142857,15.81428571,2.602857143
Malinao,2022,32,Wet,0.724886671,0.472990285,27.94714289999999,28.529999999999973,27.339999999999975,59.69,78.20285714,19.36857143,1.25
Malinao,2022,33,Wet,0.579694215,0.480395786,27.649999999999977,28.20999999999998,27.25999999999999,40.11,81.54857143,14.84571429,2.66
Malinao,2022,34,Wet,0.654196944,0.441842433,27.304074199999974,27.789184299999988,26.80108759999999,66.13170695,83.66242879,17.6666066,3.449504748
Malinao,2022,35,Wet,0.813370547,0.563392612,28.12857139999997,28.639999999999986,27.799999999999983,33.62,83.87142857,18.76,3.397142857
Malinao,2022,36,Wet,0.663064503,0.498580972,27.704285699999986,27.99999999999997,27.289999999999964,43.34,83.79,20.41428571,2.457142857
Malinao,2022,37,Wet,0.630580198,0.508899533,27.891428599999983,28.149999999999977,27.409999999999968,23.62,84.61,20.45,4.641428571
Malinao,2022,38,Wet,0.643919845,0.386084487,27.558571399999977,27.859999999999985,27.21999999999997,84.63,83.39285714,15.27428571,3.451428571
Malinao,2022,39,Wet,0.747461471,0.419947128,27.341428599999972,27.809999999999974,26.70999999999998,60.1,84.69,17.40571429,2.852857143
Malinao,2022,40,Cool Dry,0.665534914,0.480963399,27.55428569999998,28.099999999999966,27.18999999999997,52.99,84.12571429,19.67857143,3.6
Malinao,2022,41,Cool Dry,0.760687248,0.462678571,27.902857099999977,28.119999999999976,27.71999999999997,41.61,85.40142857,18.33714286,3.875714286
Malinao,2022,42,Cool Dry,0.654196944,0.441842433,27.304074199999974,27.789184299999988,26.80108759999999,66.13170695,83.66242879,17.6666066,3.449504748
Malinao,2022,43,Cool Dry,0.743320721,0.47986665,27.95285709999999,28.25999999999999,27.549999999999983,237.37,86.64714286,10.95428571,6.261428571
Malinao,2022,44,Cool Dry,0.727720177,0.485551337,27.498571399999975,27.869999999999976,26.98999999999998,61.91,85.87857143,15.97142857,3.55
Malinao,2022,45,Cool Dry,0.750785353,0.498613418,27.535714299999967,27.909999999999968,27.21999999999997,73.75,86.94428571,14.72571429,3.902857143
Malinao,2022,46,Cool Dry,0.748063877,0.455430026,27.201428599999986,27.92999999999998,26.629999999999967,177.17,85.71285714,9.098571429,4.685714286
Malinao,2022,47,Cool Dry,0.728859273,0.455661515,27.458571399999983,27.68999999999997,26.95999999999998,51.61,83.15714286,17.41857143,4.358571429
Malinao,2022,48,Dry,0.758187242,0.405197584,27.61857139999998,27.789999999999964,27.369999999999976,93.71,84.03714286,13.81428571,5.032857143
Malinao,2022,49,Dry,0.654196944,0.441842433,27.304074199999974,27.789184299999988,26.80108759999999,66.13170695,83.66242879,17.6666066,3.449504748
Malinao,2022,50,Dry,0.654196944,0.441842433,27.304074199999974,27.789184299999988,26.80108759999999,66.13170695,83.66242879,17.6666066,3.449504748
Malinao,2022,51,Dry,0.70113991,0.459033801,25.465714299999973,26.309999999999974,23.95999999999998,236.37,84.64285714,8.238571429,6.798571429
Malinao,2022,52,Dry,0.699182361,0.395654226,25.60499999999999,26.71999999999997,24.169999999999987,80.65,86.64833333,13.125,5.585
Malinao,2023,1,Dry,0.654196944,0.441842433,27.304074199999974,27.789184299999988,26.80108759999999,66.13170695,83.66242879,17.6666066,3.449504748
Malinao,2023,2,Dry,0.250313833,0.200607705,25.47999999999999,25.879999999999967,25.289999999999964,258.59,87.68714286,9.33,5.092857143
Malinao,2023,3,Dry,0.490570254,0.287165977,25.882857099999967,26.109999999999985,25.609999999999985,253.16,89.54,8.831428571,6.124285714
Malinao,2023,4,Dry,0.55290823,0.369072877,25.17571429999998,25.829999999999984,24.549999999999983,149.1,86.07714286,11.19714286,7.128571429
Malinao,2023,5,Dry,0.784638773,0.423951673,25.72714289999999,26.329999999999984,24.94999999999999,83.93,85.83714286,14.25142857,6.452857143
Malinao,2023,6,Dry,0.721217303,0.44029941,25.75285709999997,26.029999999999973,25.25999999999999,28.15,83.58,17.55857143,5.124285714
Malinao,2023,7,Dry,0.654196944,0.441842433,27.304074199999974,27.789184299999988,26.80108759999999,66.13170695,83.66242879,17.6666066,3.449504748
Malinao,2023,8,Dry,0.730516401,0.522192559,26.215714299999973,26.639999999999986,25.72999999999999,56.88,86.93285714,16.52428571,3.591428571
Malinao,2023,9,Dry,0.654196944,0.441842433,27.304074199999974,27.789184299999988,26.80108759999999,66.13170695,83.66242879,17.6666066,3.449504748
Malinao,2023,10,Hot Dry,0.749935492,0.454006836,25.195714299999963,25.409999999999968,24.849999999999966,9.22,79.94142857,22.12285714,5.204285714
Malinao,2023,11,Hot Dry,0.729702294,0.537368213,25.711428599999977,26.119999999999976,24.95999999999998,44.34,81.89,18.88285714,4.941428571
Malinao,2023,12,Hot Dry,0.783949095,0.490351192,26.424285699999984,27.21999999999997,24.849999999999966,14.45,81.24142857,22.98428571,3.81
Malinao,2023,13,Hot Dry,0.74205988,0.484273728,26.825714299999987,27.059999999999974,26.659999999999968,27.24,81.53428571,21.37,3.77
Malinao,2023,14,Hot Dry,0.76097289,0.457815336,26.25999999999999,26.67999999999998,25.75999999999999,21.82,79.15571429,22.09285714,4.472857143
Malinao,2023,15,Hot Dry,0.697730367,0.519082141,27.27285709999998,28.149999999999977,26.46999999999997,74.18,82.98857143,17.81285714,3.214285714
Malinao,2023,16,Hot Dry,0.718220685,0.45336103,27.80428569999998,27.95999999999998,27.49999999999997,10.78,82.93857143,22.56571429,3.007142857
Malinao,2023,17,Hot Dry,0.654196944,0.441842433,27.304074199999974,27.789184299999988,26.80108759999999,66.13170695,83.66242879,17.6666066,3.449504748
Malinao,2023,18,Hot Dry,0.707603998,0.543996333,28.08142859999998,28.47999999999999,27.649999999999977,106.29,82.88,19.52,4.325714286
Malinao,2023,19,Hot Dry,0.74048422,0.461049075,28.218571399999973,28.649999999999977,27.879999999999967,8.04,79.77857143,22.35,2.902857143
Malinao,2023,20,Hot Dry,0.588207766,0.384806564,28.91571429999999,29.289999999999964,28.359999999999985,27.85,78.37,20.50857143,2.182857143
Malinao,2023,21,Hot Dry,0.781330189,0.448391222,29.21999999999997,29.779999999999973,28.50999999999999,31.7,76.28285714,22.27285714,2.948571429
Malinao,2023,22,Wet,0.618876635,0.422316388,28.758571399999965,29.579999999999984,28.23999999999998,40.02,82.97571429,18.40857143,5.768571429
Malinao,2023,23,Wet,0.637726797,0.453578696,28.63571429999999,29.139999999999986,28.089999999999975,30.01,79.40285714,21.19857143,2.975714286
Malinao,2023,24,Wet,0.436367438,0.312059409,28.46999999999997,28.879999999999967,28.21999999999997,12.07,81.97142857,21.90428571,3.09
Malinao,2023,25,Wet,0.654196944,0.441842433,27.304074199999974,27.789184299999988,26.80108759999999,66.13170695,83.66242879,17.6666066,3.449504748
Malinao,2023,26,Wet,0.433793872,0.292738206,28.142857099999986,28.46999999999997,27.649999999999977,48.59,82.63142857,19.07571429,2.248571429
Malinao,2023,27,Wet,0.456381166,0.29456484,28.471428599999967,28.769999999999982,28.289999999999964,19.25,82.06,20.94285714,3.028571429
Malinao,2023,28,Wet,0.426877583,0.265723846,28.05428569999998,28.599999999999966,27.619999999999976,87.02,85.02,16.30428571,5.33
Malinao,2023,29,Wet,0.518024482,0.364580682,28.09571429999997,28.579999999999984,27.579999999999984,89.17,83.46571429,17.25428571,2.757142857
Malinao,2023,30,Wet,0.749107245,0.541782131,27.899999999999977,28.359999999999985,27.529999999999973,86.53,85.64142857,14.22285714,7.618571429
Malinao,2023,31,Wet,0.709171248,0.47551074,28.23285709999999,28.43999999999997,28.059999999999974,4.1,84.43285714,22.00285714,5.517142857
Malinao,2023,32,Wet,0.753712505,0.541207359,28.22714289999999,28.69999999999999,27.72999999999999,11.5,84.67714286,20.47285714,4.192857143
Malinao,2023,33,Wet,0.654196944,0.441842433,27.304074199999974,27.789184299999988,26.80108759999999,66.13170695,83.66242879,17.6666066,3.449504748
Malinao,2023,34,Wet,0.391193756,0.324898358,28.119999999999976,28.549999999999983,27.589999999999975,28.34,82.78428571,18.01857143,4.024285714
Malinao,2023,35,Wet,0.557435779,0.383335182,28.248571399999975,28.43999999999997,27.96999999999997,27.88,84.65142857,17.68142857,7.337142857
Malinao,2023,36,Wet,0.814362792,0.563182495,28.72714289999999,29.309999999999974,28.089999999999975,14.85,80.15714286,20.95714286,2.095714286
Malinao,2023,37,Wet,0.754229077,0.54939291,28.111428599999982,28.47999999999999,27.519999999999982,69.9,81.65857143,18.38571429,2.188571429
Malinao,2023,38,Wet,0.564902685,0.367918077,28.23999999999998,28.669999999999987,27.44999999999999,54.97,80.92142857,16.85142857,2.037142857
Malinao,2023,39,Wet,0.764383165,0.477403934,28.434285699999975,29.079999999999984,27.93999999999997,63.42,81.09571429,17.63428571,2.354285714
Malinao,2023,40,Cool Dry,0.776030511,0.455698783,28.248571399999975,28.789999999999964,27.95999999999998,16.44,82.61142857,18.96285714,3.562857143
Malinao,2023,41,Cool Dry,0.654196944,0.441842433,27.304074199999974,27.789184299999988,26.80108759999999,66.13170695,83.66242879,17.6666066,3.449504748
Malinao,2023,42,Cool Dry,0.705603721,0.430094848,27.799999999999983,28.099999999999966,27.44999999999999,68.04,82.53428571,17.88,2.498571429
Malinao,2023,43,Cool Dry,0.722212487,0.473153809,27.819999999999965,28.329999999999984,27.329999999999984,49.35,83.29428571,18.06714286,3.481428571
Malinao,2023,44,Cool Dry,0.735528523,0.351676427,27.935714299999972,28.18999999999997,27.789999999999964,96.54,83.86857143,15.36428571,3.564285714
Malinao,2023,45,Cool Dry,0.691502186,0.513086294,28.02428569999998,28.289999999999964,27.75999999999999,45.93,83.93428571,17.34142857,4.354285714
Malinao,2023,46,Cool Dry,0.685730361,0.430913069,27.575714299999987,27.94999999999999,27.019999999999982,212.35,84.59,11.17142857,6.857142857
Malinao,2023,47,Cool Dry,0.698823383,0.461833783,27.208571399999983,27.529999999999973,26.829999999999984,181.06,87.92571429,9.352857143,4.71
Malinao,2023,48,Dry,0.737836283,0.405860482,27.357142899999985,27.589999999999975,27.129999999999967,101.2,84.76714286,12.94285714,5.235714286
Malinao,2023,49,Dry,0.654196944,0.441842433,27.304074199999974,27.789184299999988,26.80108759999999,66.13170695,83.66242879,17.6666066,3.449504748
Malinao,2023,50,Dry,0.715424169,0.451258903,27.325714299999987,27.659999999999968,27.109999999999985,58.06,83.54142857,15.45714286,5.451428571
Malinao,2023,51,Dry,0.718154031,0.443340583,27.248571399999975,27.49999999999997,26.93999999999997,108.3,84.03285714,14.41571429,4.735714286
Malinao,2023,52,Dry,0.326449353,0.217320407,27.23285709999999,27.369999999999976,26.99999999999997,115.36,84.55,15.27857143,5.084285714
Malinao,2024,1,Dry,0.65867861,0.396972814,27.015714299999985,27.299999999999983,26.849999999999966,94.0,84.36428571,12.73857143,4.932857143
Malinao,2024,2,Dry,0.710306852,0.424319762,26.38571429999999,27.409999999999968,25.539999999999964,85.28,84.71714286,12.46857143,5.784285714
Malinao,2024,3,Dry,0.52129222,0.377061563,25.704285699999986,26.289999999999964,25.17999999999998,36.02,79.72714286,16.18428571,5.751428571
Malinao,2024,4,Dry,0.753261141,0.418711054,25.20285709999999,26.409999999999968,24.319999999999965,62.16,80.24714286,14.0,6.434285714
Malinao,2024,5,Dry,0.789847432,0.42483996,25.641428599999983,26.159999999999968,25.019999999999982,25.39,81.12571429,17.22571429,5.477142857
Malinao,2024,6,Dry,0.803581639,0.503399666,25.889999999999986,26.299999999999983,25.159999999999968,23.56,80.26,17.98142857,4.877142857
Malinao,2024,7,Dry,0.755929361,0.517772336,25.651428599999974,26.119999999999976,24.809999999999974,33.57,82.05142857,16.16285714,6.005714286
Malinao,2024,8,Dry,0.654196944,0.441842433,27.304074199999974,27.789184299999988,26.80108759999999,66.13170695,83.66242879,17.6666066,3.449504748
Malinao,2024,9,Dry,0.770041224,0.531342223,26.015714299999985,26.139999999999986,25.849999999999966,8.96,75.05142857,21.3,5.375714286
Malinao,2024,10,Hot Dry,0.777647907,0.490819962,26.285714299999967,26.829999999999984,25.869999999999976,18.58,78.11857143,21.13285714,4.454285714
Malinao,2024,11,Hot Dry,0.744694209,0.564086866,26.525714299999976,26.839999999999975,25.95999999999998,18.79,80.05571429,21.08142857,4.601428571
Malinao,2024,12,Hot Dry,0.727949567,0.53805916,26.362857099999985,26.859999999999985,25.859999999999985,33.56,78.34571429,21.07142857,5.16
Malinao,2024,13,Hot Dry,0.757994871,0.485988824,27.134285699999964,27.50999999999999,26.369999999999976,39.23,83.67857143,20.29571429,4.248571429
Malinao,2024,14,Hot Dry,0.712202888,0.473747649,27.51285709999999,27.829999999999984,27.049999999999983,13.92,79.52857143,24.25142857,4.74
Malinao,2024,15,Hot Dry,0.657250638,0.457062819,27.70285709999999,28.089999999999975,27.369999999999976,12.55,78.46,22.42428571,4.248571429
Malinao,2024,16,Hot Dry,0.654196944,0.441842433,27.304074199999974,27.789184299999988,26.80108759999999,66.13170695,83.66242879,17.6666066,3.449504748
Malinao,2024,17,Hot Dry,0.666006933,0.44800899,28.899999999999977,29.329999999999984,28.539999999999964,10.02,77.90714286,23.57285714,4.418571429
Malinao,2024,18,Hot Dry,0.647239164,0.405195828,29.014285699999988,29.529999999999973,28.42999999999998,7.44,73.85571429,24.73714286,4.43
Malinao,2024,19,Hot Dry,0.626394992,0.398439629,29.35142859999999,29.649999999999977,29.039999999999964,13.96,73.01285714,23.71857143,4.128571429
Malinao,2024,20,Hot Dry,0.604666977,0.423337996,29.744285699999978,30.23999999999998,29.49999999999997,6.48,73.77714286,23.42285714,3.772857143
Malinao,2024,21,Hot Dry,0.72946627,0.424066232,29.335714299999978,30.339999999999975,28.21999999999997,99.68,77.39714286,17.17142857,4.975714286
Malinao,2024,22,Wet,0.711613197,0.443922244,28.764285699999988,29.17999999999998,28.47999999999999,33.41,83.24285714,21.06571429,3.417142857
Malinao,2024,23,Wet,0.638513935,0.395568333,29.142857099999986,30.279999999999973,28.19999999999999,42.39,78.68,20.31142857,1.972857143
Malinao,2024,24,Wet,0.654196944,0.441842433,27.304074199999974,27.789184299999988,26.80108759999999,66.13170695,83.66242879,17.6666066,3.449504748
Malinao,2024,25,Wet,0.375631927,0.238671725,28.659999999999968,29.079999999999984,27.899999999999977,39.54,80.20285714,18.60714286,2.334285714
Malinao,2024,26,Wet,0.674124543,0.416686772,28.25999999999999,28.49999999999997,27.909999999999968,63.69,83.19428571,18.16857143,3.498571429
Malinao,2024,27,Wet,0.326951823,0.263751889,28.194285699999966,28.70999999999998,27.70999999999998,46.58,83.16142857,18.43714286,3.094285714
Malinao,2024,28,Wet,0.50121904,0.332521041,28.149999999999977,28.42999999999998,27.46999999999997,66.72,83.38857143,18.11857143,2.595714286
Malinao,2024,29,Wet,0.785118902,0.59974768,27.94714289999999,28.269999999999982,27.599999999999966,115.28,85.40142857,15.63142857,4.121428571
Malinao,2024,30,Wet,0.709866197,0.468226368,27.86857139999998,28.50999999999999,27.22999999999999,93.09,85.01571429,12.57857143,5.417142857
Malinao,2024,31,Wet,0.57494236,0.423875444,28.282857099999973,28.779999999999973,27.73999999999998,27.26,81.13,20.31142857,1.98
Malinao,2024,32,Wet,0.654196944,0.441842433,27.304074199999974,27.789184299999988,26.80108759999999,66.13170695,83.66242879,17.6666066,3.449504748
Malinao,2024,33,Wet,0.717112539,0.614291746,28.73285709999999,29.019999999999982,28.629999999999967,20.37,81.93857143,22.21142857,2.425714286
Malinao,2024,34,Wet,0.605083458,0.447857233,28.438571399999972,28.769999999999982,27.879999999999967,57.05,81.86,17.99,2.028571429
Malinao,2024,35,Wet,0.578108456,0.501548757,28.307142899999974,28.69999999999999,28.00999999999999,131.1,84.44571429,14.46714286,3.495714286
Malinao,2024,36,Wet,0.527672648,0.405965874,28.374285699999973,29.089999999999975,27.789999999999964,62.62,83.79714286,16.56285714,4.487142857
Malinao,2024,37,Wet,0.819963336,0.46730899,28.234285699999987,28.779999999999973,27.779999999999973,126.27,85.16857143,15.73428571,4.177142857
Malinao,2024,38,Wet,0.787988704,0.54227765,27.475714299999964,27.769999999999982,27.139999999999986,96.6,87.15571429,13.19857143,3.638571429
Malinao,2024,39,Wet,0.781740182,0.453580365,28.29428569999999,28.789999999999964,27.94999999999999,22.23,83.59857143,19.47428571,3.23
Malinao,2024,40,Wet,0.654196944,0.441842433,27.304074199999974,27.789184299999988,26.80108759999999,66.13170695,83.66242879,17.6666066,3.449504748
Malinao,2024,41,Cool Dry,0.714479938,0.539813094,28.215714299999973,28.539999999999964,27.839999999999975,73.96,80.59714286,18.92714286,1.931428571
Malinao,2024,42,Cool Dry,0.69869189,0.536665006,28.327142899999984,28.559999999999974,28.049999999999983,61.1,83.66857143,18.47571429,3.302857143
Malinao,2024,43,Cool Dry,0.559177661,0.162869853,27.84857139999997,28.529999999999973,27.119999999999976,414.78,86.38857143,10.56714286,7.374285714
Malinao,2024,44,Cool Dry,0.727106145,0.451610373,27.50142859999997,27.649999999999977,27.319999999999965,43.08,86.25142857,14.86142857,5.077142857
Malinao,2024,45,Cool Dry,0.723828053,0.561692785,27.41857139999999,27.539999999999964,27.329999999999984,49.1,85.22285714,15.43285714,3.302857143
Malinao,2024,46,Cool Dry,0.723756399,0.449876629,27.594285699999972,28.17999999999998,27.19999999999999,112.44,85.95285714,14.07285714,4.264285714
Malinao,2024,47,Cool Dry,0.749736189,0.454701228,27.36571429999998,27.379999999999967,27.339999999999975,24.1,84.61428571,18.12,4.842857143
Malinao,2024,48,Cool Dry,0.654196944,0.441842433,27.304074199999974,27.789184299999988,26.80108759999999,66.13170695,83.66242879,17.6666066,3.449504748
Malinao,2024,49,Dry,0.720027096,0.428581634,27.295714299999986,27.73999999999998,26.769999999999982,48.08,85.95285714,15.68857143,3.544285714
Malinao,2024,50,Dry,0.733025884,0.442404503,27.444285699999966,27.639999999999986,27.149999999999977,202.2,88.45857143,12.02285714,5.541428571
Malinao,2024,51,Dry,0.654196944,0.441842433,27.304074199999974,27.789184299999988,26.80108759999999,66.13170695,83.66242879,17.6666066,3.449504748
Malinao,2024,52,Dry,0.644437853,0.449190706,26.718571399999973,26.94999999999999,26.289999999999964,264.91,88.91714286,10.07428571,5.168571429
Oas,2014,1,Dry,0.5936,0.333,25.878,26.11,25.72,36.01,83.82000000000001,13.69,4.686
Oas,2014,2,Dry,0.3799,0.2477,24.75571429,25.38,23.82,32.52,83.09714285714287,11.957142857142856,7.655714285714287
Oas,2014,3,Dry,0.5959,0.3344,23.72285714,24.71,22.73,57.64,85.49714285714286,9.39857142857143,9.047142857142855
Oas,2014,4,Dry,0.632,0.3553,23.13714286,23.7,22.07,7.48,80.46571428571428,14.195714285714288,6.839999999999999
Oas,2014,5,Dry,0.6689,0.3794,24.45285714,25.85,23.29,16.490000000000002,82.40142857142858,15.725714285714286,5.957142857142856
Oas,2014,7,Dry,0.6721,0.4133,26.07,26.3,25.86,0.69,81.75,19.345714285714283,3.4985714285714287
Oas,2014,8,Dry,0.7286,0.4313,24.65285714,26.09,24.06,6.359999999999999,78.80285714285715,17.59714285714286,4.795714285714285
Oas,2014,9,Dry,0.7219,0.4605,24.32714286,24.57,24.16,45.48,76.36857142857141,17.27285714285714,5.158571428571428
Oas,2014,10,Hot Dry,0.7278,0.4504,25.16714286,25.44,24.66,5.48,77.55,20.342857142857145,4.7700000000000005
Oas,2014,11,Hot Dry,0.7432,0.4826,25.25142857,25.6,25.0,10.15,76.25142857142858,21.09,4.442857142857142
Oas,2014,12,Hot Dry,0.6763,0.4514,25.92142857,26.45,25.37,56.4,80.78999999999999,17.43285714285714,6.011428571428572
Oas,2014,13,Hot Dry,0.6709,0.498,25.92142857,26.22,25.4,57.54,79.07285714285715,19.078571428571426,6.091428571428572
Oas,2014,15,Hot Dry,0.6368,0.4823,26.65714286,26.86,26.4,0.2,80.23285714285714,23.47714285714286,3.932857142857143
Oas,2014,16,Hot Dry,0.61,0.4842,26.87285714,27.17,26.59,13.14,79.03571428571429,20.73,4.532857142857143
Oas,2014,17,Hot Dry,0.633,0.4299,27.42142857,27.99,26.8,15.32,81.52285714285713,21.638571428571428,3.4585714285714286
Oas,2014,18,Hot Dry,0.6658,0.4343,28.40285714,28.61,28.1,2.91,77.63428571428572,23.29428571428572,3.3328571428571427
Oas,2014,19,Hot Dry,0.6617,0.4371,28.33285714,28.74,27.94,0.23,79.46428571428571,22.205714285714286,3.481428571428572
Oas,2014,20,Hot Dry,0.6492,0.4224,28.85857143,29.21,28.4,12.24,76.02857142857144,24.08142857142857,3.761428571428572
Oas,2014,21,Hot Dry,0.6061,0.4553,29.03,29.26,28.86,6.68,76.23,23.312857142857144,3.475714285714285
Oas,2014,23,Wet,0.6127,0.433,30.27142857,31.04,29.6,26.44,68.75714285714285,20.722857142857144,1.8585714285714283
Oas,2014,24,Wet,0.5908,0.3533,28.90571429,29.68,28.45,39.42,79.54142857142857,20.99428571428572,3.152857142857143
Oas,2014,25,Wet,0.6558,0.4287,28.68428571,29.52,28.18,44.44,79.72428571428573,20.542857142857144,3.472857142857144
Oas,2014,26,Wet,0.6436,0.3989,28.43571429,29.14,27.89,73.84,78.25,19.232857142857146,2.7857142857142856
Oas,2014,27,Wet,0.5621,0.2963,27.97285714,28.61,27.3,40.03,81.95714285714287,15.191428571428572,3.787142857142858
Oas,2014,28,Wet,0.5259,0.3757,27.91,28.71,27.59,15.329999999999998,82.70714285714287,19.73,3.97
Oas,2014,29,Wet,0.1341,0.1097,27.36285714,28.47,26.72,254.14,85.65714285714286,14.082857142857142,4.404285714285714
Oas,2014,31,Wet,0.5544,0.2823,26.95428571,27.48,26.27,52.51,86.00857142857144,13.817142857142857,5.49
Oas,2014,32,Wet,0.5464066768593397,0.2941569492573221,26.94428571,27.21,26.54,13.67,87.52857142857144,14.514285714285714,5.845714285714286
Oas,2014,33,Wet,0.5347361842345977,0.3498011208214036,27.40857143,27.87,26.61,0.0,84.66285714285713,21.215714285714284,4.641428571428572
Oas,2014,34,Wet,0.4235280816925045,0.2793310617905492,27.75285714,28.63,27.24,32.03,80.28857142857143,20.65428571428572,2.345714285714286
Oas,2014,35,Wet,0.6167891247647104,0.3502047683072751,27.59428571,28.13,27.16,81.87,80.63,19.595714285714287,1.851428571428572
Oas,2014,36,Wet,0.6423555467763656,0.4185056436261836,26.9,27.25,26.35,95.48,84.04285714285713,16.102857142857143,2.9785714285714286
Oas,2014,37,Wet,0.7210561272975186,0.4082679256586459,26.97714286,28.11,26.2,184.4,85.52142857142857,11.57,4.508571428571429
Oas,2014,39,Wet,0.7346110807597488,0.470796025510474,27.32428571,28.01,26.5,213.29,85.82857142857142,15.792857142857144,4.952857142857143
Oas,2014,40,Wet,0.760383927928062,0.4779369675745157,27.76857143,28.3,27.37,18.85,82.12285714285714,20.43857142857143,2.3042857142857143
Oas,2014,41,Cool Dry,0.754041886610886,0.5698796166845476,27.72142857,28.02,27.22,50.82,81.43857142857144,18.24,2.462857142857143
Oas,2014,42,Cool Dry,0.7342,0.4724,27.04857143,27.58,26.57,118.28,85.78,13.808571428571428,4.187142857142857
Oas,2014,43,Cool Dry,0.7055,0.4747,27.09,27.23,26.91,51.54,84.02,18.68142857142857,3.394285714285714
Oas,2014,44,Cool Dry,0.7313,0.4587,27.27142857,27.58,27.1,71.08,85.48142857142857,14.694285714285714,4.632857142857143
Oas,2014,45,Cool Dry,0.3792,0.2158,26.33857143,27.17,25.44,15.79,80.1542857142857,17.745714285714286,4.535714285714286
Oas,2014,47,Cool Dry,0.6037,0.3538,26.49428571,26.67,26.18,64.93,85.11142857142856,13.877142857142855,5.078571428571428
Oas,2014,48,Cool Dry,0.6156,0.3914,26.73571429,27.26,26.48,68.74,86.88285714285713,14.625714285714285,3.367142857142857
Oas,2014,49,Dry,0.5768,0.3508,26.32714286,27.07,25.12,224.43,85.28285714285714,11.09142857142857,7.532857142857142
Oas,2014,50,Dry,0.6063,0.3505,26.33285714,26.67,25.42,134.32999999999998,87.50857142857144,11.79,4.838571428571428
Oas,2014,51,Dry,0.5727,0.2878,26.07142857,26.46,25.37,86.62,87.05428571428571,12.612857142857145,5.651428571428572
Oas,2014,52,Dry,0.543,0.3088,26.24714286,26.58,25.68,159.25,87.38857142857144,12.611428571428572,7.24
Oas,2015,1,Dry,0.5082305950376188,0.2767762598305087,25.025,25.61,24.39,70.78999999999999,86.7775,10.2075,7.3075
Oas,2015,2,Dry,0.478774120254945,0.2431389264430367,25.59333333,25.79,25.43,139.62,89.78666666666668,4.86,7.713333333333334
Oas,2015,3,Dry,0.4733802470428987,0.2198329095228413,24.70571429,25.56,24.02,23.98,80.50714285714285,15.747142857142858,6.268571428571429
Oas,2015,4,Dry,0.5277919974901972,0.2713339878444211,25.05142857,25.83,24.02,24.5,83.18142857142857,14.405714285714286,4.408571428571428
Oas,2015,6,Dry,0.4959846403318522,0.2488354660235047,24.91571429,25.73,24.21,33.69,82.82714285714285,13.801428571428572,5.827142857142857
Oas,2015,7,Dry,0.6146019653073038,0.3301900816197685,24.44142857,25.24,23.81,15.67,78.99142857142856,18.035714285714285,5.0371428571428565
Oas,2015,8,Dry,0.6807004224641886,0.4049648259846626,24.93857143,25.52,24.5,110.01,86.67714285714285,14.328571428571427,5.651428571428572
Oas,2015,9,Dry,0.6889610917038888,0.404261885118284,24.44428571,24.78,23.97,15.46,79.30142857142857,17.84,5.051428571428572
Oas,2015,10,Hot Dry,0.7260237747765024,0.4662066383821711,25.40142857,25.72,24.79,8.04,79.30142857142857,20.205714285714286,4.7057142857142855
Oas,2015,11,Hot Dry,0.7203809298132726,0.5039192238898679,25.40285714,26.03,24.82,14.52,79.15714285714286,19.801428571428573,4.8185714285714285
Oas,2015,12,Hot Dry,0.7565429091194875,0.6036638456093122,25.28857143,25.66,24.93,7.14,75.5442857142857,22.037142857142857,4.757142857142857
Oas,2015,14,Hot Dry,0.7530668898660943,0.5130053368900928,25.73571429,26.7,24.97,21.39,78.21857142857142,18.458571428571428,3.6557142857142857
Oas,2015,15,Hot Dry,0.7399507834672061,0.4924573149865219,26.67714286,26.93,26.34,30.65,79.94428571428571,19.83142857142857,4.338571428571429
Oas,2015,16,Hot Dry,0.6488744882187082,0.4807113741654654,26.49,26.89,26.24,7.97,78.19571428571429,21.76714285714285,4.708571428571429
Oas,2015,17,Hot Dry,0.6544620743438339,0.4356393540101743,27.30714286,27.52,26.85,31.0,81.28,21.254285714285714,4.144285714285714
Oas,2015,18,Hot Dry,0.6289264409965594,0.4027365485683145,27.78428571,28.14,27.32,17.66,77.79571428571428,22.571428571428573,3.275714285714286
Oas,2015,19,Hot Dry,0.6525558972756538,0.3912844793500218,28.01714286,28.23,27.77,47.53,78.11,21.985714285714288,3.468571428571429
Oas,2015,20,Hot Dry,0.6602235360471274,0.4034413738308526,28.00857143,28.38,27.61,6.31,76.18714285714285,25.49428571428572,3.924285714285714
Oas,2015,22,Hot Dry,0.6368602531896358,0.4199771997484274,28.63857143,29.25,27.89,3.82,72.69285714285715,23.708571428571428,2.827142857142857
Oas,2015,23,Wet,0.6850302919635339,0.4310172968354636,29.57714286,29.84,29.25,10.99,69.63428571428571,24.187142857142856,2.6942857142857144
Oas,2015,24,Wet,0.6926437638527506,0.4465625944295574,28.66571429,29.12,28.23,37.92,76.92571428571429,21.164285714285715,3.042857142857143
Oas,2015,25,Wet,0.5489270682922871,0.3002960769956645,28.83,29.18,28.46,15.81,77.52,21.435714285714283,3.12
Oas,2015,26,Wet,0.2701730872227769,0.2011934638280643,28.33714286,29.07,27.2,70.01,78.04714285714286,17.417142857142856,2.924285714285714
Oas,2015,27,Wet,0.3732942296508841,0.2476858283557437,28.17142857,29.12,27.4,67.25999999999999,81.14,15.582857142857142,4.977142857142858
Oas,2015,28,Wet,0.4737650975070587,0.306351882520592,27.70857143,28.18,27.27,42.04,84.69428571428571,15.304285714285712,6.7457142857142856
Oas,2015,30,Wet,0.577316154759189,0.3419578068358273,27.60857143,27.85,27.34,10.46,84.12714285714286,18.50142857142857,4.235714285714286
Oas,2015,31,Wet,0.590579326255907,0.3347446332033179,27.28714286,27.79,26.3,38.24,80.26285714285714,18.34,2.6214285714285714
Oas,2015,32,Wet,0.64232323683645,0.3909564484014351,27.43571429,27.95,26.69,42.73,80.55,20.04428571428572,2.58
Oas,2015,33,Wet,0.7315763160781118,0.3591863239970982,28.17,28.94,27.46,14.82,79.71857142857142,21.56571428571429,1.6614285714285713
Oas,2015,34,Wet,0.672629679237171,0.4537349202417478,28.40714286,29.5,27.72,43.19,79.83571428571429,17.14,6.028571428571429
Oas,2015,35,Wet,0.7502160180977462,0.485336154777924,27.67428571,28.11,27.14,39.93,80.11714285714287,18.83428571428572,3.001428571428572
Oas,2015,36,Wet,0.778889452837087,0.5102104271534519,28.13,29.12,27.63,23.44,79.78142857142858,19.91,2.051428571428571
Oas,2015,38,Wet,0.8020483014598432,0.5996534942647446,28.07,28.84,27.5,53.14,80.83142857142856,20.58142857142857,2.49
Oas,2015,39,Wet,0.7691525364741755,0.5565923311449187,27.82857143,28.08,27.48,57.95,78.82142857142857,18.99,2.725714285714285
Oas,2015,40,Wet,0.8035581976867495,0.5130490812463081,27.95285714,28.21,27.73,45.94,82.23285714285714,18.93142857142857,3.1671428571428573
Oas,2015,41,Cool Dry,0.7381999953203797,0.5019216699305538,27.32142857,27.79,26.47,71.11,84.00857142857141,14.742857142857144,3.54
Oas,2015,42,Cool Dry,0.6704904468953331,0.487457303244904,28.49142857,28.97,28.07,43.83,75.54285714285713,21.548571428571428,2.52
Oas,2015,43,Cool Dry,0.6709742999752313,0.4653800238079298,27.58714286,28.32,26.57,136.12,82.67428571428572,11.444285714285714,6.454285714285715
Oas,2015,44,Cool Dry,0.6238721689927011,0.3792726180685966,27.23571429,27.57,26.75,46.05,82.12571428571428,18.02857142857143,4.395714285714286
Oas,2015,46,Cool Dry,0.6200435163475377,0.407681242303354,27.40714286,27.55,27.07,48.74,82.21285714285715,18.46,4.748571428571429
Oas,2015,47,Cool Dry,0.611060882117927,0.3804859938144154,27.36142857,27.45,27.3,46.25,81.79714285714286,18.222857142857144,4.565714285714286
Oas,2015,48,Cool Dry,0.5994488338948327,0.3188802591966868,27.32857143,27.57,27.08,51.65,79.86285714285714,18.077142857142857,5.244285714285715
Oas,2015,49,Dry,0.6072800862692199,0.3325022008396041,26.87428571,27.36,26.42,71.17,82.84142857142857,15.934285714285712,4.815714285714286
Oas,2015,50,Dry,0.5390387766231408,0.2839295585080649,26.84857143,27.12,26.34,52.07,84.39999999999999,16.22714285714286,4.33
Oas,2015,51,Dry,0.5482180712159133,0.3124321697992709,26.56142857,27.02,25.96,250.98,87.26571428571428,9.785714285714286,7.241428571428571
Oas,2015,52,Dry,0.557882512546259,0.2865062039080133,26.10571429,26.48,25.85,29.95,82.41857142857144,16.57,5.07
Oas,2016,53,Dry,0.5474098307209012,0.3119563484242477,25.78,25.96,25.55,8.28,81.38,18.40714285714285,3.894285714285714
Oas,2016,1,Dry,0.5408842619815912,0.2902695681615553,26.21142857,26.68,25.68,35.32,82.95285714285714,15.774285714285714,3.251428571428572
Oas,2016,2,Dry,0.5652344974207675,0.3130732660537011,25.90428571,26.11,25.61,28.66,80.79857142857144,17.202857142857145,4.841428571428572
Oas,2016,4,Dry,0.6153241913456368,0.3322722788133464,25.51571429,26.35,24.19,75.28,84.07000000000001,13.007142857142856,7.184285714285714
Oas,2016,5,Dry,0.6376564854770596,0.366227370992085,25.92285714,26.52,25.16,56.5,83.27142857142857,15.218571428571428,5.078571428571428
Oas,2016,6,Dry,0.7106401344892835,0.473635846952585,25.24857143,26.07,24.5,65.96000000000001,82.85428571428572,16.33857142857143,5.587142857142857
Oas,2016,7,Dry,0.4257657877222578,0.3174183226481774,25.38571429,26.04,24.97,20.51,82.25428571428571,18.687142857142856,5.371428571428572
Oas,2016,8,Dry,0.7603670832297398,0.4772587668137089,25.72714286,26.07,25.52,77.6,82.60142857142857,17.62142857142857,6.1000000000000005
Oas,2016,9,Hot Dry,0.7411782062536093,0.473899380798073,25.85428571,26.24,25.5,3.42,82.87571428571428,23.05,3.968571428571429
Oas,2016,10,Hot Dry,0.7573321599885993,0.4891707205234893,26.12857143,26.32,25.97,3.28,80.5442857142857,23.56714285714286,3.222857142857143
Oas,2016,12,Hot Dry,0.7179321931144423,0.5082439632324013,26.50285714,26.93,25.9,4.859999999999999,78.24285714285715,23.807142857142857,3.0557142857142856
Oas,2016,13,Hot Dry,0.6765830714372896,0.5384325594784283,26.94714286,27.31,26.24,34.32,79.58857142857143,19.00142857142857,4.912857142857143
Oas,2016,14,Hot Dry,0.7033423349369677,0.4535092504109304,27.23571429,27.66,26.89,13.12,79.16142857142857,22.698571428571427,4.404285714285714
Oas,2016,15,Hot Dry,0.5792823449223159,0.4435885529067095,28.08857143,28.44,27.75,13.88,80.58857142857143,23.464285714285715,3.684285714285714
Oas,2016,16,Hot Dry,0.576765431542955,0.3765386741182422,27.85,28.02,27.68,16.57,77.60714285714286,23.84857142857143,4.3185714285714285
Oas,2016,17,Hot Dry,0.6025924425500501,0.3918367768172411,28.54285714,29.14,27.8,14.61,75.8442857142857,23.73,3.628571428571429
Oas,2016,18,Hot Dry,0.5933307482422151,0.3873471957080016,28.66714286,28.82,28.35,16.36,76.19285714285715,23.632857142857144,4.352857142857142
Oas,2016,20,Hot Dry,0.462793351336991,0.2954855336925772,28.90142857,29.09,28.62,32.3,76.61,21.64428571428571,3.53
Oas,2016,21,Hot Dry,0.681858187994136,0.4594732189511259,28.55285714,28.85,28.18,35.25,79.36714285714285,19.12142857142857,2.6185714285714283
Oas,2016,22,Wet,0.6726151688714745,0.4482570774572897,28.91571429,29.15,28.49,39.29,77.35142857142857,19.90571428571429,2.1885714285714286
Oas,2016,23,Wet,0.5889158083219547,0.3948541443684207,29.11285714,29.9,28.61,38.46,77.79285714285713,20.012857142857143,3.257142857142857
Oas,2016,24,Wet,0.645073690252807,0.4369245958215964,27.96285714,28.65,27.44,72.34,81.53428571428572,16.391428571428573,2.821428571428572
Oas,2016,25,Wet,0.4966895751749244,0.3343963206235563,27.82571429,28.28,27.33,67.81,80.77,17.574285714285715,2.5542857142857143
Oas,2016,26,Wet,0.473959364210424,0.3378545356220079,27.54571429,28.17,27.19,72.35,84.33571428571429,15.335714285714287,4.41
Oas,2016,28,Wet,0.633738352497873,0.4236887780639459,28.43571429,29.16,28.03,10.29,77.42714285714285,21.125714285714285,1.6785714285714286
Oas,2016,29,Wet,0.5663212729948854,0.4154549046569729,28.08285714,28.78,27.56,25.27,79.92571428571429,20.36428571428572,2.325714285714286
Oas,2016,30,Wet,0.707052240224181,0.4275075607931853,28.36,28.83,27.62,100.11,79.82142857142857,16.580000000000002,3.1685714285714286
Oas,2016,31,Wet,0.4533213903412196,0.3336962183495391,27.88857143,28.64,27.43,27.68,82.02571428571427,18.711428571428574,3.472857142857143
Oas,2016,32,Wet,0.5837055451786549,0.3834115463122609,27.66428571,27.97,27.44,42.26,85.11857142857141,16.419999999999998,6.681428571428571
Oas,2016,33,Wet,0.669691520507537,0.5247939348725523,27.70714286,28.1,26.84,70.87,86.0657142857143,16.075714285714287,4.518571428571429
Oas,2016,34,Wet,0.6300964548629479,0.4162385491466203,27.90142857,28.32,27.46,16.86,85.35571428571428,19.86285714285714,4.774285714285715
Oas,2016,36,Wet,0.6299147980682549,0.4281915812522316,27.96428571,28.27,27.6,29.07,81.34857142857143,20.78428571428572,2.045714285714286
Oas,2016,37,Wet,0.6909302978073424,0.4830999496336755,27.75,27.85,27.55,33.4,83.70857142857143,19.715714285714284,3.27
Oas,2016,38,Wet,0.7531445606242948,0.4929314025262786,27.64142857,28.03,27.0,76.66,84.63,18.06428571428572,2.6700000000000004
Oas,2016,39,Wet,0.7194379018272974,0.4539087521691287,27.31,27.79,26.47,79.33,84.00857142857141,15.055714285714286,3.8085714285714287
Oas,2016,40,Cool Dry,0.6746562873339196,0.4366028511110689,27.26142857,28.03,26.72,80.28,83.54285714285713,14.43142857142857,2.164285714285714
Oas,2016,41,Cool Dry,0.696260183602291,0.4489066494202616,27.16142857,27.63,26.65,295.23,85.58857142857143,12.855714285714289,4.48
Oas,2016,42,Cool Dry,0.5552984136727842,0.366813966675924,27.30142857,27.56,26.97,34.599999999999994,86.53,16.884285714285713,3.855714285714286
Oas,2016,44,Cool Dry,0.5120831472651842,0.3157617155029193,27.49142857,27.75,27.23,117.96,86.24285714285715,14.23,4.37
Oas,2016,45,Cool Dry,0.637111850497084,0.3926703055542698,26.42714286,27.03,26.0,19.6,79.41571428571429,16.669999999999998,5.12
Oas,2016,46,Cool Dry,0.659227033901693,0.3743202214570715,27.20714286,27.41,26.97,130.53,87.39571428571428,12.558571428571428,4.41
Oas,2016,47,Cool Dry,0.621739265138854,0.3795347060067479,27.05857143,27.22,26.93,54.33,84.5942857142857,15.13,5.2700000000000005
Oas,2016,48,Dry,0.6452924701337736,0.350147831642774,26.67142857,27.12,26.34,146.39,87.16285714285713,12.588571428571427,3.94
Oas,2016,49,Dry,0.3849586022778744,0.2503874995255634,26.30714286,27.07,25.72,253.66,87.58285714285715,10.081428571428573,4.96
Oas,2016,50,Dry,0.4366475424703436,0.2261526745514893,26.45285714,26.51,26.38,103.9,85.35714285714286,11.86285714285714,6.518571428571428
Oas,2016,52,Dry,0.3198908381730277,0.1780751706375249,26.685,26.86,26.51,46.07,87.54833333333333,14.228333333333332,5.008333333333334
Oas,2017,52,Dry,0.3176199356617647,0.1492317679998005,26.16428571,26.73,25.72,66.01,83.91142857142857,12.175714285714289,5.97
Oas,2017,2,Dry,0.3952696538559134,0.1860239996334274,25.12857143,25.91,24.58,161.44,84.89571428571428,10.73857142857143,6.725714285714285
Oas,2017,3,Dry,0.4322313463876417,0.1995479644011353,25.21571429,25.82,24.69,49.41,82.22428571428573,14.52,6.715714285714285
Oas,2017,4,Dry,0.4107593545609285,0.1917635549066721,25.66285714,26.31,24.84,76.47,86.29714285714286,14.572857142857142,5.107142857142857
Oas,2017,5,Dry,0.493187764741837,0.235858895884028,24.58428571,25.41,23.22,18.12,80.68571428571428,18.17142857142857,6.532857142857142
Oas,2017,6,Dry,0.1740903908350801,0.1332392927911806,24.40857143,25.63,23.03,51.27,81.98285714285714,15.491428571428573,6.691428571428571
Oas,2017,7,Dry,0.6489199090693438,0.3847975399358822,25.64285714,26.02,25.44,45.85,86.38714285714286,18.514285714285712,4.408571428571428
Oas,2017,8,Dry,0.5959388095029492,0.3382316666207934,25.60285714,26.0,25.28,48.09,81.7042857142857,20.06,5.224285714285714
Oas,2017,10,Hot Dry,0.6662072098638185,0.394101632095197,25.38857143,26.15,24.8,50.58,82.5257142857143,18.90571428571429,5.252857142857143
Oas,2017,11,Hot Dry,0.6119094104721279,0.3736831821911037,25.71857143,26.36,25.16,84.39999999999999,82.33285714285714,17.194285714285716,4.564285714285715
Oas,2017,12,Hot Dry,0.6924960255876182,0.5404620411199074,26.44714286,26.87,25.52,42.46,84.97285714285715,21.42,3.452857142857144
Oas,2017,13,Hot Dry,0.624459205702855,0.4904685557184767,26.10285714,26.3,25.85,50.21,83.00714285714285,18.212857142857143,5.442857142857143
Oas,2017,14,Hot Dry,0.7104929817195875,0.4450857843080775,25.97857143,26.81,25.01,30.65,83.34,18.562857142857144,5.374285714285714
Oas,2017,15,Hot Dry,0.6338619816041469,0.4765741786769114,27.53571429,27.96,27.07,11.37,81.26285714285714,23.60428571428572,2.9828571428571427
Oas,2017,16,Hot Dry,0.6513940668870235,0.4219551800879609,27.84714286,28.25,27.42,4.37,76.02857142857144,24.32857142857143,2.8457142857142856
Oas,2017,18,Hot Dry,0.5952734002866181,0.3929711507060895,28.13,28.53,27.77,27.73,81.63857142857144,23.698571428571427,3.3128571428571427
Oas,2017,19,Hot Dry,0.6874120445854713,0.4135751371178333,28.25571429,28.48,27.94,31.07,80.75142857142858,21.502857142857145,4.234285714285714
Oas,2017,20,Hot Dry,0.6132301113212372,0.4169463382235847,28.62285714,29.2,28.24,45.87,80.41,21.22142857142857,2.4385714285714286
Oas,2017,21,Hot Dry,0.636975456155526,0.3766983817065832,28.96857143,29.21,28.69,6.959999999999999,81.05285714285715,23.08,2.642857142857143
Oas,2017,22,Wet,0.6125911895287539,0.4351139439725334,28.22285714,29.35,27.53,62.72,82.4557142857143,16.56,2.9185714285714286
Oas,2017,23,Wet,0.6407044426351841,0.4056545004876613,28.65857143,29.42,28.05,8.11,78.17,23.98,2.3057142857142856
Oas,2017,24,Wet,0.5631634793159958,0.3183242059645941,28.44142857,28.84,27.64,26.61,77.36428571428571,22.027142857142856,2.084285714285714
Oas,2017,26,Wet,0.6038635258413674,0.4002563031074222,28.10571429,28.55,27.64,50.01,78.41428571428571,19.148571428571422,1.89
Oas,2017,27,Wet,0.3748390619418069,0.2574071557634407,27.50571429,27.77,27.31,68.35,82.12571428571428,15.604285714285714,2.8228571428571425
Oas,2017,28,Wet,0.4480130560518497,0.2773013941343708,27.68,28.48,27.28,92.39,79.01714285714286,17.622857142857143,1.9314285714285715
Oas,2017,29,Wet,0.3894652437095819,0.2561887835163854,27.32142857,27.79,26.97,115.72,83.21428571428571,14.578571428571427,2.825714285714286
Oas,2017,30,Wet,0.5316421673325862,0.3096684639002493,28.01857143,28.55,27.54,26.7,84.46142857142857,20.08,4.097142857142857
Oas,2017,31,Wet,0.5385944370754316,0.3041236613537754,28.40142857,28.79,27.71,28.49,80.33571428571429,21.81571428571429,2.15
Oas,2017,32,Wet,0.5799738934074249,0.3437567015719226,28.09857143,28.54,27.17,41.190000000000005,82.02285714285713,19.527142857142856,2.4642857142857144
Oas,2017,34,Wet,0.560750173924142,0.3399294459384698,27.31285714,27.83,26.46,94.68,83.46428571428571,15.521428571428572,3.5228571428571427
Oas,2017,35,Wet,0.7078739494128502,0.4731694229533652,27.90428571,28.17,27.32,28.13,84.44142857142857,19.395714285714288,4.258571428571428
Oas,2017,36,Wet,0.6299731933573086,0.4040664885925818,28.14857143,28.67,27.38,70.69,81.16285714285713,17.75,2.36
Oas,2017,37,Wet,0.7303108017170363,0.4711152368872825,27.74714286,28.74,26.8,100.24,81.43714285714285,16.28142857142857,3.042857142857143
Oas,2017,38,Wet,0.799124240842023,0.5350446271041072,27.80714286,28.46,27.27,59.14,82.42571428571429,17.942857142857143,2.0742857142857143
Oas,2017,39,Wet,0.7580356832674027,0.586383402967378,27.57714286,27.86,27.24,89.36,83.23285714285714,15.301428571428572,2.4771428571428573
Oas,2017,40,Cool Dry,0.4600182161058836,0.3773458642725525,27.69714286,28.19,27.2,79.75999999999999,81.33571428571429,18.265714285714285,2.267142857142857
Oas,2017,42,Cool Dry,0.6785345955444284,0.4078384016326461,27.62,28.17,27.25,97.97,84.48142857142857,12.797142857142855,3.898571428571429
Oas,2017,43,Cool Dry,0.6797059334114969,0.4182433678656799,27.16857143,27.47,26.92,233.76,85.60285714285715,12.508571428571427,5.08
Oas,2017,44,Cool Dry,0.6316185566119714,0.4021871740756751,27.22428571,27.47,26.93,95.51,86.33857142857143,15.15,4.55
Oas,2017,45,Cool Dry,0.6321671216238407,0.3637160375182391,27.31,27.5,27.08,87.56,85.43285714285715,13.945714285714288,4.182857142857143
Oas,2017,46,Cool Dry,0.6083780031820591,0.4333917544728463,27.49428571,27.58,27.32,86.16,84.94571428571429,15.412857142857144,5.364285714285714
Oas,2017,47,Cool Dry,0.6029679320941226,0.3642674934660268,27.39714286,27.48,27.3,66.3,85.22142857142856,15.507142857142856,5.01
Oas,2017,48,Dry,0.5886875818163484,0.3217995500149053,27.31,27.72,26.95,79.91,84.34142857142857,15.45,3.2842857142857143
Oas,2017,50,Dry,0.5619125330142596,0.3523873227498424,26.48714286,27.26,24.84,329.75,87.71714285714286,7.378571428571428,7.37
Oas,2017,51,Dry,0.5877568745510485,0.3292202510691355,26.31571429,27.04,25.6,216.47,87.64285714285714,9.55,6.465714285714285
Oas,2017,51,Dry,0.5877568745510485,0.3292202510691355,26.6871429,26.95,26.28,29.68,81.08428571,17.17,5.455714286
Oas,2017,52,Dry,0.5000463854476621,0.2118281499630259,26.5571429,27.11,26.21,92.19,84.93857143,14.05428571,5.15
Oas,2018,1,Dry,0.4979632866536734,0.2492662563798226,25.68,26.36,24.87,32.05,83.37571429,17.02142857,4.095714286
Oas,2018,2,Dry,0.3931585482622174,0.1710287796766723,26.1971429,26.48,25.68,126.64,84.90571429,15.15571429,5.425714286
Oas,2018,3,Dry,0.4468152430971124,0.2044309533525753,26.1928571,26.47,25.88,85.5,82.35857143,15.81857143,4.982857143
Oas,2018,4,Dry,0.5482339111474148,0.2627619515347281,26.4185714,26.64,26.16,64.92,84.69285714,17.14571429,4.378571429
Oas,2018,5,Dry,0.5410104102349096,0.262505372,26.2185714,26.81,25.36,46.29,81.46714286,17.82285714,5.325714286
Oas,2018,6,Dry,0.6038925526318835,0.3039605779127158,26.2385714,26.6,25.65,61.12,81.83571429,19.38285714,5.067142857
Oas,2018,7,Dry,0.6794761337867207,0.3884497981828692,26.0585714,26.78,25.35,29.82,80.68285714,19.91285714,5.19
Oas,2018,9,Dry,0.7353216607497092,0.4596860030620723,25.98,26.17,25.41,28.03,79.84714286,19.62428571,4.971428571
Oas,2018,10,Hot Dry,0.7016935881967221,0.3856736528596516,26.4371429,26.81,26.14,49.15,80.10142857,20.27714286,4.662857143
Oas,2018,11,Hot Dry,0.7452574384806953,0.4715941844125802,27.16,27.57,26.75,53.06,84.44285714,20.08,4.36
Oas,2018,12,Hot Dry,0.6390486488617929,0.5140113887858004,27.3042857,27.73,26.95,25.15,80.60142857,22.11571429,3.85
Oas,2018,13,Hot Dry,0.6714488934145882,0.427780107,27.6985714,27.97,27.44,10.97,80.33285714,24.19285714,3.83
Oas,2018,14,Hot Dry,0.6675497443465723,0.4682670797433744,28.0985714,28.27,27.89,50.26,81.32571429,19.48,3.982857143
Oas,2018,15,Hot Dry,0.6508483509581581,0.4116013460151456,28.0857143,28.56,27.71,6.22,79.29857143,23.08142857,3.101428571
Oas,2018,17,Hot Dry,0.6314928980407586,0.4598591958007124,28.0471429,28.19,27.86,18.98,81.65857143,21.52142857,2.935714286
Oas,2018,18,Hot Dry,0.6459992353825579,0.4054495090160868,28.2485714,28.63,27.99,20.4,82.03285714,21.55,2.841428571
Oas,2018,19,Hot Dry,0.5828167455680676,0.3929145772327451,28.2271429,28.61,27.82,38.56,82.21,18.79,2.772857143
Oas,2018,20,Hot Dry,0.5651765976256679,0.325637767,28.0828571,28.35,27.69,113.01,83.38428571,12.51285714,4.941428571
Oas,2018,21,Hot Dry,0.5938001380183537,0.4121609558736743,28.2428571,28.53,28.03,17.61,83.56,20.18428571,5.151428571
Oas,2018,22,Wet,0.6284908033119919,0.436689275,27.73,28.04,27.41,37.68,81.23714286,19.26285714,2.668571429
Oas,2018,23,Wet,0.6216041186708722,0.4329674262047164,27.6585714,28.07,26.7,25.7,80.32285714,18.86428571,2.552857143
Oas,2018,25,Wet,0.5408946931132025,0.3606060217232464,27.55,27.83,27.31,41.56,82.98142857,21.66428571,2.641428571
Oas,2018,26,Wet,0.595908617,0.3791695142222159,27.3771429,27.7,26.92,67.21,86.42571429,17.12714286,4.19
Oas,2018,27,Wet,0.3203021637818881,0.2148859276502052,27.6757143,28.24,26.97,50.35,85.36,16.23571429,6.412857143
Oas,2018,28,Wet,0.5095998557043153,0.3020321138771887,27.4242857,27.74,27.15,57.6,84.77,16.79428571,4.122857143
Oas,2018,29,Wet,0.4390005965364197,0.2620471317126446,27.3442857,27.81,26.77,56.1,85.68857143,19.75571429,4.084285714
Oas,2018,30,Wet,0.5855771761330826,0.3479094371777854,27.23,27.67,27.09,41.12,85.38714286,14.02571429,5.732857143
Oas,2018,31,Wet,0.223470830930568,0.1792793424054873,27.5428571,27.78,27.16,21.27,84.13714286,18.66714286,5.498571429
Oas,2018,33,Wet,0.5939729825174788,0.3634211589350303,27.6557143,27.95,27.08,10.21,83.18,19.99142857,5.002857143
Oas,2018,34,Wet,0.487576791034911,0.3325891554938494,27.3814286,27.72,26.84,81.48,80.57285714,17.04571429,2.191428571
Oas,2018,35,Wet,0.6730066682521171,0.4140558962034876,27.0828571,27.97,26.54,44.38,85.00714286,17.72142857,3.244285714
Oas,2018,36,Wet,0.7064622247183412,0.4826845169662064,27.48,27.99,26.89,162.47,84.14142857,15.05428571,4.55
Oas,2018,37,Wet,0.6737656865078709,0.4456900083570552,27.2057143,27.6,26.98,33.63,84.84714286,19.41142857,3.145714286
Oas,2018,38,Wet,0.6714955698234611,0.448034779287783,27.7814286,28.05,27.48,19.26,83.17285714,20.08428571,3.851428571
Oas,2018,39,Wet,0.7173106402610449,0.4616294575107837,27.2914286,27.97,26.84,32.86,81.12714286,17.31714286,2.381428571
Oas,2018,41,Cool Dry,0.6993888061334022,0.4542397319831175,27.2414286,27.55,27.07,20.63,83.57,20.33571429,3.182857143
Oas,2018,42,Cool Dry,0.7356099270599146,0.4599622858287818,27.2728571,27.93,27.0,49.58,82.44857143,16.17142857,3.412857143
Oas,2018,43,Cool Dry,0.6288745681355192,0.4404445395976876,26.9685714,27.72,26.41,19.1,79.21571429,18.66857143,5.074285714
Oas,2018,44,Cool Dry,0.6471386263395533,0.4194825516648262,27.2228571,27.67,25.73,15.4,81.80714286,18.29142857,4.56
Oas,2018,45,Cool Dry,0.6699480738136053,0.3325867313789134,27.3671429,27.72,27.19,81.66,82.58428571,17.6,5.881428571
Oas,2018,46,Cool Dry,0.5943831272301553,0.3855566247788993,26.9271429,27.23,26.71,38.39,81.86857143,18.34285714,4.635714286
Oas,2018,47,Cool Dry,0.5951578220872291,0.3529329923478497,26.8042857,27.4,26.47,98.0,82.43142857,14.70857143,5.451428571
Oas,2018,49,Dry,0.6030104209090449,0.3424731531668507,26.5742857,26.95,26.23,33.17,82.14714286,18.34428571,5.2
Oas,2018,50,Dry,0.6006724722801723,0.3665052379188102,27.12,27.36,26.95,29.83,83.52714286,17.07428571,5.434285714
Oas,2018,51,Dry,0.5576669974831715,0.2437052698983736,26.7628571,27.08,26.45,76.17,83.87571429,13.33142857,6.41
Oas,2018,51,Dry,0.5577,0.2437,26.6357143,27.06,26.1,66.54,86.20428571,13.55857143,5.612857143
Oas,2018,52,Dry,0.5163909854570847,0.2707902308829866,26.32,26.63,26.02,206.31,85.90428571,10.63428571,5.662857143
Oas,2018,52,Dry,0.5164,0.2708,26.8985714,27.34,26.34,231.73,86.07142857,13.11428571,6.82
Oas,2019,1,Dry,0.5242,0.2738,25.0214286,25.68,24.57,13.91,80.24714286,20.03285714,4.212857143
Oas,2019,2,Dry,0.5164,0.2708,24.4371429,24.95,23.7,19.75,76.99285714,15.24571429,5.62
Oas,2019,3,Dry,0.5264,0.3154,25.0585714,26.27,23.65,89.83,83.63571429,11.89571429,7.288571429
Oas,2019,4,Dry,0.5296,0.2946,25.2785714,25.61,25.0,31.22,77.52571429,16.48571429,6.104285714
Oas,2019,5,Dry,0.534,0.296,25.9571429,26.23,25.67,5.73,77.31714286,21.80428571,3.914285714
Oas,2019,6,Dry,0.6241,0.3237,25.03,25.79,24.31,4.2,72.57571429,23.18285714,3.764285714
Oas,2019,8,Dry,0.6524,0.3527,25.0714286,25.32,24.91,9.15,75.57142857,22.01714286,4.545714286
Oas,2019,9,Dry,0.6843,0.3811,25.1171429,25.27,25.03,12.77,78.24571429,19.27714286,5.214285714
Oas,2019,10,Hot Dry,0.6767,0.4386,27.0457143,27.69,26.48,6.3,74.02857143,24.42714286,4.417142857
Oas,2019,11,Hot Dry,0.6861,0.4218,26.5285714,26.9,26.29,18.49,74.02714286,21.12142857,4.592857143
Oas,2019,12,Hot Dry,0.7246,0.4454,26.4357143,26.76,26.01,19.55,74.30428571,21.66285714,4.941428571
Oas,2019,13,Hot Dry,0.6957,0.4444,26.0757143,26.65,25.48,4.45,74.67,23.51285714,3.984285714
Oas,2019,14,Hot Dry,0.6584,0.4723,27.9171429,28.35,27.45,13.81,72.25142857,24.80857143,4.815714286
Oas,2019,16,Hot Dry,0.6088,0.4402,27.9242857,28.14,27.5,6.43,75.37714286,26.14428571,3.814285714
Oas,2019,17,Hot Dry,0.6088,0.4355,27.62,28.03,27.11,42.24,80.25571429,22.84,4.327142857
Oas,2019,18,Hot Dry,0.632,0.448,29.4257143,30.77,27.98,42.51,74.00571429,18.84428571,1.854285714
Oas,2019,19,Hot Dry,0.6025,0.4453,29.9785714,31.04,29.27,5.46,70.90571429,24.01714286,2.471428571
Oas,2019,20,Hot Dry,0.5941,0.3745,29.25,29.88,28.81,60.15,76.82714286,21.18285714,2.311428571
Oas,2019,21,Hot Dry,0.648,0.4547,28.8257143,29.92,27.88,12.33,70.28571429,24.47714286,2.91
Oas,2019,22,Wet,0.6581,0.4051,29.4028571,29.7,29.02,12.14,76.91142857,22.58857143,3.057142857
Oas,2019,24,Wet,0.5642,0.3682,29.2871429,29.73,28.67,19.15,79.87428571,21.99142857,2.727142857
Oas,2019,25,Wet,0.6364,0.4089,28.6171429,28.84,28.34,57.77,81.42285714,22.31428571,3.415714286
Oas,2019,26,Wet,0.5956,0.3727,28.5757143,28.92,28.39,15.12,80.84571429,22.42285714,3.02
Oas,2019,27,Wet,0.5899,0.3807,27.92,28.69,26.6,75.21,81.06857143,14.45571429,4.775714286
Oas,2019,28,Wet,0.6368,0.4099,28.1757143,28.94,27.67,25.0,79.16,19.64142857,2.117142857
Oas,2019,29,Wet,0.3869,0.2441,27.9771429,28.43,27.34,27.17,80.53142857,19.76571429,3.041428571
Oas,2019,30,Wet,0.4075,0.2639,28.0271429,28.38,27.65,91.91,83.15428571,15.70285714,4.132857143
Oas,2019,32,Wet,0.5742115548674112,0.3494687437181229,27.7028571,28.11,26.74,74.67,82.98285714,17.36,2.328571429
Oas,2019,33,Wet,0.5826845334515017,0.3802832880512226,27.1485714,27.4,26.8,91.96,85.01142857,15.32,5.048571429
Oas,2019,34,Wet,0.6080936392048586,0.3316752937412937,27.9,28.19,27.43,24.61,84.89285714,15.03,7.99
Oas,2019,35,Wet,0.5046235032308253,0.3404138160480807,28.0642857,28.33,27.83,4.6,84.33571429,21.32571429,4.805714286
Oas,2019,36,Wet,0.4948476235714554,0.3398309892546441,27.31,27.96,26.64,89.31,84.27857143,12.65714286,4.528571429
Oas,2019,37,Wet,0.7613019142455797,0.4814872164068837,27.11,27.55,26.69,116.53,84.89,14.58857143,3.542857143
Oas,2019,38,Wet,0.725460055,0.5344808922019094,27.57,27.93,27.03,23.71,84.43714286,19.71571429,4.244285714
Oas,2019,40,Wet,0.7513528338971746,0.5298976587081439,27.1114286,27.71,26.42,112.57,85.55428571,14.97,4.327142857
Oas,2019,41,Cool Dry,0.7321,0.4795,27.3885714,27.8,26.75,27.43,82.38571429,20.03285714,2.318571429
Oas,2019,42,Cool Dry,0.7279,0.556,27.64,28.1,27.32,11.66,81.85,20.39142857,2.545714286
Oas,2019,43,Cool Dry,0.7481,0.5034,27.4828571,28.0,27.26,41.64,84.63142857,15.16571429,5.462857143
Oas,2019,44,Cool Dry,0.6446,0.4307,27.2771429,27.7,26.9,89.08,84.71142857,14.05285714,3.227142857
Oas,2019,45,Cool Dry,0.642,0.3824,27.5471429,27.94,27.26,62.58,82.89714286,18.36857143,3.842857143
Oas,2019,46,Cool Dry,0.6212,0.3671,27.5142857,28.03,26.93,52.51,80.93,19.45142857,3.777142857
Oas,2019,48,Cool Dry,0.6425,0.3614,27.41,27.85,27.04,37.52,78.88428571,17.99571429,4.172857143
Oas,2019,49,Dry,0.5003,0.277,26.94,27.63,26.11,84.9,81.04714286,15.03,6.447142857
Oas,2019,50,Dry,0.4988,0.275,27.2,27.54,26.92,47.53,84.62571429,16.29857143,2.815714286
Oas,2019,51,Dry,0.5458,0.3135,26.8871429,27.28,26.6,142.36,85.98285714,9.832857143,4.578571429
Oas,2019,51,Dry,0.5458166744663552,0.3134923299982257,25.342,25.64,24.83,82.83,81.118,12.07,8.324
Oas,2019,52,Dry,0.5381,0.326,27.6228571,27.78,27.5,21.48,82.92857143,18.18,2.954285714
Oas,2019,52,Dry,0.5381314129264144,0.3259826835515962,26.4466667,26.94,25.64,82.85,87.14666667,8.65,6.82
Oas,2020,1,Dry,0.5813677893271321,0.3205820312520664,25.2771429,25.63,24.64,63.93,81.57714286,17.88857143,7.564285714
Oas,2020,2,Dry,0.5491017099656214,0.2992897537234459,25.6642857,25.97,25.44,20.52,79.94714286,19.83428571,5.527142857
Oas,2020,3,Dry,0.577723468,0.3095166339888108,26.0271429,26.69,25.5,96.65,83.61,18.11,4.168571429
Oas,2020,4,Dry,0.528327352,0.2693417356728129,26.54,26.76,26.28,2.26,79.40142857,24.52857143,3.66
Oas,2020,5,Dry,0.5468955339839342,0.3085091794271384,26.4,26.9,26.02,221.93,82.18142857,20.27714286,4.335714286
Oas,2020,7,Dry,0.5783017879893695,0.3418860522804642,26.2842857,26.63,25.81,91.75,80.00285714,25.01857143,4.661428571
Oas,2020,8,Dry,0.5945118222749926,0.3369741117561374,26.7742857,26.99,26.45,19.26,80.77285714,24.22428571,4.188571429
Oas,2020,9,Dry,0.7195475785054861,0.4097415744153299,26.8485714,27.73,26.18,7.48,78.79428571,24.07142857,2.96
Oas,2020,10,Hot Dry,0.7242127905141879,0.5120006540256307,27.6057143,27.92,27.33,34.73,80.88714286,21.04714286,3.912857143
Oas,2020,11,Hot Dry,0.6906568926774481,0.4205606284398033,27.9085714,28.19,27.73,23.03,81.25428571,24.01285714,4.155714286
Oas,2020,12,Hot Dry,0.7165205671754876,0.5453263392949244,28.0114286,28.5,27.72,46.9,80.14,21.28571429,4.578571429
Oas,2020,13,Hot Dry,0.7131530006805218,0.4702754034934737,28.7757143,29.06,28.56,14.05,80.25,25.18857143,3.29
Oas,2020,15,Hot Dry,0.7146552558166702,0.4879972939575729,28.35,28.92,27.8,130.95,83.28,18.52428571,4.631428571
Oas,2020,16,Hot Dry,0.730202908,0.4892423480011947,28.7942857,29.18,28.46,7.43,80.90857143,23.45428571,2.712857143
Oas,2020,17,Hot Dry,0.6548211059317528,0.4627665553585165,28.5057143,29.2,27.93,18.01,80.82,25.22,3.092857143
Oas,2020,18,Hot Dry,0.6106633288272875,0.4256188359909499,28.6014286,29.04,28.03,12.54,77.77428571,24.10857143,2.75
Oas,2020,19,Hot Dry,0.6265134116980313,0.4309174049780855,27.83,28.75,27.02,275.51,83.51142857,14.89857143,4.822857143
Oas,2020,20,Hot Dry,0.6121512957701853,0.4002529497970557,27.8657143,28.35,27.47,35.89,82.74285714,21.88285714,2.758571429
Oas,2020,21,Hot Dry,0.5617056680103528,0.3798583177734926,27.6285714,28.72,26.44,32.34,84.35428571,19.83857143,3.248571429
Oas,2020,23,Wet,0.515075366,0.3353520439272663,27.6985714,28.24,27.44,57.24,80.23142857,21.25714286,2.745714286
Oas,2020,24,Wet,0.5619361441660551,0.3746718015300995,28.0571429,28.57,27.69,29.3,80.54714286,20.24428571,1.88
Oas,2020,25,Wet,0.6003700111667559,0.3435809869337067,27.9785714,28.36,27.37,37.76,81.18142857,20.21,3.051428571
Oas,2020,26,Wet,0.5812971949880813,0.3759381807775747,27.8014286,28.2,27.21,31.03,82.02714286,18.86285714,2.498571429
Oas,2020,27,Wet,0.5375134840197235,0.3347232313468159,27.3742857,28.35,26.79,97.68,83.09714286,14.13571429,2.677142857
Oas,2020,28,Wet,0.5784427663642064,0.3690567379823163,27.5228571,27.92,26.94,101.26,84.63428571,16.06285714,4.121428571
Oas,2020,29,Wet,0.4892508737572901,0.3407274917211911,27.6214286,27.92,27.14,51.47,81.19,16.53142857,2.11
Oas,2020,31,Wet,0.605710438,0.350674184469474,27.7785714,28.4,26.71,64.03,80.68,18.92,1.987142857
Oas,2020,32,Wet,0.2642650480113611,0.2043895762089317,28.0628571,28.41,27.6,18.59,82.67,17.98714286,3.418571429
Oas,2020,33,Wet,0.6117668971467127,0.4051965025424514,28.4228571,28.89,28.04,6.86,79.21285714,20.64142857,2.594285714
Oas,2020,34,Wet,0.5478535109252672,0.4219953101637716,28.0885714,28.43,27.84,30.96,81.57285714,17.73285714,2.002857143
Oas,2020,35,Wet,0.701310514,0.4302977103861947,27.5642857,28.19,26.91,91.5,84.02571429,16.61428571,3.56
Oas,2020,36,Wet,0.5725821070065363,0.4046426593753031,27.9557143,28.4,27.6,62.06,82.52428571,17.33857143,2.334285714
Oas,2020,37,Wet,0.6874654764863202,0.4429746152617888,28.2814286,28.69,27.83,55.57,79.16,19.01,1.624285714
Oas,2020,39,Wet,0.6443787219642944,0.4624505630102535,27.7171429,28.39,26.91,116.89,83.32428571,13.67,2.251428571
Oas,2020,40,Wet,0.7200509904510675,0.4458121750054001,27.5457143,28.25,26.93,142.81,83.76857143,16.31857143,3.251428571
Oas,2020,41,Cool Dry,0.5980962062381804,0.4219107867968034,27.5928571,28.24,27.18,248.63,86.46571429,12.98571429,3.721428571
Oas,2020,42,Cool Dry,0.6200568210833907,0.385911159,27.4042857,28.06,26.97,172.13,85.42571429,15.03571429,5.102857143
Oas,2020,43,Cool Dry,0.2739045035662646,0.168133278,27.1971429,27.58,26.82,116.04,85.97571429,12.83714286,3.522857143
Oas,2020,44,Cool Dry,0.4571021626933288,0.2671126958308812,27.1214286,27.36,26.78,228.56,87.40714286,13.41857143,5.481428571
Oas,2020,45,Cool Dry,0.4673964702635411,0.2938305615314274,27.2185714,27.49,26.93,65.45,83.47571429,17.07285714,4.252857143
Oas,2020,47,Cool Dry,0.4530268308432298,0.2598366301119031,27.1342857,27.41,26.8,94.38,82.37428571,13.6,5.907142857
Oas,2020,48,Cool Dry,0.5135610024916188,0.2598301091313071,26.8914286,27.3,26.67,118.36,88.31571429,10.95714286,4.414285714
Oas,2020,49,Dry,0.5441494069737777,0.2811386696557276,27.1385714,27.38,26.86,111.72,86.97714286,14.32428571,3.785714286
Oas,2020,50,Dry,0.5252721786864166,0.2819546719572412,26.9342857,27.1,26.46,257.7,84.49285714,10.64857143,6.372857143
Oas,2020,51,Dry,0.4963701231045954,0.2364531338196446,26.8342857,27.17,26.04,102.89,85.98428571,14.52857143,4.085714286
Oas,2020,51,Dry,0.4963701231045954,0.2364531338196446,25.5228571,26.39,24.31,43.72,81.28285714,15.73142857,6.147142857
Oas,2020,52,Dry,0.4775867125670328,0.227904141111697,26.465,26.84,25.91,81.96,88.31,11.52,4.5225
Oas,2020,52,Dry,0.4775867125670328,0.227904141111697,25.9828571,26.59,25.12,100.45,84.75428571,14.28428571,6.048571429
Oas,2021,1,Dry,0.4591231122831973,0.2383436645688963,24.7142857,25.44,23.41,38.7,79.62428571,16.35,6.782857143
Oas,2021,2,Dry,0.518991933,0.2501843147913195,26.5357143,27.11,25.96,97.49,84.16428571,17.87,3.824285714
Oas,2021,4,Dry,0.5517628870922104,0.2739180846226052,26.32,26.45,26.19,22.26,80.43,22.12285714,4.725714286
Oas,2021,5,Dry,0.6491992389209956,0.3541653481658148,26.4542857,26.61,26.24,190.07,81.50857143,14.81,5.731428571
Oas,2021,6,Dry,0.6319632834571498,0.3831673704298969,26.9985714,27.32,26.75,25.74,84.28,21.23285714,3.158571429
Oas,2021,7,Dry,0.6870261597858203,0.3961828769233694,27.0228571,27.24,26.78,63.5,82.94,19.99,5.054285714
Oas,2021,8,Dry,0.6537814179854187,0.4532836983357248,27.2,27.4,26.89,7.08,79.43857143,23.61285714,4.098571429
Oas,2021,9,Hot Dry,0.6927054638047834,0.4148823763033231,26.6285714,26.82,26.16,8.17,78.86571429,22.22428571,4.655714286
Oas,2021,10,Hot Dry,0.7042826715826788,0.4777883778063946,27.2385714,27.53,26.57,106.41,82.77285714,17.86142857,5.29
Oas,2021,12,Hot Dry,0.6853633939833887,0.4843813811748395,27.2357143,28.0,26.17,110.34,83.44428571,14.85857143,5.294285714
Oas,2021,13,Hot Dry,0.6840034778610017,0.4217857038589717,26.5271429,27.65,25.8,6.34,78.58,23.89571429,3.164285714
Oas,2021,14,Hot Dry,0.5820188067808622,0.3855455714394936,27.9085714,28.21,27.67,45.96,83.85428571,20.89,4.655714286
Oas,2021,15,Hot Dry,0.6019893113685981,0.4547535203664734,28.0571429,28.44,27.65,34.97,83.99571429,21.92142857,4.14
Oas,2021,16,Hot Dry,0.6267364656733254,0.3903162147398809,28.2085714,28.59,27.84,41.81,82.27714286,21.41714286,3.308571429
Oas,2021,17,Hot Dry,0.5604895350656056,0.3776582541605502,28.5442857,29.26,28.02,12.62,81.11,22.86714286,2.522857143
Oas,2021,18,Hot Dry,0.5805615717477949,0.4246179117191082,28.7328571,29.48,27.83,44.7,81.92,18.95857143,3.428571429
Oas,2021,20,Hot Dry,0.6456700900600292,0.3881864050586737,27.5271429,28.19,27.16,69.36,82.88285714,14.56571429,2.595714286
Oas,2021,21,Hot Dry,0.6008097988751003,0.4298390124158026,28.48,29.28,27.89,8.04,80.43285714,23.27857143,2.687142857
Oas,2021,22,Wet,0.5931709906944849,0.3692708809070391,28.05,28.42,27.63,23.81,80.16,19.25857143,2.482857143
Oas,2021,23,Wet,0.6110981030373313,0.3963155737669055,28.2028571,28.74,27.44,55.5,79.01285714,20.31714286,1.988571429
Oas,2021,24,Wet,0.5271465891454575,0.3182197739549169,27.6214286,28.04,26.95,69.41,83.88571429,18.97,3.382857143
Oas,2021,25,Wet,0.5715452723806249,0.3449292346366013,27.7957143,27.92,27.52,65.32,83.38285714,17.83857143,2.994285714
Oas,2021,26,Wet,0.5637078982389915,0.3414132629401075,28.0085714,28.1,27.86,69.72,86.16571429,13.70857143,7.562857143
Oas,2021,28,Wet,0.6168442001582557,0.3691437178133872,28.2242857,28.3,28.14,17.89,85.41714286,19.61285714,6.314285714
Oas,2021,29,Wet,0.6317374312580726,0.4004094929428241,28.3157143,28.48,28.12,8.42,84.78142857,20.52428571,5.785714286
Oas,2021,30,Wet,0.6465869533874279,0.4173032020810742,27.5157143,28.31,26.76,40.0,81.45285714,17.47142857,1.901428571
Oas,2021,31,Wet,0.5628807280151522,0.4036410279850109,27.8,28.26,27.3,57.29,79.91857143,18.88428571,1.688571429
Oas,2021,32,Wet,0.7146829899669878,0.4297552320579199,27.4557143,28.01,27.01,74.75,82.20428571,18.19,2.69
Oas,2021,33,Wet,0.7342415789801983,0.4608598838674465,27.5414286,28.13,26.59,31.57,81.27142857,18.41142857,1.908571429
Oas,2021,34,Wet,0.7007973500599797,0.5128505491774779,27.5928571,27.88,27.42,95.42,85.60285714,15.35285714,3.971428571
Oas,2021,36,Wet,0.6110221013712928,0.4363973636724811,27.4128571,27.78,27.07,71.55,83.96,17.57428571,2.605714286
Oas,2021,37,Wet,0.6678749115481512,0.4559563684304854,27.55,28.04,27.2,47.54,84.30428571,19.28285714,2.76
Oas,2021,38,Wet,0.5213310431020992,0.3661472924290164,28.2,28.62,27.74,73.65,82.04428571,16.68285714,2.074285714
Oas,2021,39,Wet,0.3587937511460042,0.2653162764488777,27.6671429,28.09,27.36,136.2,84.79428571,10.92571429,4.127142857
Oas,2021,40,Cool Dry,0.5846779359471982,0.3082745885094314,27.43,28.01,26.82,86.89,86.19857143,14.62571429,3.951428571
Oas,2021,41,Cool Dry,0.6282329010402892,0.3648690761357825,27.3828571,27.76,26.91,118.6,85.49142857,11.85428571,4.02
Oas,2021,42,Cool Dry,0.6130655144500669,0.3531192897573486,27.29,27.46,26.93,58.5,81.77714286,16.47857143,4.828571429
Oas,2021,44,Cool Dry,0.6542864199554879,0.3028971770143169,27.5242857,27.83,27.15,75.11,84.08714286,15.41571429,4.812857143
Oas,2021,45,Cool Dry,0.6269311147906583,0.2449150709131224,27.5428571,27.85,27.26,99.96,86.29857143,14.27,4.751428571
Oas,2021,46,Cool Dry,0.564033675,0.3571501744027113,27.3885714,27.75,26.96,74.32,84.16857143,15.08857143,3.53
Oas,2021,47,Cool Dry,0.5545105990951266,0.3325315863948547,27.3985714,27.71,27.1,108.13,85.67,15.49571429,4.441428571
Oas,2021,48,Dry,0.5650905682313984,0.3034021917910066,26.4542857,27.8,25.07,50.67,81.33428571,15.21285714,5.55
Oas,2021,49,Dry,0.5513317286177033,0.2870982715983004,26.0942857,26.82,25.54,134.62,84.58285714,11.66285714,7.23
Oas,2021,50,Dry,0.5765611497539102,0.2973795753680603,26.6042857,27.16,25.88,117.91,87.95142857,10.10714286,6.28
Oas,2021,52,Dry,0.5621758732157657,0.3638243760178897,26.5357143,26.92,26.25,85.64,85.38571429,15.17571429,4.372857143
Oas,2021,53,Dry,0.3524178097867295,0.1724601236181551,25.9114286,26.63,25.23,162.95,86.64428571,13.83857143,4.394285714
Oas,2022,1,Dry,0.406923457,0.251399249,25.328571399999987,25.849999999999966,24.94999999999999,23.22,81.06428571,16.93857143,5.024285714
Oas,2022,2,Dry,0.654196944,0.441842433,27.304074199999974,27.789184299999988,26.80108759999999,66.13170695,83.66242879,17.6666066,3.449504748
Oas,2022,3,Dry,0.613523226,0.285833246,25.411428599999965,25.899999999999977,24.569999999999965,95.24,82.56142857,13.89714286,5.201428571
Oas,2022,4,Dry,0.608906851,0.337123996,26.29142859999999,26.789999999999964,25.96999999999997,114.59,86.65285714,16.00857143,4.122857143
Oas,2022,5,Dry,0.659894568,0.428598666,25.74999999999997,26.079999999999984,25.309999999999974,110.25,86.00571429,12.90857143,5.991428571
Oas,2022,6,Dry,0.460768189,0.306233811,25.844285699999972,26.269999999999982,25.409999999999968,65.08,83.28285714,15.56714286,5.551428571
Oas,2022,7,Dry,0.649436049,0.428674184,26.068571399999968,26.609999999999985,25.289999999999964,31.19,81.77714286,18.89142857,3.94
Oas,2022,8,Dry,0.625908401,0.401652324,26.06142859999997,26.21999999999997,25.899999999999977,98.37,83.52428571,15.86142857,6.167142857
Oas,2022,9,Hot Dry,0.660536449,0.383003614,26.277142899999973,26.519999999999982,25.799999999999983,45.93,83.61857143,18.75571429,5.37
Oas,2022,10,Hot Dry,0.654196944,0.441842433,27.304074199999974,27.789184299999988,26.80108759999999,66.13170695,83.66242879,17.6666066,3.449504748
Oas,2022,11,Hot Dry,0.706802378,0.42667084,27.11571429999998,27.71999999999997,26.819999999999965,30.92,85.40857143,21.92,3.144285714
Oas,2022,12,Hot Dry,0.636248464,0.398047631,27.142857099999986,27.409999999999968,26.72999999999999,12.4,83.16285714,23.08142857,3.907142857
Oas,2022,13,Hot Dry,0.255451337,0.174069599,27.058571399999977,27.409999999999968,26.659999999999968,50.41,81.33285714,22.74142857,4.968571429
Oas,2022,14,Hot Dry,0.639797928,0.412300173,26.92571429999998,27.23999999999998,26.639999999999986,188.08,85.92571429,12.39857143,5.3
Oas,2022,15,Hot Dry,0.692594864,0.392371181,26.86571429999998,27.119999999999976,26.369999999999976,111.24,82.87857143,18.10285714,3.404285714
Oas,2022,16,Hot Dry,0.607529452,0.432589173,27.16571429999999,27.789999999999964,26.419999999999987,32.24,83.54,22.26,4.375714286
Oas,2022,17,Hot Dry,0.599269746,0.446949288,27.56142859999997,27.74999999999997,27.339999999999975,64.74,84.73857143,19.59714286,3.995714286
Oas,2022,18,Hot Dry,0.654196944,0.441842433,27.304074199999974,27.789184299999988,26.80108759999999,66.13170695,83.66242879,17.6666066,3.449504748
Oas,2022,19,Hot Dry,0.56020741,0.374931003,27.85571429999999,28.20999999999998,27.609999999999985,30.27,81.55714286,22.56571429,3.722857143
Oas,2022,20,Hot Dry,0.696870262,0.392964148,27.639999999999986,28.029999999999973,27.329999999999984,49.49,83.48142857,19.75285714,2.731428571
Oas,2022,21,Hot Dry,0.671639823,0.403196765,28.03142859999997,28.419999999999987,27.319999999999965,24.89,82.62428571,22.06857143,2.511428571
Oas,2022,22,Wet,0.673334021,0.45092979,27.92714289999998,28.519999999999982,27.159999999999968,52.73,81.53714286,20.69142857,2.521428571
Oas,2022,23,Wet,0.636211286,0.437299405,28.078571399999987,28.539999999999964,27.659999999999968,34.24,80.48,21.96714286,2.032857143
Oas,2022,24,Wet,0.570506584,0.381856789,27.887142899999986,28.18999999999997,27.45999999999998,24.37,82.64285714,23.21142857,2.665714286
Oas,2022,25,Wet,0.443134469,0.227627903,27.688571399999972,28.039999999999964,27.46999999999997,70.13,82.21285714,18.46142857,2.82
Oas,2022,26,Wet,0.654196944,0.441842433,27.304074199999974,27.789184299999988,26.80108759999999,66.13170695,83.66242879,17.6666066,3.449504748
Oas,2022,27,Wet,0.538974003,0.288694933,27.649999999999977,28.139999999999986,26.94999999999999,63.49,83.80142857,18.68571429,2.27
Oas,2022,28,Wet,0.558492269,0.303338103,28.005714299999966,28.519999999999982,27.47999999999999,45.63,82.78142857,19.50142857,2.014285714
Oas,2022,29,Wet,0.580072037,0.321068254,28.011428599999988,28.409999999999968,27.609999999999985,62.08,82.80571429,18.62285714,2.657142857
Oas,2022,30,Wet,0.63745751,0.369485203,28.10428569999999,28.72999999999999,27.349999999999966,57.33,83.58857143,16.59714286,3.144285714
Oas,2022,31,Wet,0.588772661,0.355997051,27.082857099999984,27.789999999999964,26.529999999999973,103.29,84.05142857,15.81428571,2.602857143
Oas,2022,32,Wet,0.611786777,0.352963826,27.94714289999999,28.529999999999973,27.339999999999975,59.69,78.20285714,19.36857143,1.25
Oas,2022,33,Wet,0.690982169,0.481912436,27.649999999999977,28.20999999999998,27.25999999999999,40.11,81.54857143,14.84571429,2.66
Oas,2022,34,Wet,0.654196944,0.441842433,27.304074199999974,27.789184299999988,26.80108759999999,66.13170695,83.66242879,17.6666066,3.449504748
Oas,2022,35,Wet,0.654196944,0.441842433,27.304074199999974,27.789184299999988,26.80108759999999,66.13170695,83.66242879,17.6666066,3.449504748
Oas,2022,36,Wet,0.654196944,0.441842433,27.304074199999974,27.789184299999988,26.80108759999999,66.13170695,83.66242879,17.6666066,3.449504748
Oas,2022,37,Wet,0.654196944,0.441842433,27.304074199999974,27.789184299999988,26.80108759999999,66.13170695,83.66242879,17.6666066,3.449504748
Oas,2022,38,Wet,0.654196944,0.441842433,27.304074199999974,27.789184299999988,26.80108759999999,66.13170695,83.66242879,17.6666066,3.449504748
Oas,2022,39,Wet,0.654196944,0.441842433,27.304074199999974,27.789184299999988,26.80108759999999,66.13170695,83.66242879,17.6666066,3.449504748
Oas,2022,40,Wet,0.654196944,0.441842433,27.304074199999974,27.789184299999988,26.80108759999999,66.13170695,83.66242879,17.6666066,3.449504748
Oas,2022,41,Cool Dry,0.677975411,0.415001919,27.902857099999977,28.119999999999976,27.71999999999997,41.61,85.40142857,18.33714286,3.875714286
Oas,2022,42,Cool Dry,0.654196944,0.441842433,27.304074199999974,27.789184299999988,26.80108759999999,66.13170695,83.66242879,17.6666066,3.449504748
Oas,2022,43,Cool Dry,0.429827177,0.262380692,27.95285709999999,28.25999999999999,27.549999999999983,237.37,86.64714286,10.95428571,6.261428571
Oas,2022,44,Cool Dry,0.558712132,0.346363668,27.498571399999975,27.869999999999976,26.98999999999998,61.91,85.87857143,15.97142857,3.55
Oas,2022,45,Cool Dry,0.583718708,0.354368205,27.535714299999967,27.909999999999968,27.21999999999997,73.75,86.94428571,14.72571429,3.902857143
Oas,2022,46,Cool Dry,0.574708972,0.308255411,27.201428599999986,27.92999999999998,26.629999999999967,177.17,85.71285714,9.098571429,4.685714286
Oas,2022,47,Cool Dry,0.614974208,0.325244681,27.458571399999983,27.68999999999997,26.95999999999998,51.61,83.15714286,17.41857143,4.358571429
Oas,2022,48,Dry,0.616446462,0.311879068,27.61857139999998,27.789999999999964,27.369999999999976,93.71,84.03714286,13.81428571,5.032857143
Oas,2022,49,Dry,0.654196944,0.441842433,27.304074199999974,27.789184299999988,26.80108759999999,66.13170695,83.66242879,17.6666066,3.449504748
Oas,2022,50,Dry,0.654196944,0.441842433,27.304074199999974,27.789184299999988,26.80108759999999,66.13170695,83.66242879,17.6666066,3.449504748
Oas,2022,51,Dry,0.489141575,0.261930244,25.465714299999973,26.309999999999974,23.95999999999998,236.37,84.64285714,8.238571429,6.798571429
Oas,2022,52,Dry,0.592197911,0.313711267,25.60499999999999,26.71999999999997,24.169999999999987,80.65,86.64833333,13.125,5.585
Oas,2023,1,Dry,0.654196944,0.441842433,27.304074199999974,27.789184299999988,26.80108759999999,66.13170695,83.66242879,17.6666066,3.449504748
Oas,2023,2,Dry,0.175555141,0.139134601,25.47999999999999,25.879999999999967,25.289999999999964,258.59,87.68714286,9.33,5.092857143
Oas,2023,3,Dry,0.280935192,0.167430561,25.882857099999967,26.109999999999985,25.609999999999985,253.16,89.54,8.831428571,6.124285714
Oas,2023,4,Dry,0.55904632,0.318459109,25.17571429999998,25.829999999999984,24.549999999999983,149.1,86.07714286,11.19714286,7.128571429
Oas,2023,5,Dry,0.697642015,0.375131065,25.72714289999999,26.329999999999984,24.94999999999999,83.93,85.83714286,14.25142857,6.452857143
Oas,2023,6,Dry,0.626462043,0.349748442,25.75285709999997,26.029999999999973,25.25999999999999,28.15,83.58,17.55857143,5.124285714
Oas,2023,7,Dry,0.654196944,0.441842433,27.304074199999974,27.789184299999988,26.80108759999999,66.13170695,83.66242879,17.6666066,3.449504748
Oas,2023,8,Dry,0.705197198,0.440950891,26.215714299999973,26.639999999999986,25.72999999999999,56.88,86.93285714,16.52428571,3.591428571
Oas,2023,9,Dry,0.654196944,0.441842433,27.304074199999974,27.789184299999988,26.80108759999999,66.13170695,83.66242879,17.6666066,3.449504748
Oas,2023,10,Hot Dry,0.699428642,0.44958028,25.195714299999963,25.409999999999968,24.849999999999966,9.22,79.94142857,22.12285714,5.204285714
Oas,2023,11,Hot Dry,0.663882717,0.461360388,25.711428599999977,26.119999999999976,24.95999999999998,44.34,81.89,18.88285714,4.941428571
Oas,2023,12,Hot Dry,0.740568638,0.491091849,26.424285699999984,27.21999999999997,24.849999999999966,14.45,81.24142857,22.98428571,3.81
Oas,2023,13,Hot Dry,0.657052391,0.523444337,26.825714299999987,27.059999999999974,26.659999999999968,27.24,81.53428571,21.37,3.77
Oas,2023,14,Hot Dry,0.652356134,0.418499844,26.25999999999999,26.67999999999998,25.75999999999999,21.82,79.15571429,22.09285714,4.472857143
Oas,2023,15,Hot Dry,0.662494729,0.307141183,27.27285709999998,28.149999999999977,26.46999999999997,74.18,82.98857143,17.81285714,3.214285714
Oas,2023,16,Hot Dry,0.601200292,0.414108773,27.80428569999998,27.95999999999998,27.49999999999997,10.78,82.93857143,22.56571429,3.007142857
Oas,2023,17,Hot Dry,0.654196944,0.441842433,27.304074199999974,27.789184299999988,26.80108759999999,66.13170695,83.66242879,17.6666066,3.449504748
Oas,2023,18,Hot Dry,0.670545119,0.401474951,28.08142859999998,28.47999999999999,27.649999999999977,106.29,82.88,19.52,4.325714286
Oas,2023,19,Hot Dry,0.619800754,0.456515678,28.218571399999973,28.649999999999977,27.879999999999967,8.04,79.77857143,22.35,2.902857143
Oas,2023,20,Hot Dry,0.652861667,0.443321972,28.91571429999999,29.289999999999964,28.359999999999985,27.85,78.37,20.50857143,2.182857143
Oas,2023,21,Hot Dry,0.634202742,0.428623588,29.21999999999997,29.779999999999973,28.50999999999999,31.7,76.28285714,22.27285714,2.948571429
Oas,2023,22,Wet,0.652456789,0.378246222,28.758571399999965,29.579999999999984,28.23999999999998,40.02,82.97571429,18.40857143,5.768571429
Oas,2023,23,Wet,0.571880258,0.38278667,28.63571429999999,29.139999999999986,28.089999999999975,30.01,79.40285714,21.19857143,2.975714286
Oas,2023,24,Wet,0.410164233,0.254028289,28.46999999999997,28.879999999999967,28.21999999999997,12.07,81.97142857,21.90428571,3.09
Oas,2023,25,Wet,0.654196944,0.441842433,27.304074199999974,27.789184299999988,26.80108759999999,66.13170695,83.66242879,17.6666066,3.449504748
Oas,2023,26,Wet,0.564391566,0.330283759,28.142857099999986,28.46999999999997,27.649999999999977,48.59,82.63142857,19.07571429,2.248571429
Oas,2023,27,Wet,0.438313233,0.258911041,28.471428599999967,28.769999999999982,28.289999999999964,19.25,82.06,20.94285714,3.028571429
Oas,2023,28,Wet,0.588398412,0.373793135,28.05428569999998,28.599999999999966,27.619999999999976,87.02,85.02,16.30428571,5.33
Oas,2023,29,Wet,0.434538089,0.274476886,28.09571429999997,28.579999999999984,27.579999999999984,89.17,83.46571429,17.25428571,2.757142857
Oas,2023,30,Wet,0.52018781,0.311871948,27.899999999999977,28.359999999999985,27.529999999999973,86.53,85.64142857,14.22285714,7.618571429
Oas,2023,31,Wet,0.588104451,0.361040672,28.23285709999999,28.43999999999997,28.059999999999974,4.1,84.43285714,22.00285714,5.517142857
Oas,2023,32,Wet,0.724408625,0.443906543,28.22714289999999,28.69999999999999,27.72999999999999,11.5,84.67714286,20.47285714,4.192857143
Oas,2023,33,Wet,0.654196944,0.441842433,27.304074199999974,27.789184299999988,26.80108759999999,66.13170695,83.66242879,17.6666066,3.449504748
Oas,2023,34,Wet,0.846876388,0.613698002,28.119999999999976,28.549999999999983,27.589999999999975,28.34,82.78428571,18.01857143,4.024285714
Oas,2023,35,Wet,0.723380577,0.436633505,28.248571399999975,28.43999999999997,27.96999999999997,27.88,84.65142857,17.68142857,7.337142857
Oas,2023,36,Wet,0.70095734,0.496405027,28.72714289999999,29.309999999999974,28.089999999999975,14.85,80.15714286,20.95714286,2.095714286
Oas,2023,37,Wet,0.759150254,0.569520434,28.111428599999982,28.47999999999999,27.519999999999982,69.9,81.65857143,18.38571429,2.188571429
Oas,2023,38,Wet,0.457425772,0.324414327,28.23999999999998,28.669999999999987,27.44999999999999,54.97,80.92142857,16.85142857,2.037142857
Oas,2023,39,Wet,0.677071171,0.44822051,28.434285699999975,29.079999999999984,27.93999999999997,63.42,81.09571429,17.63428571,2.354285714
Oas,2023,40,Cool Dry,0.644581213,0.50491693,28.248571399999975,28.789999999999964,27.95999999999998,16.44,82.61142857,18.96285714,3.562857143
Oas,2023,41,Cool Dry,0.654196944,0.441842433,27.304074199999974,27.789184299999988,26.80108759999999,66.13170695,83.66242879,17.6666066,3.449504748
Oas,2023,42,Cool Dry,0.620073085,0.444551732,27.799999999999983,28.099999999999966,27.44999999999999,68.04,82.53428571,17.88,2.498571429
Oas,2023,43,Cool Dry,0.610017835,0.351854704,27.819999999999965,28.329999999999984,27.329999999999984,49.35,83.29428571,18.06714286,3.481428571
Oas,2023,44,Cool Dry,0.66352366,0.391590343,27.935714299999972,28.18999999999997,27.789999999999964,96.54,83.86857143,15.36428571,3.564285714
Oas,2023,45,Cool Dry,0.593542113,0.4372661,28.02428569999998,28.289999999999964,27.75999999999999,45.93,83.93428571,17.34142857,4.354285714
Oas,2023,46,Cool Dry,0.603445805,0.342233541,27.575714299999987,27.94999999999999,27.019999999999982,212.35,84.59,11.17142857,6.857142857
Oas,2023,47,Cool Dry,0.598143198,0.310437182,27.208571399999983,27.529999999999973,26.829999999999984,181.06,87.92571429,9.352857143,4.71
Oas,2023,48,Dry,0.570432094,0.293593141,27.357142899999985,27.589999999999975,27.129999999999967,101.2,84.76714286,12.94285714,5.235714286
Oas,2023,49,Dry,0.654196944,0.441842433,27.304074199999974,27.789184299999988,26.80108759999999,66.13170695,83.66242879,17.6666066,3.449504748
Oas,2023,50,Dry,0.554733259,0.281776376,27.325714299999987,27.659999999999968,27.109999999999985,58.06,83.54142857,15.45714286,5.451428571
Oas,2023,51,Dry,0.563530615,0.29266045,27.248571399999975,27.49999999999997,26.93999999999997,108.3,84.03285714,14.41571429,4.735714286
Oas,2023,52,Dry,0.368650325,0.188841608,27.23285709999999,27.369999999999976,26.99999999999997,115.36,84.55,15.27857143,5.084285714
Oas,2024,1,Dry,0.571902821,0.290460823,27.015714299999985,27.299999999999983,26.849999999999966,94.0,84.36428571,12.73857143,4.932857143
Oas,2024,2,Dry,0.55089286,0.273572985,26.38571429999999,27.409999999999968,25.539999999999964,85.28,84.71714286,12.46857143,5.784285714
Oas,2024,3,Dry,0.630735175,0.347946818,25.704285699999986,26.289999999999964,25.17999999999998,36.02,79.72714286,16.18428571,5.751428571
Oas,2024,4,Dry,0.637664993,0.337176559,25.20285709999999,26.409999999999968,24.319999999999965,62.16,80.24714286,14.0,6.434285714
Oas,2024,5,Dry,0.736580174,0.42688184,25.641428599999983,26.159999999999968,25.019999999999982,25.39,81.12571429,17.22571429,5.477142857
Oas,2024,6,Dry,0.737906044,0.456399105,25.889999999999986,26.299999999999983,25.159999999999968,23.56,80.26,17.98142857,4.877142857
Oas,2024,7,Dry,0.757570438,0.505741281,25.651428599999974,26.119999999999976,24.809999999999974,33.57,82.05142857,16.16285714,6.005714286
Oas,2024,8,Dry,0.654196944,0.441842433,27.304074199999974,27.789184299999988,26.80108759999999,66.13170695,83.66242879,17.6666066,3.449504748
Oas,2024,9,Dry,0.761282935,0.532967099,26.015714299999985,26.139999999999986,25.849999999999966,8.96,75.05142857,21.3,5.375714286
Oas,2024,10,Hot Dry,0.740584077,0.515001606,26.285714299999967,26.829999999999984,25.869999999999976,18.58,78.11857143,21.13285714,4.454285714
Oas,2024,11,Hot Dry,0.688170638,0.502366566,26.525714299999976,26.839999999999975,25.95999999999998,18.79,80.05571429,21.08142857,4.601428571
Oas,2024,12,Hot Dry,0.597092065,0.545541104,26.362857099999985,26.859999999999985,25.859999999999985,33.56,78.34571429,21.07142857,5.16
Oas,2024,13,Hot Dry,0.686770048,0.429787573,27.134285699999964,27.50999999999999,26.369999999999976,39.23,83.67857143,20.29571429,4.248571429
Oas,2024,14,Hot Dry,0.580988502,0.415515087,27.51285709999999,27.829999999999984,27.049999999999983,13.92,79.52857143,24.25142857,4.74
Oas,2024,15,Hot Dry,0.543006163,0.379337704,27.70285709999999,28.089999999999975,27.369999999999976,12.55,78.46,22.42428571,4.248571429
Oas,2024,16,Hot Dry,0.654196944,0.441842433,27.304074199999974,27.789184299999988,26.80108759999999,66.13170695,83.66242879,17.6666066,3.449504748
Oas,2024,17,Hot Dry,0.507304943,0.39226015,28.899999999999977,29.329999999999984,28.539999999999964,10.02,77.90714286,23.57285714,4.418571429
Oas,2024,18,Hot Dry,0.516741459,0.328683921,29.014285699999988,29.529999999999973,28.42999999999998,7.44,73.85571429,24.73714286,4.43
Oas,2024,19,Hot Dry,0.525470891,0.349364869,29.35142859999999,29.649999999999977,29.039999999999964,13.96,73.01285714,23.71857143,4.128571429
Oas,2024,20,Hot Dry,0.558434543,0.346646782,29.744285699999978,30.23999999999998,29.49999999999997,6.48,73.77714286,23.42285714,3.772857143
Oas,2024,21,Hot Dry,0.621747908,0.383990781,29.335714299999978,30.339999999999975,28.21999999999997,99.68,77.39714286,17.17142857,4.975714286
Oas,2024,22,Wet,0.64655124,0.401417311,28.764285699999988,29.17999999999998,28.47999999999999,33.41,83.24285714,21.06571429,3.417142857
Oas,2024,23,Wet,0.646574509,0.405656207,29.142857099999986,30.279999999999973,28.19999999999999,42.39,78.68,20.31142857,1.972857143
Oas,2024,24,Wet,0.654196944,0.441842433,27.304074199999974,27.789184299999988,26.80108759999999,66.13170695,83.66242879,17.6666066,3.449504748
Oas,2024,25,Wet,0.526960343,0.303146578,28.659999999999968,29.079999999999984,27.899999999999977,39.54,80.20285714,18.60714286,2.334285714
Oas,2024,26,Wet,0.614416448,0.343534012,28.25999999999999,28.49999999999997,27.909999999999968,63.69,83.19428571,18.16857143,3.498571429
Oas,2024,27,Wet,0.263744548,0.169803857,28.194285699999966,28.70999999999998,27.70999999999998,46.58,83.16142857,18.43714286,3.094285714
Oas,2024,28,Wet,0.298542889,0.226494145,28.149999999999977,28.42999999999998,27.46999999999997,66.72,83.38857143,18.11857143,2.595714286
Oas,2024,29,Wet,0.639219483,0.38271327,27.94714289999999,28.269999999999982,27.599999999999966,115.28,85.40142857,15.63142857,4.121428571
Oas,2024,30,Wet,0.649052054,0.362237086,27.86857139999998,28.50999999999999,27.22999999999999,93.09,85.01571429,12.57857143,5.417142857
Oas,2024,31,Wet,0.734503437,0.470812552,28.282857099999973,28.779999999999973,27.73999999999998,27.26,81.13,20.31142857,1.98
Oas,2024,32,Wet,0.654196944,0.441842433,27.304074199999974,27.789184299999988,26.80108759999999,66.13170695,83.66242879,17.6666066,3.449504748
Oas,2024,33,Wet,0.756096599,0.540959794,28.73285709999999,29.019999999999982,28.629999999999967,20.37,81.93857143,22.21142857,2.425714286
Oas,2024,34,Wet,0.512179648,0.340008944,28.438571399999972,28.769999999999982,27.879999999999967,57.05,81.86,17.99,2.028571429
Oas,2024,35,Wet,0.614606763,0.501346495,28.307142899999974,28.69999999999999,28.00999999999999,131.1,84.44571429,14.46714286,3.495714286
Oas,2024,36,Wet,0.691860982,0.574706752,28.374285699999973,29.089999999999975,27.789999999999964,62.62,83.79714286,16.56285714,4.487142857
Oas,2024,37,Wet,0.752834015,0.483006303,28.234285699999987,28.779999999999973,27.779999999999973,126.27,85.16857143,15.73428571,4.177142857
Oas,2024,38,Wet,0.74590261,0.600608944,27.475714299999964,27.769999999999982,27.139999999999986,96.6,87.15571429,13.19857143,3.638571429
Oas,2024,39,Wet,0.729812688,0.49154442,28.29428569999999,28.789999999999964,27.94999999999999,22.23,83.59857143,19.47428571,3.23
Oas,2024,40,Wet,0.654196944,0.441842433,27.304074199999974,27.789184299999988,26.80108759999999,66.13170695,83.66242879,17.6666066,3.449504748
Oas,2024,41,Cool Dry,0.666972978,0.508241865,28.215714299999973,28.539999999999964,27.839999999999975,73.96,80.59714286,18.92714286,1.931428571
Oas,2024,42,Cool Dry,0.633277525,0.41539424,28.327142899999984,28.559999999999974,28.049999999999983,61.1,83.66857143,18.47571429,3.302857143
Oas,2024,43,Cool Dry,0.466526713,0.220223123,27.84857139999997,28.529999999999973,27.119999999999976,414.78,86.38857143,10.56714286,7.374285714
Oas,2024,44,Cool Dry,0.544343129,0.318077248,27.50142859999997,27.649999999999977,27.319999999999965,43.08,86.25142857,14.86142857,5.077142857
Oas,2024,45,Cool Dry,0.584708038,0.333041172,27.41857139999999,27.539999999999964,27.329999999999984,49.1,85.22285714,15.43285714,3.302857143
Oas,2024,46,Cool Dry,0.567376542,0.371826539,27.594285699999972,28.17999999999998,27.19999999999999,112.44,85.95285714,14.07285714,4.264285714
Oas,2024,47,Cool Dry,0.590367783,0.375505059,27.36571429999998,27.379999999999967,27.339999999999975,24.1,84.61428571,18.12,4.842857143
Oas,2024,48,Cool Dry,0.654196944,0.441842433,27.304074199999974,27.789184299999988,26.80108759999999,66.13170695,83.66242879,17.6666066,3.449504748
Oas,2024,49,Dry,0.596947931,0.287341199,27.295714299999986,27.73999999999998,26.769999999999982,48.08,85.95285714,15.68857143,3.544285714
Oas,2024,50,Dry,0.556837366,0.286715137,27.444285699999966,27.639999999999986,27.149999999999977,202.2,88.45857143,12.02285714,5.541428571
Oas,2024,51,Dry,0.654196944,0.441842433,27.304074199999974,27.789184299999988,26.80108759999999,66.13170695,83.66242879,17.6666066,3.449504748
Oas,2024,52,Dry,0.530308764,0.302967202,26.718571399999973,26.94999999999999,26.289999999999964,264.91,88.91714286,10.07428571,5.168571429
Pio Duran,2014,1,Dry,0.6916,0.4859,25.546,25.87,25.33,27.38,86.872,13.69,2.772
Pio Duran,2014,2,Dry,0.5542,0.4197,24.47,25.08,23.36,49.31,85.82571428571428,11.957142857142856,4.1085714285714285
Pio Duran,2014,3,Dry,0.5149,0.3637,23.33857143,24.3,22.29,81.21,88.25,9.39857142857143,4.718571428571429
Pio Duran,2014,4,Dry,0.666,0.4734,22.81,23.64,21.69,5.8100000000000005,82.54714285714286,14.195714285714288,3.575714285714285
Pio Duran,2014,5,Dry,0.5913,0.4383,24.26857143,26.02,22.97,17.57,82.43142857142857,15.725714285714286,3.18
Pio Duran,2014,7,Dry,0.6198,0.4488,25.76571429,26.44,25.31,1.48,82.78428571428572,19.345714285714283,2.1585714285714284
Pio Duran,2014,8,Dry,0.6333,0.4659,24.44571429,25.56,23.84,9.12,80.61142857142856,17.59714285714286,2.858571428571428
Pio Duran,2014,9,Dry,0.56,0.377,23.88,24.23,23.6,44.77,78.79142857142857,17.27285714285714,2.891428571428572
Pio Duran,2014,10,Hot Dry,0.561,0.3736,24.92857143,25.4,24.3,3.62,78.57857142857142,20.342857142857145,2.742857142857143
Pio Duran,2014,11,Hot Dry,0.5472,0.4002,24.89428571,25.11,24.61,9.04,78.07142857142857,21.09,2.617142857142857
Pio Duran,2014,12,Hot Dry,0.5958,0.4422,25.60142857,26.16,24.97,68.01,82.44571428571429,17.43285714285714,3.442857142857143
Pio Duran,2014,13,Hot Dry,0.5866,0.4243,26.21285714,26.72,25.6,51.83,85.18714285714285,18.25857142857143,2.847142857142857
Pio Duran,2014,15,Hot Dry,0.4686,0.3498,26.53857143,26.93,26.36,0.09,81.01571428571428,23.47714285714286,2.4
Pio Duran,2014,16,Hot Dry,0.6697,0.4413,26.72857143,27.06,26.24,12.66,79.72428571428573,20.73,2.5357142857142856
Pio Duran,2014,17,Hot Dry,0.6468,0.4841,27.20857143,27.81,26.49,17.22,82.94714285714285,21.638571428571428,2.0785714285714287
Pio Duran,2014,18,Hot Dry,0.6906,0.4544,28.25571429,28.45,28.05,2.29,78.99142857142856,23.29428571428572,2.0028571428571427
Pio Duran,2014,19,Hot Dry,0.6827,0.4458,28.08,28.4,27.48,0.41,81.41,22.205714285714286,2.005714285714286
Pio Duran,2014,20,Hot Dry,0.5996,0.3819,28.66714286,28.97,28.11,8.46,77.47857142857143,24.08142857142857,2.1228571428571428
Pio Duran,2014,21,Hot Dry,0.6042,0.4333,28.75285714,29.07,28.39,6.65,77.95857142857143,23.312857142857144,1.9914285714285715
Pio Duran,2014,23,Wet,0.6097,0.4068,29.76571429,30.65,28.86,14.73,72.16285714285713,20.722857142857144,1.2185714285714286
Pio Duran,2014,24,Wet,0.6246,0.3934,28.35285714,29.04,28.02,44.66,83.07571428571428,20.99428571428572,1.8542857142857143
Pio Duran,2014,25,Wet,0.6602,0.4238,28.09571429,28.87,27.4,47.4,82.43714285714286,20.542857142857144,2.1814285714285715
Pio Duran,2014,26,Wet,0.6737,0.3128,28.05857143,28.48,27.51,74.78,80.78714285714285,19.232857142857146,1.89
Pio Duran,2014,27,Wet,0.6996,0.4371,27.36285714,27.62,26.92,46.12,85.51285714285714,15.191428571428572,2.5828571428571427
Pio Duran,2014,28,Wet,0.6494,0.5056,27.70714286,28.77,27.03,20.39,83.45857142857143,19.73,2.3114285714285714
Pio Duran,2014,29,Wet,0.4128,0.2913,26.91714286,28.35,25.94,251.47,87.82571428571428,14.082857142857142,2.93
Pio Duran,2014,31,Wet,0.5865,0.4332,26.59857143,27.46,25.65,58.88,87.71714285714286,13.817142857142857,3.462857142857143
Pio Duran,2014,32,Wet,0.6534,0.4667,26.61142857,27.01,26.0,24.25,89.2057142857143,14.514285714285714,3.618571428571428
Pio Duran,2014,33,Wet,0.6481,0.5209,27.13,27.6,26.35,0.04,85.44142857142857,21.215714285714284,2.8385714285714285
Pio Duran,2014,34,Wet,0.6613,0.4789,27.4,28.6,26.94,24.17,82.36857142857141,20.65428571428572,1.5400000000000005
Pio Duran,2014,35,Wet,0.6315,0.4435,27.28,27.84,26.9,74.68,83.08857142857143,19.595714285714287,1.327142857142857
Pio Duran,2014,36,Wet,0.6517,0.51,26.68571429,27.7,25.58,118.36,84.88285714285713,16.102857142857143,1.7714285714285711
Pio Duran,2014,37,Wet,0.6254102564102565,0.4389128205128205,26.59428571,27.07,26.08,63.540000000000006,85.55857142857143,15.075714285714286,1.841428571428572
Pio Duran,2014,39,Wet,0.6674,0.523,26.38571429,27.31,25.61,127.9,88.93714285714286,11.57,2.9642857142857144
Pio Duran,2014,40,Wet,0.6254102564102565,0.4389128205128205,27.65142857,28.11,27.03,11.36,83.14857142857143,20.43857142857143,1.342857142857143
Pio Duran,2014,41,Cool Dry,0.6517,0.51,27.55,28.04,26.94,55.74,83.41142857142857,18.24,1.4357142857142855
Pio Duran,2014,42,Cool Dry,0.6254102564102565,0.4389128205128205,26.89428571,27.76,26.25,73.17999999999999,86.12571428571428,14.86,1.832857142857143
Pio Duran,2014,43,Cool Dry,0.6403,0.5107,26.61571429,26.98,26.42,36.22,87.03857142857143,18.68142857142857,2.09
Pio Duran,2014,44,Cool Dry,0.6254102564102565,0.4389128205128205,26.85714286,27.34,26.4,57.77,87.89,14.694285714285714,2.491428571428571
Pio Duran,2014,45,Cool Dry,0.6302,0.4991,25.93142857,26.91,25.02,5.51,82.30714285714285,17.745714285714286,2.4785714285714286
Pio Duran,2014,47,Cool Dry,0.6331,0.442,26.13,26.41,25.78,46.1,86.82285714285715,13.877142857142855,2.7657142857142856
Pio Duran,2014,48,Cool Dry,0.6723,0.5349,26.49,26.95,26.2,49.43,88.40142857142857,14.625714285714285,1.9385714285714288
Pio Duran,2014,49,Dry,0.6605,0.4723,26.52428571,26.85,26.15,142.36,89.5657142857143,13.38,2.8385714285714285
Pio Duran,2014,50,Dry,0.7018,0.504,25.88285714,26.69,24.69,206.86,87.36428571428571,11.09142857142857,4.042857142857143
Pio Duran,2014,51,Dry,0.688421890519204,0.5153134707693132,25.95285714,26.5,25.01,121.95,89.26857142857143,11.79,2.7642857142857147
Pio Duran,2014,52,Dry,0.7037603724773597,0.5016298268859987,25.88,26.24,25.36,144.12,89.5,12.611428571428572,3.9842857142857135
Pio Duran,2015,1,Dry,0.6897772509326826,0.550291780378642,24.805,25.61,24.11,59.58,88.805,10.2075,3.9075
Pio Duran,2015,2,Dry,0.6904160917165456,0.4786200999634653,24.23571429,25.27,23.36,17.009999999999998,83.19428571428571,15.747142857142858,3.3742857142857146
Pio Duran,2015,3,Dry,0.7215293443999417,0.4763056693756886,24.48714286,25.04,23.87,242.67,86.36142857142856,12.108571428571429,3.91
Pio Duran,2015,4,Dry,0.6601601799171354,0.566998105027564,25.05571429,26.09,23.69,21.48,84.36285714285714,14.405714285714286,2.3657142857142857
Pio Duran,2015,6,Dry,0.5646836831139317,0.3920985336302598,24.62285714,25.56,23.67,36.71,84.58714285714287,13.801428571428572,3.177142857142857
Pio Duran,2015,7,Dry,0.6381627563724501,0.4845180779495218,24.02571429,25.08,23.36,10.75,81.19000000000001,18.035714285714285,2.841428571428572
Pio Duran,2015,8,Dry,0.6087677734239401,0.4109899864921117,24.96142857,25.55,24.45,69.76,87.29142857142857,14.328571428571427,2.877142857142857
Pio Duran,2015,9,Dry,0.6113541072127527,0.4686341280855486,24.21,24.52,23.59,12.02,80.39,17.84,3.0385714285714287
Pio Duran,2015,10,Hot Dry,0.5976330105775055,0.4655374249368046,25.03285714,25.4,24.28,7.959999999999999,80.88857142857144,20.205714285714286,2.845714285714286
Pio Duran,2015,11,Hot Dry,0.6486094540606437,0.4027774184503948,25.11285714,25.85,24.41,14.95,81.08285714285715,19.801428571428573,2.8842857142857143
Pio Duran,2015,12,Hot Dry,0.6289697796156539,0.4607710626498801,24.87571429,25.24,24.36,6.16,77.7,22.037142857142857,2.8428571428571425
Pio Duran,2015,14,Hot Dry,0.6472563585390919,0.4637455744853434,25.77428571,26.22,25.55,50.66,80.43571428571428,19.640000000000004,3.355714285714285
Pio Duran,2015,15,Hot Dry,0.5960338843283756,0.4270059997149068,26.48857143,27.05,25.94,20.73,80.71285714285715,19.83142857142857,2.46
Pio Duran,2015,16,Hot Dry,0.6354260649560577,0.4170326472487538,26.41571429,26.86,26.04,7.93,78.43714285714285,21.76714285714285,2.891428571428572
Pio Duran,2015,17,Hot Dry,0.6216869890021329,0.4583813768281442,27.35285714,28.33,26.98,28.33,79.30714285714285,22.414285714285715,2.704285714285714
Pio Duran,2015,18,Hot Dry,0.4850014589137866,0.3317329365097287,27.57714286,28.21,27.2,20.51,79.58571428571429,22.571428571428573,1.9442857142857144
Pio Duran,2015,19,Hot Dry,0.5674848642242963,0.3971041413968161,27.69428571,28.11,27.05,17.67,79.39857142857143,21.985714285714288,1.9642857142857144
Pio Duran,2015,20,Hot Dry,0.5630064915556016,0.3934771099562835,28.07428571,28.7,27.54,4.180000000000001,75.39999999999999,25.49428571428572,2.4171428571428573
Pio Duran,2015,22,Hot Dry,0.5508922297217157,0.3813169173708762,28.83857143,29.41,27.71,1.56,71.35142857142857,23.708571428571428,1.5557142857142858
Pio Duran,2015,23,Wet,0.5622371954172721,0.3912934574323093,29.65,29.87,29.32,11.45,69.48142857142857,24.187142857142856,1.437142857142857
Pio Duran,2015,24,Wet,0.568944261399134,0.3722542765948338,28.66857143,29.21,28.29,29.040000000000003,77.50714285714285,21.164285714285715,1.851428571428572
Pio Duran,2015,25,Wet,0.6311386147585347,0.4080829405164476,28.72857143,29.29,28.42,18.15,77.99571428571429,21.435714285714283,1.8471428571428568
Pio Duran,2015,26,Wet,0.6150273102074102,0.4931955088542718,28.12285714,29.06,26.51,84.16,80.17571428571429,17.417142857142856,1.7485714285714289
Pio Duran,2015,27,Wet,0.6333406584368768,0.4747949099476881,27.71571429,29.1,26.99,55.64,82.64857142857143,15.582857142857142,3.3085714285714287
Pio Duran,2015,28,Wet,0.6620144432213185,0.4442265087609565,27.45714286,27.92,27.02,39.260000000000005,85.15857142857143,15.304285714285712,4.085714285714286
Pio Duran,2015,30,Wet,0.6882061358776255,0.5105811531423403,27.50428571,27.86,27.14,10.16,84.42857142857143,18.50142857142857,2.441428571428572
Pio Duran,2015,31,Wet,0.6294340325228739,0.4697372786616072,27.12285714,27.69,25.86,40.41,81.34857142857143,18.34,1.615714285714286
Pio Duran,2015,32,Wet,0.8300037178626745,0.5218781344853954,27.43,27.86,26.55,36.85,80.58285714285714,20.04428571428572,1.5842857142857143
Pio Duran,2015,33,Wet,0.7401656461420597,0.546510442162472,27.64,28.49,27.05,42.5,82.33285714285715,17.924285714285713,2.8114285714285714
Pio Duran,2015,34,Wet,0.7247666271586221,0.5399272914220323,28.28142857,29.03,26.99,16.67,79.62285714285714,21.56571428571429,0.9785714285714286
Pio Duran,2015,35,Wet,0.6612743407467527,0.5128089004432532,28.16,29.3,27.44,47.87,80.72142857142856,17.14,3.665714285714286
Pio Duran,2015,36,Wet,0.7217309881382191,0.5539119902943506,27.92,28.65,27.27,24.91,81.22428571428573,19.91,1.365714285714286
Pio Duran,2015,38,Wet,0.6813794704613894,0.507177798453999,27.48428571,28.27,26.78,57.23,84.50285714285714,20.58142857142857,1.9271428571428568
Pio Duran,2015,39,Wet,0.6784319957634797,0.5662880200346739,27.52571429,27.78,27.1,51.940000000000005,80.62142857142858,18.99,1.7
Pio Duran,2015,40,Wet,0.6839586920602458,0.5115016558265113,27.74142857,28.72,27.2,51.14,83.81428571428572,18.93142857142857,2.275714285714286
Pio Duran,2015,41,Cool Dry,0.7651506017710759,0.554421644294378,26.93857143,27.95,25.68,59.95,85.5657142857143,14.742857142857144,2.04
Pio Duran,2015,42,Cool Dry,0.7224942836103625,0.5314849608817377,28.20285714,29.01,27.45,41.91,78.09857142857143,21.548571428571428,1.5142857142857142
Pio Duran,2015,43,Cool Dry,0.7342949359317937,0.5836634233459337,27.60714286,27.87,27.24,6.45,82.41428571428571,18.787142857142857,2.9771428571428573
Pio Duran,2015,44,Cool Dry,0.7288925773574734,0.5680160050964491,26.69142857,26.96,26.24,41.42,85.36428571428571,18.02857142857143,2.625714285714285
Pio Duran,2015,46,Cool Dry,0.7223754784418404,0.5248835235044979,26.83571429,27.04,26.4,46.71,85.49571428571429,18.46,2.907142857142857
Pio Duran,2015,47,Cool Dry,0.6946322303537802,0.5668299486922187,26.86285714,27.01,26.78,31.33,84.0257142857143,18.222857142857144,2.755714285714286
Pio Duran,2015,48,Cool Dry,0.7639169215551211,0.5177609272777957,26.79857143,27.09,26.61,45.46,82.14999999999999,18.077142857142857,3.0742857142857143
Pio Duran,2015,49,Dry,0.6469065171438367,0.4740456700444205,26.35857143,26.92,25.78,52.96,85.33571428571429,15.934285714285712,2.74
Pio Duran,2015,50,Dry,0.7043987660043217,0.5054786992780683,26.44285714,26.95,25.7,43.41,86.38285714285713,16.22714285714286,2.45
Pio Duran,2015,51,Dry,0.7075269861250494,0.4761801525892007,26.10428571,26.49,25.55,251.91000000000005,89.18857142857142,9.785714285714286,3.892857142857143
Pio Duran,2015,52,Dry,0.7176232149867255,0.48109129871961,25.58571429,26.06,25.2,23.14,84.58857142857143,16.57,2.935714285714286
Pio Duran,2016,53,Dry,0.6693293990263384,0.4636082447704133,25.26714286,25.43,24.82,7.24,84.28714285714285,18.40714285714285,2.4200000000000004
Pio Duran,2016,1,Dry,0.7066217907816933,0.4806188838634594,25.86714286,26.75,25.07,22.75,84.75428571428571,15.774285714285714,1.9614285714285715
Pio Duran,2016,2,Dry,0.651003612287146,0.4743577522017652,25.37571429,25.69,25.01,18.85,83.4557142857143,17.202857142857145,2.8542857142857145
Pio Duran,2016,4,Dry,0.658141398890904,0.5061163279506564,25.22142857,26.17,23.83,69.31,85.61571428571429,13.007142857142856,4.0600000000000005
Pio Duran,2016,5,Dry,0.5326760786763407,0.3616066895922885,25.69142857,26.43,25.22,36.19,84.80857142857143,15.218571428571428,2.77
Pio Duran,2016,6,Dry,0.7035118096691868,0.4569147025583004,24.98714286,25.85,24.44,70.03999999999999,84.5457142857143,16.33857142857143,3.2471428571428573
Pio Duran,2016,7,Dry,0.6697149797093179,0.432514937442356,25.04428571,25.69,24.74,18.630000000000003,83.95857142857143,18.687142857142856,3.0471428571428567
Pio Duran,2016,8,Dry,0.6600050950796323,0.5064094948083262,25.37714286,25.7,25.17,75.71,84.01857142857143,17.62142857142857,3.4142857142857146
Pio Duran,2016,9,Hot Dry,0.6973934213949465,0.5501698545783942,25.69142857,26.16,25.38,3.72,83.88714285714286,23.05,2.4185714285714286
Pio Duran,2016,10,Hot Dry,0.668462632752227,0.4564264047961686,25.79142857,25.93,25.49,2.09,82.13714285714286,23.56714285714286,2.051428571428571
Pio Duran,2016,12,Hot Dry,0.6294537698510874,0.4777581434488672,26.21857143,27.05,25.53,1.48,79.33571428571429,23.807142857142857,1.9157142857142857
Pio Duran,2016,13,Hot Dry,0.6248700364106794,0.4301435385414896,26.70571429,26.99,26.18,20.84,80.27428571428571,19.00142857142857,2.9257142857142857
Pio Duran,2016,14,Hot Dry,0.676252373587928,0.45246850052173,27.19285714,27.81,26.83,13.91,79.36428571428571,22.698571428571427,2.645714285714285
Pio Duran,2016,15,Hot Dry,0.5769327285515108,0.4038634302141005,28.15142857,28.77,27.41,12.01,80.12142857142858,23.464285714285715,2.087142857142857
Pio Duran,2016,16,Hot Dry,0.554334980454429,0.4156073433537143,27.60142857,27.74,27.35,14.06,78.98142857142857,23.84857142857143,2.6614285714285715
Pio Duran,2016,17,Hot Dry,0.5761188651801971,0.3705044788824591,28.50142857,29.33,27.55,12.18,76.18285714285715,23.73,2.1185714285714288
Pio Duran,2016,18,Hot Dry,0.5597973855135795,0.35981007566897,28.47857143,28.72,28.17,13.54,77.13428571428572,23.632857142857144,2.7
Pio Duran,2016,20,Hot Dry,0.5679959298438281,0.3956236373776717,28.77857143,29.16,28.08,7.45,75.34142857142857,23.24,2.467142857142857
Pio Duran,2016,21,Hot Dry,0.6321500387603045,0.4321131405930923,28.07714286,28.72,27.43,43.48,82.42857142857143,19.12142857142857,1.4742857142857144
Pio Duran,2016,22,Wet,0.6277824427666139,0.4230537255252113,28.40714286,28.84,28.01,34.2,80.83,19.90571428571429,1.3857142857142857
Pio Duran,2016,23,Wet,0.6644062243684559,0.4012135381934943,28.86857143,29.35,28.65,34.3,79.09714285714286,20.012857142857143,1.96
Pio Duran,2016,24,Wet,0.5133362642749999,0.3825702381256,27.86285714,28.24,27.57,60.7,81.72,16.391428571428573,1.508571428571429
Pio Duran,2016,25,Wet,0.5659598206435313,0.3811075147188841,27.58,28.34,26.91,72.72999999999999,81.65714285714286,17.574285714285715,1.4685714285714284
Pio Duran,2016,26,Wet,0.717792340410076,0.476390054156361,27.03142857,27.79,26.67,70.17,85.81285714285714,15.335714285714287,2.857142857142857
Pio Duran,2016,28,Wet,0.6889164764777912,0.5203762085030554,28.50142857,29.17,28.0,14.34,77.26714285714286,21.125714285714285,0.9514285714285714
Pio Duran,2016,29,Wet,0.7247231227118103,0.532499554338896,28.01714286,28.83,27.23,24.25,80.03857142857143,20.36428571428572,1.4357142857142855
Pio Duran,2016,30,Wet,0.6439754530729184,0.5236149872701543,27.99857143,29.0,26.95,105.69,81.42428571428572,16.580000000000002,1.92
Pio Duran,2016,31,Wet,0.5283153822410129,0.4315570269248966,27.56142857,28.84,26.84,38.47,84.27714285714286,18.711428571428574,2.3042857142857147
Pio Duran,2016,32,Wet,0.6405886327456684,0.455289096776078,27.30571429,27.66,26.98,50.24,85.62571428571428,16.419999999999998,4.311428571428571
Pio Duran,2016,33,Wet,0.6565288086107001,0.5629435066624968,27.28142857,27.72,26.33,73.9,88.41571428571429,16.075714285714287,2.947142857142857
Pio Duran,2016,34,Wet,0.6532494240984613,0.4952006088122024,27.43571429,27.85,27.05,7.98,86.69428571428571,22.02857142857143,2.171428571428572
Pio Duran,2016,36,Wet,0.569235471829239,0.4460257603773425,27.94,28.68,27.64,33.81,81.80571428571429,20.78428571428572,1.1442857142857144
Pio Duran,2016,37,Wet,0.5406681398082698,0.4052400898419927,27.25142857,27.59,26.88,41.2,87.53857142857143,19.715714285714284,2.222857142857143
Pio Duran,2016,38,Wet,0.7375014047211732,0.517569881020636,27.31142857,27.68,26.65,62.48,86.27,18.06428571428572,1.5885714285714283
Pio Duran,2016,39,Wet,0.6338763203570269,0.4567728932748834,26.86,27.6,25.8,84.33,87.24000000000001,15.055714285714286,2.3642857142857143
Pio Duran,2016,40,Cool Dry,0.4898554545371273,0.358549356497446,26.91857143,28.15,26.1,81.89999999999999,86.23857142857143,14.43142857142857,1.5071428571428571
Pio Duran,2016,41,Cool Dry,0.6294944584740257,0.4738966441647274,26.76142857,27.61,26.22,195.06,87.4542857142857,12.855714285714289,2.52
Pio Duran,2016,42,Cool Dry,0.5874408290437905,0.4118280468406848,27.02857143,27.33,26.6,35.17,88.06857142857143,16.884285714285713,2.1542857142857144
Pio Duran,2016,44,Cool Dry,0.6857964153367576,0.5150925028096984,26.45428571,26.66,26.24,216.32,90.11857142857144,9.858571428571429,2.3085714285714287
Pio Duran,2016,45,Cool Dry,0.6619081636955484,0.5207319511849439,25.86428571,26.58,25.12,12.39,82.19714285714285,16.669999999999998,2.8742857142857146
Pio Duran,2016,46,Cool Dry,0.7373776806882597,0.5537931695011882,26.82714286,27.17,26.42,126.41,89.58714285714287,12.558571428571428,2.557142857142857
Pio Duran,2016,47,Cool Dry,0.7349142059538761,0.4983332364203265,26.38571429,27.05,26.01,141.19,88.95285714285716,14.435714285714283,2.895714285714285
Pio Duran,2016,48,Dry,0.6382938171027525,0.4373937604157811,26.41857143,26.85,25.73,107.05,88.90285714285714,12.588571428571427,2.13
Pio Duran,2016,49,Dry,0.6153187666318202,0.4657814480510772,25.73714286,26.57,24.98,217.25,91.38428571428572,10.081428571428573,2.6757142857142857
Pio Duran,2016,50,Dry,0.607555527194797,0.4914545440185887,25.92714286,26.18,25.77,78.4,88.28571428571429,11.86285714285714,3.4442857142857144
Pio Duran,2016,52,Dry,0.6598908690233928,0.4788532508718838,25.93,25.93,25.93,7.58,87.28,11.29,4.46
Pio Duran,2017,52,Dry,0.4655771081745202,0.3469651898299491,25.60285714,26.33,25.04,65.44,87.0657142857143,12.175714285714289,3.31
Pio Duran,2017,2,Dry,0.6313869739672165,0.4614475545068469,24.63142857,25.46,23.72,201.17,88.86285714285714,10.73857142857143,3.69
Pio Duran,2017,3,Dry,0.6845531145164186,0.4938239320719385,24.66142857,25.46,24.07,34.3,84.87142857142858,14.52,3.721428571428572
Pio Duran,2017,4,Dry,0.6818922037793971,0.486615425956825,25.31714286,26.24,24.4,59.15,88.08000000000001,14.572857142857142,2.744285714285714
Pio Duran,2017,5,Dry,0.6742741274732706,0.5060737888607596,24.31285714,25.33,22.83,10.56,82.19000000000001,18.17142857142857,3.2842857142857147
Pio Duran,2017,6,Dry,0.573742521346014,0.4667635946552027,24.08142857,25.48,22.51,44.78,83.51142857142858,15.491428571428573,3.6542857142857135
Pio Duran,2017,7,Dry,0.619124670193083,0.4716417304234068,25.48714286,25.95,25.19,34.18,87.04142857142857,18.514285714285712,2.6128571428571425
Pio Duran,2017,8,Dry,0.6279401648014122,0.4759527142164592,25.26,25.65,24.86,30.9,82.67714285714285,20.06,3.021428571428572
Pio Duran,2017,10,Hot Dry,0.6649713331965982,0.4583499868691643,25.11285714,25.95,24.72,52.71,84.07000000000001,18.90571428571429,3.0542857142857143
Pio Duran,2017,11,Hot Dry,0.6399939760700211,0.4211192903533063,25.44571429,26.63,24.71,65.78999999999999,83.43857142857142,17.194285714285716,2.5700000000000003
Pio Duran,2017,12,Hot Dry,0.6489428827445337,0.4862792726098386,26.42285714,26.89,25.03,39.2,85.47857142857143,21.42,2.05
Pio Duran,2017,13,Hot Dry,0.6720791691434519,0.4745705695348172,25.74571429,26.18,25.36,51.66,85.49857142857142,18.212857142857143,3.127142857142857
Pio Duran,2017,14,Hot Dry,0.718041475792455,0.4615149383919747,25.81571429,26.63,24.95,28.28,84.70714285714287,18.562857142857144,3.1042857142857145
Pio Duran,2017,15,Hot Dry,0.6811514909970104,0.4831654804842887,27.01,27.25,26.24,34.2,81.66428571428571,21.860000000000003,2.455714285714286
Pio Duran,2017,16,Hot Dry,0.6634563478148888,0.455774926251853,27.74857143,28.36,27.34,1.72,76.88714285714286,24.32857142857143,1.6985714285714286
Pio Duran,2017,18,Hot Dry,0.6406334343178154,0.4698555000701249,27.83857143,28.61,27.07,24.91,83.56285714285715,23.698571428571427,2.045714285714286
Pio Duran,2017,19,Hot Dry,0.5964360990890634,0.4307185358131515,27.87,28.19,27.24,28.73,83.03285714285714,21.502857142857145,2.56
Pio Duran,2017,20,Hot Dry,0.6679583977210312,0.5124669601907562,28.39428571,29.39,27.74,46.98,82.64,21.22142857142857,1.3628571428571428
Pio Duran,2017,21,Hot Dry,0.6552365048306167,0.4685461925994655,28.65285714,28.82,28.34,7.92,82.99714285714286,23.08,1.58
Pio Duran,2017,22,Wet,0.7040678414123852,0.5342428250099791,27.68714286,29.3,26.7,82.57000000000001,84.87714285714286,16.56,1.6842857142857142
Pio Duran,2017,23,Wet,0.6866820757914534,0.475830079143526,28.45428571,29.69,27.71,9.07,79.35142857142857,23.98,1.384285714285714
Pio Duran,2017,24,Wet,0.7363532248234371,0.4771392185430016,28.18142857,28.63,27.5,24.64,78.72714285714287,22.027142857142856,1.3071428571428572
Pio Duran,2017,26,Wet,0.7182788334585286,0.5455990326171024,27.81714286,28.51,27.29,46.11,80.16714285714285,19.148571428571422,1.147142857142857
Pio Duran,2017,27,Wet,0.7271649448404718,0.5469626266943425,27.14714286,27.53,26.88,72.2,84.40142857142857,15.604285714285714,1.758571428571429
Pio Duran,2017,28,Wet,0.5038269533188534,0.3666254609777374,27.61857143,28.35,26.76,94.92,80.39571428571428,17.622857142857143,1.167142857142857
Pio Duran,2017,29,Wet,0.5041152763226089,0.3644287683921364,26.83,27.55,26.35,99.54,86.82000000000001,14.578571428571427,2.067142857142857
Pio Duran,2017,30,Wet,0.7393304209080576,0.4956383563446049,27.14142857,27.98,26.37,71.35,88.51857142857143,15.265714285714283,3.3428571428571425
Pio Duran,2017,31,Wet,0.7547111238311788,0.5008926549039572,28.14571429,28.94,27.2,26.47,81.46714285714286,21.81571428571429,1.31
Pio Duran,2017,32,Wet,0.616699787745044,0.4217959433767609,27.89428571,28.54,26.74,43.23,82.91,19.527142857142856,1.6257142857142857
Pio Duran,2017,34,Wet,0.7066160387037952,0.5039165854936989,27.08,28.13,25.85,92.47,84.41285714285713,15.521428571428572,2.1685714285714286
Pio Duran,2017,35,Wet,0.6643548308921641,0.5665528135304256,27.56428571,27.86,27.13,24.18,86.0442857142857,19.395714285714288,2.564285714285714
Pio Duran,2017,36,Wet,0.7116464712086037,0.5473426549126743,27.93428571,28.84,26.79,67.42,82.85142857142857,17.75,1.3257142857142856
Pio Duran,2017,37,Wet,0.4941260750530392,0.3966471803729468,27.44428571,28.81,26.23,66.18,83.57714285714285,16.28142857142857,1.9742857142857144
Pio Duran,2017,38,Wet,0.7396675301592184,0.4400912690141,27.39428571,28.25,26.87,77.02,85.10857142857142,17.942857142857143,1.5157142857142856
Pio Duran,2017,39,Wet,0.7047567993854087,0.4826958665380288,27.13285714,27.65,26.69,70.8,85.64285714285714,15.301428571428572,1.467142857142857
Pio Duran,2017,40,Cool Dry,0.6732393253126451,0.5138354113325846,27.57285714,28.75,26.98,75.86,82.38571428571429,18.265714285714285,1.2757142857142856
Pio Duran,2017,42,Cool Dry,0.6046869084343862,0.4362022042238347,27.09428571,28.17,26.2,106.46,86.97285714285714,12.797142857142855,2.29
Pio Duran,2017,43,Cool Dry,0.7661901995205442,0.5382567504974048,26.50428571,26.89,26.16,199.76,89.67428571428572,12.508571428571427,2.8685714285714283
Pio Duran,2017,44,Cool Dry,0.744737172219204,0.5889758455371044,26.68285714,27.03,26.08,99.62,89.45428571428572,15.15,2.707142857142857
Pio Duran,2017,45,Cool Dry,0.758217676326212,0.5180267390639279,26.68285714,27.02,26.26,88.17999999999999,89.37428571428572,13.945714285714288,2.442857142857143
Pio Duran,2017,46,Cool Dry,0.6582701066005578,0.4982745618227999,26.90714286,27.01,26.66,64.77000000000001,87.39857142857143,15.412857142857144,3.1157142857142857
Pio Duran,2017,47,Cool Dry,0.7436212309247414,0.5065068681121849,26.88428571,27.06,26.73,56.78,87.88,15.507142857142856,2.91
Pio Duran,2017,48,Dry,0.6355906536701031,0.4705494865293604,27.12571429,27.71,26.63,59.3,85.04857142857144,15.45,1.72
Pio Duran,2017,50,Dry,0.5126622101967614,0.4225169925078217,26.31285714,26.64,25.82,119.22,89.89857142857143,12.631428571428572,3.262857142857143
Pio Duran,2017,51,Dry,0.5247551298471932,0.3920404371882848,25.88428571,26.62,25.19,238.06,90.71285714285716,9.55,3.381428571428572
Pio Duran,2017,51,Dry,0.5247551298471932,0.3920404371882848,26.0085714,26.44,25.68,33.1,84.30857143,17.17,3.137142857
Pio Duran,2017,52,Dry,0.7433280574764708,0.4806145459287573,26.05,26.68,25.44,99.7,86.88428571,14.05428571,2.847142857
Pio Duran,2018,1,Dry,0.6234550810574306,0.4361054653265017,25.7871429,26.23,25.17,130.83,87.28571429,15.15571429,3.121428571
Pio Duran,2018,2,Dry,0.7219897416268887,0.4768513996567702,25.67,26.05,25.27,98.85,85.44857143,15.81857143,2.938571429
Pio Duran,2018,3,Dry,0.6949729087377716,0.4057806727771863,26.0085714,26.33,25.56,56.13,87.33142857,17.14571429,2.498571429
Pio Duran,2018,4,Dry,0.711364384,0.448077861,25.8171429,26.34,25.12,42.23,83.15714286,17.82285714,2.975714286
Pio Duran,2018,5,Dry,0.460372361815173,0.3327206195923062,25.7771429,26.33,25.3,54.91,84.53142857,19.38285714,2.885714286
Pio Duran,2018,6,Dry,0.7505886673654522,0.4778311716664796,25.7942857,26.4,25.06,36.26,82.76428571,19.91285714,2.968571429
Pio Duran,2018,7,Dry,0.679991079,0.5411596059656153,25.73,26.01,25.24,19.36,81.01857143,19.62428571,2.465714286
Pio Duran,2018,9,Dry,0.6161046900151131,0.5073492684413676,26.1585714,26.64,25.65,27.89,81.94142857,20.27714286,2.64
Pio Duran,2018,10,Hot Dry,0.6235808063219845,0.4389707540564206,26.8614286,27.15,26.52,46.76,85.75,20.08,2.58
Pio Duran,2018,11,Hot Dry,0.5957067831255214,0.4348748862260358,27.0714286,27.66,26.67,22.24,81.97142857,22.11571429,2.401428571
Pio Duran,2018,12,Hot Dry,0.670406763,0.5423675650980785,27.4871429,27.73,27.16,9.2,81.60714286,24.19285714,2.392857143
Pio Duran,2018,13,Hot Dry,0.6266951162024591,0.4371545248568501,27.6428571,27.88,27.44,34.06,84.00428571,19.48,2.38
Pio Duran,2018,14,Hot Dry,0.6138181076230689,0.4047555035222653,28.0757143,28.49,27.71,4.59,79.68714286,23.08142857,1.924285714
Pio Duran,2018,15,Hot Dry,0.6948202330665932,0.4758268267536082,27.85,28.22,27.47,16.06,82.41714286,21.52142857,1.87
Pio Duran,2018,17,Hot Dry,0.6481017277452964,0.4973095682066792,27.9828571,28.19,27.78,21.25,83.55571429,21.55,1.81
Pio Duran,2018,18,Hot Dry,0.5007857317793292,0.3684408541893866,27.8728571,28.14,27.5,42.31,84.21714286,18.79,1.785714286
Pio Duran,2018,19,Hot Dry,0.6254134616072836,0.4210528076677782,27.7871429,28.13,27.33,98.85,84.51285714,12.51285714,2.972857143
Pio Duran,2018,20,Hot Dry,0.6657203291409524,0.4782612119106414,27.9228571,28.3,27.65,18.98,84.65285714,20.18428571,3.075714286
Pio Duran,2018,21,Hot Dry,0.6514620126749413,0.5502639024241279,27.3757143,28.03,26.71,31.86,82.69142857,19.26285714,1.588571429
Pio Duran,2018,22,Wet,0.7127662033689149,0.5240310421192681,27.4657143,28.32,26.49,21.81,81.78857143,18.86428571,1.657142857
Pio Duran,2018,23,Wet,0.6651518428582467,0.5299459858806086,26.9371429,27.23,26.79,35.12,86.52571429,21.66428571,1.818571429
Pio Duran,2018,25,Wet,0.7407369951072008,0.5382083651405132,26.9757143,27.33,26.39,78.83,88.30714286,17.12714286,2.917142857
Pio Duran,2018,26,Wet,0.672809827,0.5139415143334465,27.3057143,27.98,26.46,51.98,86.35285714,16.23571429,4.042857143
Pio Duran,2018,27,Wet,0.7015015240010725,0.5168872744138515,26.9942857,27.37,26.57,46.71,87.80285714,16.79428571,2.822857143
Pio Duran,2018,28,Wet,0.619827282,0.4397791636827632,26.8642857,27.39,26.28,45.59,88.14571429,19.75571429,2.861428571
Pio Duran,2018,29,Wet,0.6758119442118942,0.4632080765515911,26.8528571,27.4,26.59,39.99,87.09571429,14.02571429,3.528571429
Pio Duran,2018,33,Wet,0.6558208879082572,0.5012817223551753,27.26,27.63,26.78,23.27,85.23428571,18.66714286,3.488571429
Pio Duran,2018,34,Wet,0.7067588806410098,0.4881618956846155,27.3328571,27.75,26.47,11.58,84.47142857,19.99142857,3.008571429
Pio Duran,2018,35,Wet,0.6827043764220068,0.5049820084573498,27.2557143,27.78,26.53,62.2,81.41857143,17.04571429,1.385714286
Pio Duran,2018,36,Wet,0.6797754936383704,0.5738821040813213,26.6314286,27.64,26.04,54.82,88.27142857,17.72142857,2.301428571
Pio Duran,2018,37,Wet,0.6423980607765449,0.4613357973059329,27.0128571,27.81,26.44,158.9,87.33428571,15.05428571,2.841428571
Pio Duran,2018,38,Wet,0.7257107347502261,0.5498256596654453,27.02,27.41,26.69,43.52,85.81571429,19.41142857,1.628571429
Pio Duran,2018,39,Wet,0.666,0.4916,27.0614286,27.29,26.82,12.95,84.82428571,20.33571429,2.081428571
Pio Duran,2018,39,Wet,0.6660205525089253,0.4915502104361101,27.4085714,27.58,27.02,20.03,85.64285714,20.08428571,2.56
Pio Duran,2018,41,Cool Dry,0.7325045821696595,0.5289493233552929,26.8928571,27.37,26.6,34.88,84.25571429,16.17142857,1.991428571
Pio Duran,2018,41,Cool Dry,0.7325045821696595,0.5289493233552929,27.2171429,27.88,26.72,35.49,82.01714286,17.31714286,1.361428571
Pio Duran,2018,42,Cool Dry,0.7463921988456134,0.5796474383250048,26.5842857,27.19,25.93,16.0,81.08714286,18.66857143,2.692857143
Pio Duran,2018,43,Cool Dry,0.740335737,0.4946469805513141,26.9285714,27.69,25.17,15.86,83.20714286,18.29142857,2.64
Pio Duran,2018,44,Cool Dry,0.7188860789916811,0.538805318,26.9171429,27.14,26.51,71.74,84.46571429,17.6,3.352857143
Pio Duran,2018,45,Cool Dry,0.6154635411205286,0.2410131626032722,26.4371429,26.79,26.22,34.31,84.53571429,18.34285714,2.768571429
Pio Duran,2018,46,Cool Dry,0.7207970528865867,0.4800503116349239,26.1071429,26.83,25.71,101.07,85.65571429,14.70857143,2.975714286
Pio Duran,2018,47,Cool Dry,0.7318610341254785,0.530864922,26.1585714,26.67,25.85,30.27,84.16857143,18.34428571,2.974285714
Pio Duran,2018,49,Dry,0.6790461358550716,0.4609266776752158,26.7342857,26.98,26.55,25.48,84.61714286,17.07428571,3.135714286
Pio Duran,2018,50,Dry,0.7150197593817026,0.4881438181454929,26.2657143,26.71,25.87,74.06,86.27,13.33142857,3.43
Pio Duran,2018,51,Dry,0.6785044785887041,0.502130541,25.7185714,26.16,25.3,228.79,88.73,10.63428571,3.041428571
Pio Duran,2018,51,Dry,0.6785044785887041,0.502130541,26.2957143,26.62,25.54,87.47,88.43714286,14.52857143,2.254285714
Pio Duran,2018,52,Dry,0.6844922736228023,0.4931505484380036,25.8171429,26.24,25.07,332.67,89.47714286,11.52,3.248571429
Pio Duran,2018,52,Dry,0.6844922736228023,0.4931505484380036,25.99,26.43,25.61,81.43,92.0575,11.52,2.2375
Pio Duran,2019,1,Dry,0.6850433868036664,0.4699618761643657,23.8371429,24.57,23.16,13.72,79.61285714,15.24571429,3.145714286
Pio Duran,2019,2,Dry,0.6844922736228023,0.4931505484380036,24.6342857,25.31,24.12,9.89,83.23,20.03285714,2.585714286
Pio Duran,2019,3,Dry,0.5891611382528487,0.4661562699920842,24.6471429,24.81,24.48,9.69,80.34285714,19.27714286,3.1
Pio Duran,2019,4,Dry,0.6250974749862684,0.4432100185839143,24.5428571,24.88,24.34,8.13,78.61428571,22.01714286,2.742857143
Pio Duran,2019,5,Dry,0.5754479665594979,0.4155936764069635,24.3614286,25.66,23.53,3.02,76.99571429,23.18285714,2.395714286
Pio Duran,2019,6,Dry,0.6389556215067643,0.3945283482813546,25.5528571,25.95,25.12,4.54,79.65714286,21.80428571,2.448571429
Pio Duran,2019,8,Dry,0.6426410716945739,0.4583527211528414,25.5,26.24,24.74,3.84,77.38714286,23.51285714,2.517142857
Pio Duran,2019,9,Dry,0.5660734990929432,0.39053551387924,25.9257143,26.19,25.38,17.58,77.15428571,21.66285714,3.027142857
Pio Duran,2019,10,Hot Dry,0.6090721695982395,0.3297038692161116,25.9857143,26.74,25.51,14.55,77.12571429,21.12142857,2.8
Pio Duran,2019,11,Hot Dry,0.5234350309754505,0.3436016921431005,26.6685714,27.68,25.98,3.91,76.18,24.42714286,2.721428571
Pio Duran,2019,12,Hot Dry,0.5431385621333528,0.3092946626502343,27.5114286,28.06,26.85,45.66,81.74571429,22.84,2.528571429
Pio Duran,2019,13,Hot Dry,0.4925539253327305,0.3134626003982172,27.8757143,28.18,27.53,4.52,76.06714286,26.14428571,2.175714286
Pio Duran,2019,14,Hot Dry,0.4855219830251935,0.3124151810686329,27.5271429,27.81,27.13,13.71,74.03,24.80857143,2.852857143
Pio Duran,2019,16,Hot Dry,0.5092623498961633,0.3030473972582458,28.6971429,29.48,27.67,11.72,72.34285714,24.47714286,1.648571429
Pio Duran,2019,17,Hot Dry,0.5127234067207552,0.2830903485384698,28.7471429,30.03,28.07,58.07,80.47571429,21.18285714,1.505714286
Pio Duran,2019,18,Hot Dry,0.5241634395843738,0.3331356995712975,29.9657143,30.61,29.26,6.12,71.71,24.01714286,1.387142857
Pio Duran,2019,19,Hot Dry,0.5197946,0.3518517668577472,28.7157143,29.85,27.37,40.41,78.66714286,18.84428571,1.27
Pio Duran,2019,20,Hot Dry,0.5405119704533641,0.3325681122254615,28.2557143,28.46,27.86,14.54,82.40428571,22.42285714,1.915714286
Pio Duran,2019,21,Hot Dry,0.5863528918047247,0.3707006772132608,28.31,28.91,27.98,58.5,82.91714286,22.31428571,2.07
Pio Duran,2019,22,Wet,0.6434953974046115,0.3975733151848628,28.9157143,29.52,28.17,18.8,82.13714286,21.99142857,1.724285714
Pio Duran,2019,24,Wet,0.6785320956938751,0.4307094285645616,29.3114286,29.78,28.9,12.58,77.83571429,22.58857143,1.681428571
Pio Duran,2019,25,Wet,0.6830252542273327,0.5072280025058148,27.4971429,27.89,27.09,93.58,86.39,15.70285714,2.724285714
Pio Duran,2019,26,Wet,0.7178523697205456,0.5413287093721442,27.6685714,28.29,26.81,31.67,82.04571429,19.76571429,1.785714286
Pio Duran,2019,27,Wet,0.7398767060442304,0.5601033454836943,27.7957143,29.26,26.68,33.88,81.49428571,19.64142857,1.374285714
Pio Duran,2019,28,Wet,0.7149354347387581,0.570360323,27.6928571,28.57,26.27,78.07,82.60285714,14.45571429,2.971428571
Pio Duran,2019,29,Wet,0.5895796553064971,0.3994253093998675,27.36,28.4,26.25,67.15,86.41428571,17.36,1.775714286
Pio Duran,2019,30,Wet,0.3420026111236657,0.2527419007466663,26.6257143,26.91,26.3,93.97,87.33285714,15.32,3.32
Pio Duran,2019,32,Wet,0.6769594706081977,0.5592442111079415,27.6914286,28.07,27.04,15.73,85.15,15.03,4.795714286
Pio Duran,2019,33,Wet,0.7156128645866542,0.5995948529998933,27.7214286,28.07,27.26,5.91,85.71142857,21.32571429,2.864285714
Pio Duran,2019,34,Wet,0.694872008,0.4850810201868509,26.8828571,27.59,26.17,72.04,87.08,12.65714286,2.842857143
Pio Duran,2019,35,Wet,0.6136406177096727,0.4589998853732746,26.7628571,27.69,26.02,85.67,86.35,14.58857143,2.262857143
Pio Duran,2019,36,Wet,0.7427722701716304,0.561910401,27.1957143,27.56,26.52,27.97,86.09285714,19.71571429,2.617142857
Pio Duran,2019,37,Wet,0.661163319,0.5331240314390382,26.6785714,27.19,25.87,90.26,88.88857143,14.97,2.824285714
Pio Duran,2019,38,Wet,0.7462394957266738,0.5620328806478452,27.1185714,27.5,26.91,36.48,86.69571429,15.16571429,3.362857143
Pio Duran,2019,40,Wet,0.7488166762195856,0.5760980938217023,27.7128571,28.48,27.25,10.66,81.97428571,20.39142857,1.475714286
Pio Duran,2019,41,Cool Dry,0.6765502695168459,0.533172596,27.5171429,28.23,27.04,26.05,81.63571429,20.03285714,1.367142857
Pio Duran,2019,42,Cool Dry,0.6497214154845345,0.5414448575787635,27.0928571,27.45,26.7,27.87,80.98571429,17.99571429,2.228571429
Pio Duran,2019,43,Cool Dry,0.7050089816953675,0.5124364612784938,27.2342857,27.78,26.64,29.63,82.64714286,19.45142857,2.208571429
Pio Duran,2019,44,Cool Dry,0.7119478692524194,0.5746491902933987,27.3142857,27.6,26.61,56.18,83.76857143,18.36857143,2.305714286
Pio Duran,2019,45,Cool Dry,0.7674472099238999,0.5957109717640401,26.6414286,27.26,26.17,78.8,88.57142857,14.05285714,1.947142857
Pio Duran,2019,46,Cool Dry,0.7777950103677675,0.539750491,27.16,27.4,26.95,17.63,86.37428571,18.18,1.995714286
Pio Duran,2019,48,Cool Dry,0.7337775216234417,0.491062343,26.2714286,26.63,25.85,124.0,89.25714286,9.832857143,2.14
Pio Duran,2019,49,Dry,0.5979623713081788,0.422698697,26.8742857,27.5,26.51,41.48,87.03142857,16.29857143,1.71
Pio Duran,2019,50,Dry,0.6381119356037511,0.4868713908846612,26.3342857,26.97,25.45,49.51,83.96,15.03,3.394285714
Pio Duran,2019,51,Dry,0.6641884913763044,0.5208300431494723,26.6514286,27.26,25.95,211.78,87.06,13.11428571,3.451428571
Pio Duran,2019,51,Dry,0.6641884913763044,0.5208300431494723,25.9857143,26.49,25.48,45.74,88.23142857,15.17571429,2.454285714
Pio Duran,2019,52,Dry,0.7121283652102506,0.5254098905374408,26.25,26.5,25.77,54.3,88.44142857,13.55857143,3.015714286
Pio Duran,2019,52,Dry,0.7121283652102506,0.5254098905374408,24.73,25.21,24.2,94.26,85.054,12.07,4.578
Pio Duran,2020,1,Dry,0.7115610978236889,0.4856729474315212,25.0557143,26.04,23.6,49.68,84.76,15.97714286,3.197142857
Pio Duran,2020,2,Dry,0.7457286761090574,0.5258121673440882,24.7314286,25.39,24.02,9.72,81.87,20.37857143,3.058571429
Pio Duran,2020,3,Dry,0.6355064691992253,0.4964543559839628,24.93,25.3,24.4,91.8,83.63571429,17.88857143,4.097142857
Pio Duran,2020,4,Dry,0.7177682239059197,0.550951808,25.2357143,25.45,25.02,14.87,81.66714286,19.83428571,3.198571429
Pio Duran,2020,5,Dry,0.702888311,0.555105746,25.6985714,26.99,24.9,99.27,85.38142857,18.11,2.408571429
Pio Duran,2020,7,Dry,0.756340393,0.4972515561060199,26.1257143,26.98,25.65,1.29,80.69857143,24.52857143,2.145714286
Pio Duran,2020,8,Dry,0.6257899088738149,0.4979329920175289,26.1057143,26.61,25.65,72.59,83.81,20.27714286,2.588571429
Pio Duran,2020,9,Dry,0.6783989940209023,0.4927014414393061,25.88,26.37,25.3,20.11,81.93857143,25.01857143,2.887142857
Pio Duran,2020,10,Hot Dry,0.6262923123194576,0.4863742672071261,26.5357143,26.81,26.17,13.18,81.96142857,24.22428571,2.628571429
Pio Duran,2020,11,Hot Dry,0.7247987302013541,0.4436022089384438,26.6928571,27.88,25.83,2.84,79.84285714,24.07142857,1.891428571
Pio Duran,2020,12,Hot Dry,0.6077078528715987,0.4745014782226102,27.7157143,28.03,27.45,11.21,79.94142857,21.04714286,2.247142857
Pio Duran,2020,13,Hot Dry,0.5764677664623747,0.4038615437752272,27.7585714,27.91,27.63,21.76,82.43714286,24.01285714,2.687142857
Pio Duran,2020,15,Hot Dry,0.5708950542251299,0.3712712528095599,27.7857143,28.12,27.5,46.52,81.05571429,21.28571429,2.837142857
Pio Duran,2020,16,Hot Dry,0.5575493466906221,0.4179493815578076,28.7928571,29.28,28.47,15.73,80.09428571,25.18857143,2.067142857
Pio Duran,2020,17,Hot Dry,0.5709519795734683,0.3640787354150561,28.0271429,28.58,27.21,145.53,84.91714286,18.52428571,2.677142857
Pio Duran,2020,18,Hot Dry,0.5551072232312931,0.4115035863456576,28.9771429,29.42,28.51,8.5,79.99714286,23.45428571,1.47
Pio Duran,2020,19,Hot Dry,0.6294242834652146,0.4177944384625701,28.7428571,29.38,27.76,26.5,79.71714286,25.22,1.63
Pio Duran,2020,20,Hot Dry,0.6332107921864595,0.4323665647708937,28.6714286,29.1,27.99,10.73,77.33714286,24.10857143,1.595714286
Pio Duran,2020,21,Hot Dry,0.6140381607484507,0.4664089549440119,27.3685714,28.29,26.53,154.68,85.73142857,14.89857143,2.752857143
Pio Duran,2020,23,Wet,0.6340869481683855,0.4730240623966392,27.83,28.36,26.97,26.33,82.57714286,21.88285714,1.722857143
Pio Duran,2020,24,Wet,0.6217812549030661,0.4445205943807084,27.5785714,29.1,26.12,36.17,84.53,19.83857143,1.88
Pio Duran,2020,25,Wet,0.7326601959566026,0.4952031295880024,27.5671429,28.4,26.85,31.29,80.35428571,21.25714286,1.595714286
Pio Duran,2020,26,Wet,0.5424696265600149,0.4165775519161849,28.0442857,29.17,27.23,28.71,80.81571429,20.24428571,1.261428571
Pio Duran,2020,27,Wet,0.7083519199692868,0.4650817055112372,27.81,28.5,27.0,37.81,81.92571429,20.21,1.811428571
Pio Duran,2020,28,Wet,0.7185531783999037,0.5009315144132848,27.6657143,28.09,26.91,35.71,82.67571429,18.86285714,1.62
Pio Duran,2020,29,Wet,0.4846630366505817,0.354322177,27.2457143,28.29,26.17,83.18,84.12571429,14.13571429,1.634285714
Pio Duran,2020,31,Wet,0.6247834104986136,0.4704150688400996,27.1071429,27.79,26.5,93.87,86.89571429,16.06285714,2.495714286
Pio Duran,2020,32,Wet,0.7039860815577136,0.5736146007513597,27.4114286,27.94,26.87,56.16,82.63142857,16.53142857,1.405714286
Pio Duran,2020,33,Wet,0.7130728660857318,0.586949642,27.5585714,28.16,26.32,64.86,82.76428571,18.92,1.278571429
Pio Duran,2020,34,Wet,0.2468234041736791,0.2047901447996422,27.6014286,27.94,27.25,22.11,86.03428571,17.98714286,2.251428571
Pio Duran,2020,35,Wet,0.6292127925520551,0.4554324587384192,28.2342857,29.26,27.63,8.02,81.34714286,20.64142857,1.551428571
Pio Duran,2020,36,Wet,0.5907028915856882,0.5062287103057123,28.0185714,28.52,27.46,29.55,81.77142857,17.73285714,1.228571429
Pio Duran,2020,37,Wet,0.599576773,0.4618795707828124,27.23,27.89,26.31,103.27,86.26571429,16.61428571,2.084285714
Pio Duran,2020,39,Wet,0.7384736969447707,0.6422883273581929,27.7214286,28.42,26.93,75.27,84.79142857,17.33857143,1.482857143
Pio Duran,2020,40,Wet,0.6670779537078886,0.4975459724258536,28.0885714,28.3,27.75,61.09,81.06142857,19.01,1.091428571
Pio Duran,2020,41,Cool Dry,0.6913603536990386,0.5513737102392957,27.4028571,28.31,26.6,108.33,85.66142857,13.67,1.45
Pio Duran,2020,42,Cool Dry,0.5642549892304123,0.4209323485095786,27.1271429,27.74,26.32,106.66,86.12714286,16.31857143,1.805714286
Pio Duran,2020,43,Cool Dry,0.42870431073033,0.3103244593374414,27.0228571,27.55,26.33,205.05,90.14142857,12.98571429,2.137142857
Pio Duran,2020,44,Cool Dry,0.5865269216593122,0.398858622680373,26.9557143,27.6,26.27,154.55,87.94857143,15.03571429,2.63
Pio Duran,2020,45,Cool Dry,0.6776292223197532,0.4527446268389645,26.6585714,26.94,26.4,139.82,89.35571429,12.83714286,1.997142857
Pio Duran,2020,47,Cool Dry,0.6533553580145947,0.4963116465107549,26.63,27.1,26.2,154.95,90.23571429,13.41857143,2.9
Pio Duran,2020,48,Cool Dry,0.6439728194760939,0.4787921376572579,26.6842857,27.07,26.28,48.4,86.98285714,17.07285714,2.527142857
Pio Duran,2020,49,Dry,0.6264488829347342,0.4253358831531064,26.3871429,26.85,25.84,92.65,86.10428571,13.6,3.192857143
Pio Duran,2020,50,Dry,0.7003036875714532,0.5958241412533286,26.4542857,26.97,26.17,123.9,90.31714286,10.95714286,2.24
Pio Duran,2020,51,Dry,0.7032605190946025,0.4876444638515554,26.6314286,26.8,26.41,139.9,90.21428571,14.32428571,2.211428571
Pio Duran,2020,51,Dry,0.7032605190946025,0.4876444638515554,25.9,26.77,24.88,124.49,89.80285714,12.93428571,2.045714286
Pio Duran,2020,52,Dry,0.7231201672341964,0.4862245277930166,26.2171429,26.45,25.93,208.6,89.07,10.64857143,3.5
Pio Duran,2020,52,Dry,0.7231201672341964,0.4862245277930166,24.91,25.83,23.76,43.78,84.3,15.73142857,3.442857143
Pio Duran,2021,1,Dry,0.5811086533155769,0.4243309486932702,25.68,27.22,24.77,184.51,88.89,13.83857143,2.238571429
Pio Duran,2021,2,Dry,0.6373449780226134,0.4890879675787159,24.2042857,25.1,22.59,44.52,82.98571429,16.35,3.59
Pio Duran,2021,4,Dry,0.6457291549938133,0.4702724655618932,26.2071429,26.91,25.4,59.42,86.20285714,17.87,2.192857143
Pio Duran,2021,5,Dry,0.6189497350631312,0.4635758623622243,25.7885714,25.98,25.55,17.58,83.52142857,22.12285714,2.847142857
Pio Duran,2021,6,Dry,0.6923149213083836,0.5714343747721081,25.8557143,26.06,25.6,168.76,84.64285714,14.81,3.197142857
Pio Duran,2021,7,Dry,0.7062161412262362,0.5194742086384898,26.8585714,27.15,26.35,28.1,85.96857143,21.23285714,1.92
Pio Duran,2021,8,Dry,0.6649819444408931,0.5132778658651734,26.5585714,26.84,26.27,49.23,85.44142857,19.99,2.952857143
Pio Duran,2021,9,Hot Dry,0.6689689116478696,0.5297547847104979,26.7728571,26.97,26.34,6.45,81.72714286,23.61285714,2.568571429
Pio Duran,2021,10,Hot Dry,0.6692082258537244,0.5433831770408544,26.4828571,26.79,26.07,4.32,79.84,22.22428571,2.591428571
Pio Duran,2021,12,Hot Dry,0.6431495589501443,0.4775339588879118,27.0214286,27.4,25.97,117.82,83.33428571,17.86142857,2.821428571
Pio Duran,2021,13,Hot Dry,0.6315571007874738,0.4752341047911763,27.0871429,27.67,25.71,102.95,84.73571429,14.85857143,3.087142857
Pio Duran,2021,14,Hot Dry,0.5945521051633582,0.4962232864659159,26.6742857,27.51,25.71,3.9,79.16857143,23.89571429,1.934285714
Pio Duran,2021,15,Hot Dry,0.7081081257931248,0.4887126490949965,27.54,27.97,27.18,40.09,85.70285714,20.89,2.858571429
Pio Duran,2021,16,Hot Dry,0.67251498,0.5125626128914539,27.7785714,28.06,27.58,31.55,85.62285714,21.92142857,2.46
Pio Duran,2021,17,Hot Dry,0.6615995296247308,0.4976430271336384,27.9228571,28.56,27.6,38.83,83.95714286,21.41714286,1.877142857
Pio Duran,2021,18,Hot Dry,0.6874964718697255,0.5289446772058443,28.4028571,29.17,27.63,13.79,82.27571429,22.86714286,1.53
Pio Duran,2021,20,Hot Dry,0.7201647085595926,0.5299031249703894,28.2657143,29.43,27.02,46.29,84.32142857,18.95857143,2.14
Pio Duran,2021,21,Hot Dry,0.6867666389882463,0.5468389469618453,27.0957143,28.06,26.55,71.16,85.09,14.56571429,1.554285714
Pio Duran,2021,22,Wet,0.7414355345047725,0.5344406580874979,28.1414286,29.03,27.63,10.68,82.42571429,23.27857143,1.601428571
Pio Duran,2021,23,Wet,0.7230015141734932,0.5560856028427351,27.5157143,28.11,26.96,23.87,83.31285714,19.25857143,1.581428571
Pio Duran,2021,24,Wet,0.7278081008448412,0.4280128859721031,28.0428571,28.97,27.02,44.82,80.00285714,20.31714286,1.211428571
Pio Duran,2021,25,Wet,0.6599334597015427,0.4867406291085577,27.1042857,27.55,26.58,52.52,86.43714286,18.97,2.135714286
Pio Duran,2021,26,Wet,0.7488070970125211,0.549429438,27.3671429,27.63,27.18,60.91,86.20571429,17.83857143,2.02
Pio Duran,2021,28,Wet,0.7001540262242293,0.5374587975123502,27.5914286,27.86,27.35,64.62,86.36285714,13.70857143,4.785714286
Pio Duran,2021,29,Wet,0.449446334454639,0.3410905436313799,27.9871429,28.07,27.87,17.77,85.60285714,19.61285714,3.938571429
Pio Duran,2021,30,Wet,0.6369134213842921,0.5232980600964668,28.0957143,28.33,27.86,10.16,85.50857143,20.52428571,3.445714286
Pio Duran,2021,31,Wet,0.7579547646207259,0.5113948751449819,27.5614286,29.44,25.84,41.31,81.91714286,17.47142857,1.307142857
Pio Duran,2021,32,Wet,0.7196236403460781,0.5439774805752241,27.8442857,28.75,27.12,52.92,80.66,18.88428571,1.187142857
Pio Duran,2021,33,Wet,0.6723131379829205,0.5231949143288306,27.1257143,27.55,26.63,75.23,84.60714286,18.19,1.732857143
Pio Duran,2021,34,Wet,0.5447543493234862,0.4613276953479222,27.2128571,27.95,26.5,51.4,83.57714286,18.41142857,1.29
Pio Duran,2021,36,Wet,0.7682227243389004,0.5349418505746086,27.03,27.43,26.76,118.11,88.80714286,15.35285714,2.395714286
Pio Duran,2021,37,Wet,0.6549286547010545,0.5079364197819644,27.0185714,27.59,26.59,63.83,86.20285714,17.57428571,1.667142857
Pio Duran,2021,38,Wet,0.6777906957259157,0.5028803765175637,27.3185714,28.47,26.87,47.07,85.43428571,19.28285714,1.594285714
Pio Duran,2021,39,Wet,0.5439510367148951,0.3927144304827556,27.6342857,27.99,27.13,63.95,86.17714286,16.68285714,1.49
Pio Duran,2021,40,Cool Dry,0.7694340163803227,0.4968489316431363,27.0271429,27.45,26.6,139.45,88.55142857,10.92571429,2.58
Pio Duran,2021,41,Cool Dry,0.7076422780951291,0.5258092178542063,27.1371429,28.03,26.54,83.16,87.24285714,14.62571429,2.338571429
Pio Duran,2021,42,Cool Dry,0.729302368,0.5586365444759223,26.7371429,27.28,26.31,108.86,90.03142857,11.85428571,2.287142857
Pio Duran,2021,44,Cool Dry,0.4976476619145046,0.3573346806161976,26.6214286,26.81,26.29,56.94,85.80142857,16.47857143,2.775714286
Pio Duran,2021,45,Cool Dry,0.7706156491231959,0.5501762098572619,26.9328571,27.2,26.54,84.86,87.80857143,15.41571429,2.672857143
Pio Duran,2021,46,Cool Dry,0.6990490455398329,0.5308036932268255,26.9071429,27.45,26.52,98.07,90.35428571,14.27,2.694285714
Pio Duran,2021,47,Cool Dry,0.7008131578886633,0.5294520320580685,26.9985714,27.64,26.23,54.9,86.49285714,15.08857143,2.001428571
Pio Duran,2021,48,Dry,0.7201166690937778,0.5337549587820051,26.7614286,27.11,26.32,125.27,89.26714286,15.49571429,2.634285714
Pio Duran,2021,49,Dry,0.6139268262848179,0.478923370278943,25.9671429,27.41,24.29,48.55,84.42428571,15.21285714,2.884285714
Pio Duran,2021,50,Dry,0.5629907244779324,0.3646511605392108,25.6142857,26.48,24.73,128.06,87.89428571,11.66285714,3.794285714
Pio Duran,2021,52,Dry,0.6918962452193895,0.5309903785804906,26.14,26.72,25.18,84.81,90.40428571,10.10714286,3.498571429
Pio Duran,2021,53,Dry,0.7186906925083087,0.5650457599460499,25.5628571,26.11,24.78,114.54,87.42714286,14.28428571,3.321428571
Pio Duran,2022,1,Dry,0.463485248,0.341277964,24.82142859999999,25.519999999999982,24.339999999999975,17.49,84.20428571,16.93857143,2.887142857
Pio Duran,2022,2,Dry,0.654196944,0.441842433,27.304074199999974,27.789184299999988,26.80108759999999,66.13170695,83.66242879,17.6666066,3.449504748
Pio Duran,2022,3,Dry,0.653624061,0.412847706,24.93999999999997,25.43999999999997,24.159999999999968,83.28,85.26142857,13.89714286,2.945714286
Pio Duran,2022,4,Dry,0.725458793,0.544136715,25.96285709999998,26.569999999999965,25.589999999999975,93.84,88.78285714,16.00857143,2.285714286
Pio Duran,2022,5,Dry,0.692634439,0.536989155,25.30142859999998,25.609999999999985,24.809999999999974,106.58,88.85571429,12.90857143,3.31
Pio Duran,2022,6,Dry,0.406206621,0.299438399,25.327142899999984,25.659999999999968,25.049999999999983,62.16,86.18857143,15.56714286,3.137142857
Pio Duran,2022,7,Dry,0.654504245,0.549284888,25.55428569999998,26.24999999999997,24.849999999999966,24.7,84.73142857,18.89142857,2.421428571
Pio Duran,2022,8,Dry,0.652361901,0.504603473,25.435714299999972,25.75999999999999,25.20999999999998,101.36,86.64,15.86142857,3.472857143
Pio Duran,2022,9,Hot Dry,0.722463915,0.481687968,25.83428569999998,26.21999999999997,25.139999999999986,59.53,86.74142857,18.75571429,3.054285714
Pio Duran,2022,10,Hot Dry,0.654196944,0.441842433,27.304074199999974,27.789184299999988,26.80108759999999,66.13170695,83.66242879,17.6666066,3.449504748
Pio Duran,2022,11,Hot Dry,0.708538977,0.57268865,26.941428599999966,27.639999999999986,26.43999999999997,32.97,87.33,21.92,1.862857143
Pio Duran,2022,12,Hot Dry,0.672218558,0.511220805,26.738571399999984,27.149999999999977,26.23999999999998,14.6,85.49428571,23.08142857,2.448571429
Pio Duran,2022,13,Hot Dry,0.079935269,0.073728946,26.61857139999998,26.859999999999985,26.18999999999997,51.59,84.16428571,22.74142857,2.865714286
Pio Duran,2022,14,Hot Dry,0.564288914,0.437611417,26.402857099999977,26.769999999999982,25.98999999999998,208.25,89.04571429,12.39857143,2.76
Pio Duran,2022,15,Hot Dry,0.663732368,0.522941264,26.627142899999967,27.369999999999976,25.75999999999999,107.07,85.27571429,18.10285714,1.92
Pio Duran,2022,16,Hot Dry,0.594117383,0.464575738,26.818571399999968,27.329999999999984,26.069999999999965,30.33,85.24142857,22.26,2.53
Pio Duran,2022,17,Hot Dry,0.715414711,0.483229052,27.04428569999999,27.329999999999984,26.73999999999998,63.82,87.81571429,19.59714286,2.29
Pio Duran,2022,18,Hot Dry,0.654196944,0.441842433,27.304074199999974,27.789184299999988,26.80108759999999,66.13170695,83.66242879,17.6666066,3.449504748
Pio Duran,2022,19,Hot Dry,0.649220609,0.487657914,27.705714299999983,28.379999999999967,27.17999999999998,33.1,82.23571429,22.56571429,2.07
Pio Duran,2022,20,Hot Dry,0.722963506,0.493172913,27.357142899999985,27.96999999999997,26.95999999999998,42.77,85.42142857,19.75285714,1.514285714
Pio Duran,2022,21,Hot Dry,0.710942895,0.496009223,27.954285699999986,28.399999999999977,26.45999999999998,32.77,82.54285714,22.06857143,1.402857143
Pio Duran,2022,22,Wet,0.701781563,0.533058121,27.484285699999987,28.25999999999999,26.49999999999997,51.03,83.41142857,20.69142857,1.54
Pio Duran,2022,23,Wet,0.680234347,0.53022166,28.067142899999965,28.529999999999973,27.45999999999998,38.37,80.25571429,21.96714286,1.184285714
Pio Duran,2022,24,Wet,0.696589704,0.476785803,27.698571399999963,28.21999999999997,26.849999999999966,24.96,83.51142857,23.21142857,1.6
Pio Duran,2022,25,Wet,0.64646016,0.48778007,27.401428599999974,27.869999999999976,26.789999999999964,63.26,83.59,18.46142857,1.691428571
Pio Duran,2022,26,Wet,0.654196944,0.441842433,27.304074199999974,27.789184299999988,26.80108759999999,66.13170695,83.66242879,17.6666066,3.449504748
Pio Duran,2022,27,Wet,0.67673135,0.482911971,27.514285699999988,28.059999999999974,27.039999999999964,63.28,84.5,18.68571429,1.258571429
Pio Duran,2022,28,Wet,0.612078405,0.438310287,27.701428599999986,28.71999999999997,26.97999999999999,46.61,85.69571429,19.50142857,1.337142857
Pio Duran,2022,29,Wet,0.738923884,0.533327997,27.70714289999998,28.019999999999982,27.309999999999974,65.9,84.34142857,18.62285714,1.63
Pio Duran,2022,30,Wet,0.714101415,0.562394405,27.662857099999968,28.19999999999999,26.99999999999997,55.48,86.43857143,16.59714286,2.017142857
Pio Duran,2022,31,Wet,0.604971188,0.425300467,26.74285709999998,27.919999999999987,26.049999999999983,102.48,86.25,15.81428571,1.577142857
Pio Duran,2022,32,Wet,0.739023651,0.494131296,27.921428599999984,28.379999999999967,27.399999999999977,77.45,79.75428571,19.36857143,0.935714286
Pio Duran,2022,33,Wet,0.732883613,0.604960948,27.525714299999976,28.43999999999997,26.94999999999999,37.96,83.13285714,14.84571429,1.612857143
Pio Duran,2022,34,Wet,0.654196944,0.441842433,27.304074199999974,27.789184299999988,26.80108759999999,66.13170695,83.66242879,17.6666066,3.449504748
Pio Duran,2022,35,Wet,0.747148437,0.53838748,27.812857099999974,28.94999999999999,27.399999999999977,34.81,85.92571429,18.76,2.125714286
Pio Duran,2022,36,Wet,0.667784806,0.506744474,27.431428599999975,27.879999999999967,26.74999999999997,34.8,85.23857143,20.41428571,1.498571429
Pio Duran,2022,37,Wet,0.697381591,0.613701269,27.48999999999998,27.799999999999983,26.799999999999983,24.57,86.54285714,20.45,2.964285714
Pio Duran,2022,38,Wet,0.556810527,0.441016046,27.03142859999997,27.369999999999976,26.73999999999998,65.62,87.00714286,15.27428571,2.232857143
Pio Duran,2022,39,Wet,0.664003352,0.471666294,26.924285699999984,27.419999999999987,26.669999999999987,59.07,87.66571429,17.40571429,1.858571429
Pio Duran,2022,40,Cool Dry,0.671971313,0.495287074,27.02142859999998,27.409999999999968,26.809999999999974,49.62,87.22714286,19.67857143,2.22
Pio Duran,2022,41,Cool Dry,0.649208762,0.40395907,27.47285709999997,27.95999999999998,27.17999999999998,37.41,87.59571429,18.33714286,2.398571429
Pio Duran,2022,42,Cool Dry,0.654196944,0.441842433,27.304074199999974,27.789184299999988,26.80108759999999,66.13170695,83.66242879,17.6666066,3.449504748
Pio Duran,2022,43,Cool Dry,0.630118211,0.355778794,27.484285699999987,27.899999999999977,27.079999999999984,220.41,89.13,10.95428571,3.421428571
Pio Duran,2022,44,Cool Dry,0.706631705,0.538477979,27.048571399999986,27.42999999999998,26.599999999999966,52.14,88.58142857,15.97142857,2.137142857
Pio Duran,2022,45,Cool Dry,0.714600788,0.560938714,26.938571399999972,27.129999999999967,26.72999999999999,65.45,90.57285714,14.72571429,2.357142857
Pio Duran,2022,46,Cool Dry,0.733996516,0.505866369,26.49714289999997,27.269999999999982,25.97999999999999,240.1,89.92285714,9.098571429,2.735714286
Pio Duran,2022,47,Cool Dry,0.74422844,0.51824022,26.809999999999974,27.24999999999997,26.119999999999976,44.97,87.44285714,17.41857143,2.611428571
Pio Duran,2022,48,Dry,0.732252673,0.460704187,26.889999999999986,27.129999999999967,26.629999999999967,77.98,87.42,13.81428571,2.94
Pio Duran,2022,49,Dry,0.654196944,0.441842433,27.304074199999974,27.789184299999988,26.80108759999999,66.13170695,83.66242879,17.6666066,3.449504748
Pio Duran,2022,50,Dry,0.654196944,0.441842433,27.304074199999974,27.789184299999988,26.80108759999999,66.13170695,83.66242879,17.6666066,3.449504748
Pio Duran,2022,51,Dry,0.434190196,0.295191461,24.914285699999965,25.73999999999998,23.409999999999968,245.11,88.52,8.238571429,3.577142857
Pio Duran,2022,52,Dry,0.712527953,0.514606369,25.144999999999982,26.309999999999974,23.48999999999998,85.04,89.72,13.125,2.97
Pio Duran,2023,1,Dry,0.654196944,0.441842433,27.304074199999974,27.789184299999988,26.80108759999999,66.13170695,83.66242879,17.6666066,3.449504748
Pio Duran,2023,2,Dry,0.517837209,0.370848041,24.89857139999998,25.419999999999987,24.569999999999965,254.05,91.55571429,9.33,2.731428571
Pio Duran,2023,3,Dry,0.700178967,0.515793417,25.624285699999973,25.919999999999987,25.269999999999982,230.42,91.41857143,8.831428571,3.247142857
Pio Duran,2023,4,Dry,0.592024674,0.448946509,24.889999999999986,25.789999999999964,24.329999999999984,125.65,87.96142857,11.19714286,3.798571429
Pio Duran,2023,5,Dry,0.703441042,0.480222803,25.374285699999973,25.97999999999999,24.649999999999977,87.52,88.38714286,14.25142857,3.54
Pio Duran,2023,6,Dry,0.721988759,0.487478953,25.318571399999968,25.869999999999976,24.94999999999999,33.74,85.63571429,17.55857143,2.957142857
Pio Duran,2023,7,Dry,0.654196944,0.441842433,27.304074199999974,27.789184299999988,26.80108759999999,66.13170695,83.66242879,17.6666066,3.449504748
Pio Duran,2023,8,Dry,0.645275905,0.444956394,26.279999999999973,26.569999999999965,25.909999999999968,41.7,86.62285714,16.52428571,1.992857143
Pio Duran,2023,9,Dry,0.654196944,0.441842433,27.304074199999974,27.789184299999988,26.80108759999999,66.13170695,83.66242879,17.6666066,3.449504748
Pio Duran,2023,10,Hot Dry,0.705583768,0.573838879,24.90571429999997,25.19999999999999,24.619999999999976,5.99,81.79142857,22.12285714,2.8
Pio Duran,2023,11,Hot Dry,0.700989871,0.494643762,25.42571429999998,25.95999999999998,24.659999999999968,43.19,84.27714286,18.88285714,2.75
Pio Duran,2023,12,Hot Dry,0.578587062,0.47049768,26.087142899999975,27.019999999999982,24.359999999999985,12.0,82.92714286,22.98428571,2.32
Pio Duran,2023,13,Hot Dry,0.643615726,0.521269821,26.56428569999997,26.74999999999997,26.369999999999976,16.33,83.24285714,21.37,2.344285714
Pio Duran,2023,14,Hot Dry,0.665566212,0.439108726,26.045714299999986,26.69999999999999,25.24999999999997,23.96,80.59,22.09285714,2.574285714
Pio Duran,2023,15,Hot Dry,0.660276779,0.512341637,27.157142899999968,28.20999999999998,26.159999999999968,70.26,82.99142857,17.81285714,1.785714286
Pio Duran,2023,16,Hot Dry,0.636435749,0.478570254,27.84857139999997,28.129999999999967,27.46999999999997,10.86,83.47428571,22.56571429,1.771428571
Pio Duran,2023,17,Hot Dry,0.654196944,0.441842433,27.304074199999974,27.789184299999988,26.80108759999999,66.13170695,83.66242879,17.6666066,3.449504748
Pio Duran,2023,18,Hot Dry,0.716503345,0.586815125,27.85428569999999,28.839999999999975,27.109999999999985,83.71,84.26714286,19.52,2.33
Pio Duran,2023,19,Hot Dry,0.774370801,0.511850729,28.278571399999976,28.68999999999997,27.98999999999998,5.65,80.13571429,22.35,1.752857143
Pio Duran,2023,20,Hot Dry,0.72818658,0.533006128,28.93999999999997,29.779999999999973,28.529999999999973,24.65,78.57142857,20.50857143,1.255714286
Pio Duran,2023,21,Hot Dry,0.606369245,0.44075721,29.19285709999997,29.829999999999984,28.47999999999999,33.27,76.55428571,22.27285714,1.648571429
Pio Duran,2023,22,Wet,0.700808194,0.551297018,28.498571399999975,29.079999999999984,28.029999999999973,47.99,84.19142857,18.40857143,3.55
Pio Duran,2023,23,Wet,0.685981408,0.536611866,28.444285699999966,28.899999999999977,27.94999999999999,30.51,81.11714286,21.19857143,1.774285714
Pio Duran,2023,24,Wet,0.768971457,0.560210696,28.282857099999973,28.789999999999964,27.829999999999984,12.1,82.78428571,21.90428571,1.781428571
Pio Duran,2023,25,Wet,0.654196944,0.441842433,27.304074199999974,27.789184299999988,26.80108759999999,66.13170695,83.66242879,17.6666066,3.449504748
Pio Duran,2023,26,Wet,0.732983943,0.533674549,27.81142859999997,28.619999999999976,27.129999999999967,48.32,84.50714286,19.07571429,1.422857143
Pio Duran,2023,27,Wet,0.719018551,0.566388044,28.037142899999964,28.43999999999997,27.74999999999997,22.42,84.67428571,20.94285714,1.747142857
Pio Duran,2023,28,Wet,0.641509101,0.463583751,27.83142859999998,28.819999999999965,27.139999999999986,72.61,85.42285714,16.30428571,3.2
Pio Duran,2023,29,Wet,0.696702036,0.550231863,27.767142899999982,29.079999999999984,27.20999999999998,84.32,84.82285714,17.25428571,1.727142857
Pio Duran,2023,30,Wet,0.676585634,0.542140275,27.49285709999998,28.169999999999987,27.129999999999967,83.79,86.79,14.22285714,4.67
Pio Duran,2023,31,Wet,0.673734937,0.481857331,28.087142899999975,28.269999999999982,27.859999999999985,4.16,84.63142857,22.00285714,3.281428571
Pio Duran,2023,32,Wet,0.711002466,0.567757127,27.991428599999978,28.50999999999999,27.399999999999977,15.57,85.81571429,20.47285714,2.727142857
Pio Duran,2023,33,Wet,0.654196944,0.441842433,27.304074199999974,27.789184299999988,26.80108759999999,66.13170695,83.66242879,17.6666066,3.449504748
Pio Duran,2023,34,Wet,0.718094905,0.527624886,27.629999999999967,28.269999999999982,26.96999999999997,30.24,85.51,18.01857143,2.585714286
Pio Duran,2023,35,Wet,0.748832164,0.532991424,27.95714289999998,28.299999999999983,27.649999999999977,52.3,85.46857143,17.68142857,4.448571429
Pio Duran,2023,36,Wet,0.773007758,0.555470548,28.634285699999964,29.529999999999973,27.69999999999999,19.36,81.40714286,20.95714286,1.432857143
Pio Duran,2023,37,Wet,0.721017813,0.623063403,27.71999999999997,28.359999999999985,27.079999999999984,78.91,84.99714286,18.38571429,1.411428571
Pio Duran,2023,38,Wet,0.778291321,0.568690911,27.79428569999999,28.389999999999986,26.849999999999966,55.29,84.03142857,16.85142857,1.462857143
Pio Duran,2023,39,Wet,0.767313771,0.545244274,28.08428569999998,29.119999999999976,27.46999999999997,82.92,84.71857143,17.63428571,1.71
Pio Duran,2023,40,Cool Dry,0.811024942,0.545846363,27.93999999999997,28.46999999999997,27.69999999999999,18.24,84.50285714,18.96285714,2.241428571
Pio Duran,2023,41,Cool Dry,0.654196944,0.441842433,27.304074199999974,27.789184299999988,26.80108759999999,66.13170695,83.66242879,17.6666066,3.449504748
Pio Duran,2023,42,Cool Dry,0.691687208,0.533194418,27.56428569999997,27.94999999999999,27.059999999999974,42.13,83.44142857,17.88,1.572857143
Pio Duran,2023,43,Cool Dry,0.635329095,0.500070695,27.337142899999975,27.779999999999973,26.599999999999966,35.19,85.88714286,18.06714286,2.064285714
Pio Duran,2023,44,Cool Dry,0.652013455,0.479057455,27.401428599999974,27.909999999999968,27.22999999999999,76.25,87.21571429,15.36428571,2.11
Pio Duran,2023,45,Cool Dry,0.720243054,0.622792842,27.455714299999983,27.73999999999998,27.139999999999986,47.07,87.59857143,17.34142857,2.49
Pio Duran,2023,46,Cool Dry,0.71256344,0.508395909,26.974285699999967,27.369999999999976,26.44999999999999,196.49,88.2,11.17142857,3.63
Pio Duran,2023,47,Cool Dry,0.712320615,0.524142965,26.63571429999999,27.24999999999997,26.18999999999997,159.23,91.38428571,9.352857143,2.447142857
Pio Duran,2023,48,Dry,0.676099841,0.520151821,26.70285709999999,27.079999999999984,26.389999999999986,75.55,87.79,12.94285714,2.995714286
Pio Duran,2023,49,Dry,0.654196944,0.441842433,27.304074199999974,27.789184299999988,26.80108759999999,66.13170695,83.66242879,17.6666066,3.449504748
Pio Duran,2023,50,Dry,0.734724873,0.574545388,26.844285699999972,27.20999999999998,26.67999999999998,46.96,85.64428571,15.45714286,3.037142857
Pio Duran,2023,51,Dry,0.71957383,0.507654565,26.602857099999966,26.99999999999997,26.169999999999987,65.91,86.76,14.41571429,2.71
Pio Duran,2023,52,Dry,0.567141195,0.315674618,26.664285699999965,26.889999999999986,26.45999999999998,93.45,87.32285714,15.27857143,2.817142857
Pio Duran,2024,1,Dry,0.725021197,0.460833729,26.659999999999968,26.93999999999997,26.45999999999998,82.86,87.12142857,12.73857143,2.644285714
Pio Duran,2024,2,Dry,0.757613194,0.505934397,26.01285709999999,26.98999999999998,25.159999999999968,60.25,87.14857143,12.46857143,3.13
Pio Duran,2024,3,Dry,0.725332193,0.527518373,25.117142899999976,25.879999999999967,24.49999999999997,29.03,82.54857143,16.18428571,3.152857143
Pio Duran,2024,4,Dry,0.703221415,0.433039171,24.71285709999998,25.99999999999997,23.639999999999986,56.75,82.65142857,14.0,3.46
Pio Duran,2024,5,Dry,0.717556131,0.463042845,25.047142899999983,25.96999999999997,24.349999999999966,20.51,84.01,17.22571429,3.044285714
Pio Duran,2024,6,Dry,0.690914466,0.469298848,25.36571429999998,25.809999999999974,24.75999999999999,23.01,82.98285714,17.98142857,2.805714286
Pio Duran,2024,7,Dry,0.622281361,0.465237814,25.261428599999988,25.72999999999999,24.599999999999966,40.31,84.43142857,16.16285714,3.354285714
Pio Duran,2024,8,Dry,0.654196944,0.441842433,27.304074199999974,27.789184299999988,26.80108759999999,66.13170695,83.66242879,17.6666066,3.449504748
Pio Duran,2024,9,Dry,0.723851858,0.413577408,25.597142899999966,25.72999999999999,25.49999999999997,6.04,76.36428571,21.3,3.15
Pio Duran,2024,10,Hot Dry,0.641512792,0.429611061,25.882857099999967,26.579999999999984,25.339999999999975,12.36,80.15714286,21.13285714,2.597142857
Pio Duran,2024,11,Hot Dry,0.62539785,0.462866922,26.139999999999986,26.43999999999997,25.72999999999999,14.55,81.37,21.08142857,2.717142857
Pio Duran,2024,12,Hot Dry,0.58762151,0.516948518,25.978571399999964,26.519999999999982,25.42999999999998,24.3,79.85428571,21.07142857,3.004285714
Pio Duran,2024,13,Hot Dry,0.639225343,0.383693741,26.94999999999999,27.319999999999965,26.059999999999974,34.01,84.72857143,20.29571429,2.562857143
Pio Duran,2024,14,Hot Dry,0.563613224,0.438372305,27.25142859999997,27.559999999999974,27.099999999999966,11.33,80.52857143,24.25142857,2.82
Pio Duran,2024,15,Hot Dry,0.569055756,0.362893159,27.44285709999997,27.919999999999987,26.98999999999998,13.23,80.15,22.42428571,2.634285714
Pio Duran,2024,16,Hot Dry,0.654196944,0.441842433,27.304074199999974,27.789184299999988,26.80108759999999,66.13170695,83.66242879,17.6666066,3.449504748
Pio Duran,2024,17,Hot Dry,0.524455307,0.391639416,28.802857099999983,29.25999999999999,28.299999999999983,10.4,79.02714286,23.57285714,2.467142857
Pio Duran,2024,18,Hot Dry,0.53054935,0.336604444,28.792857099999964,29.309999999999974,28.339999999999975,3.35,74.94,24.73714286,2.684285714
Pio Duran,2024,19,Hot Dry,0.473123407,0.313218496,29.174285699999984,29.289999999999964,29.069999999999965,10.58,74.54285714,23.71857143,2.591428571
Pio Duran,2024,20,Hot Dry,0.518103415,0.309118766,29.818571399999968,30.309999999999974,29.599999999999966,8.1,74.18,23.42285714,2.272857143
Pio Duran,2024,21,Hot Dry,0.516949245,0.357086792,29.00285709999997,30.119999999999976,27.20999999999998,93.04,79.43428571,17.17142857,2.847142857
Pio Duran,2024,22,Wet,0.659453874,0.412612576,28.602857099999966,29.419999999999987,28.059999999999974,22.8,83.95285714,21.06571429,1.952857143
Pio Duran,2024,23,Wet,0.62314363,0.462711756,28.998571399999975,30.21999999999997,27.95999999999998,44.18,79.54428571,20.31142857,1.191428571
Pio Duran,2024,24,Wet,0.654196944,0.441842433,27.304074199999974,27.789184299999988,26.80108759999999,66.13170695,83.66242879,17.6666066,3.449504748
Pio Duran,2024,25,Wet,0.701112384,0.435652118,28.637142899999986,29.50999999999999,27.75999999999999,37.84,80.23857143,18.60714286,1.377142857
Pio Duran,2024,26,Wet,0.643652198,0.394244554,27.874285699999973,28.339999999999975,27.569999999999965,63.79,85.28142857,18.16857143,2.211428571
Pio Duran,2024,27,Wet,0.441988483,0.339303293,27.867142899999976,28.519999999999982,27.24999999999997,44.15,84.38142857,18.43714286,1.77
Pio Duran,2024,28,Wet,0.405557653,0.298882719,27.904285699999974,28.309999999999974,27.21999999999997,61.3,84.78571429,18.11857143,1.552857143
Pio Duran,2024,29,Wet,0.750398568,0.527440373,27.421428599999984,27.93999999999997,27.129999999999967,117.22,87.64857143,15.63142857,2.622857143
Pio Duran,2024,30,Wet,0.669982053,0.526077443,27.529999999999973,28.329999999999984,26.70999999999998,102.73,86.40571429,12.57857143,3.33
Pio Duran,2024,31,Wet,0.737626764,0.63690022,28.03142859999997,28.96999999999997,27.579999999999984,25.4,83.61,20.31142857,1.5
Pio Duran,2024,32,Wet,0.654196944,0.441842433,27.304074199999974,27.789184299999988,26.80108759999999,66.13170695,83.66242879,17.6666066,3.449504748
Pio Duran,2024,33,Wet,0.691554477,0.598588607,28.45999999999998,29.069999999999965,28.22999999999999,16.09,83.36571429,22.21142857,1.548571429
Pio Duran,2024,34,Wet,0.757904999,0.681975003,28.18714289999997,28.839999999999975,27.389999999999986,52.26,83.82428571,17.99,1.368571429
Pio Duran,2024,35,Wet,0.604801645,0.447296876,27.899999999999977,28.47999999999999,27.45999999999998,130.62,86.82571429,14.46714286,2.082857143
Pio Duran,2024,36,Wet,0.632018347,0.618392436,27.95999999999998,28.789999999999964,27.299999999999983,71.01,86.10857143,16.56285714,2.764285714
Pio Duran,2024,37,Wet,0.540201814,0.400408579,27.802857099999983,28.349999999999966,27.379999999999967,114.59,87.85285714,15.73428571,3.181428571
Pio Duran,2024,38,Wet,0.763505373,0.555421071,27.058571399999977,27.569999999999965,26.839999999999975,111.77,89.75,13.19857143,2.367142857
Pio Duran,2024,39,Wet,0.680812136,0.549652407,27.844285699999972,28.289999999999964,27.539999999999964,25.61,86.80285714,19.47428571,2.011428571
Pio Duran,2024,40,Wet,0.654196944,0.441842433,27.304074199999974,27.789184299999988,26.80108759999999,66.13170695,83.66242879,17.6666066,3.449504748
Pio Duran,2024,41,Cool Dry,0.813824819,0.57866285,28.52142859999998,29.019999999999982,27.869999999999976,50.93,79.35428571,18.92714286,1.052857143
Pio Duran,2024,42,Cool Dry,0.734543925,0.676197134,28.038571399999967,28.22999999999999,27.809999999999974,70.08,85.32142857,18.47571429,1.834285714
Pio Duran,2024,43,Cool Dry,0.759314328,0.593733731,27.29142859999999,28.129999999999967,26.649999999999977,339.68,87.73142857,10.56714286,4.574285714
Pio Duran,2024,44,Cool Dry,0.71245702,0.512271375,27.241428599999978,27.68999999999997,26.899999999999977,43.66,87.92142857,14.86142857,3.014285714
Pio Duran,2024,45,Cool Dry,0.75642428,0.609239691,27.139999999999986,27.419999999999987,26.93999999999997,39.9,86.58857143,15.43285714,1.732857143
Pio Duran,2024,46,Cool Dry,0.744725457,0.61585893,27.50142859999997,28.289999999999964,26.799999999999983,65.07,86.59857143,14.07285714,2.187142857
Pio Duran,2024,47,Cool Dry,0.77136607,0.666940023,27.015714299999985,27.119999999999976,26.879999999999967,16.98,86.74857143,18.12,2.945714286
Pio Duran,2024,48,Cool Dry,0.654196944,0.441842433,27.304074199999974,27.789184299999988,26.80108759999999,66.13170695,83.66242879,17.6666066,3.449504748
Pio Duran,2024,49,Dry,0.709742854,0.459865982,26.879999999999967,27.379999999999967,26.519999999999982,55.71,88.95,15.68857143,2.175714286
Pio Duran,2024,50,Dry,0.609702487,0.513659181,27.05142859999998,27.279999999999973,26.779999999999973,138.11,90.53571429,12.02285714,2.967142857
Pio Duran,2024,51,Dry,0.654196944,0.441842433,27.304074199999974,27.789184299999988,26.80108759999999,66.13170695,83.66242879,17.6666066,3.449504748
Pio Duran,2024,52,Dry,0.641369145,0.549018203,26.201428599999986,26.789999999999964,25.649999999999977,295.03,91.33428571,10.07428571,2.792857143
Polangui,2014,1,Dry,0.5677,0.3578,25.878,26.11,25.72,36.01,83.82000000000001,13.69,4.686
Polangui,2014,2,Dry,0.3237,0.2289,24.75571429,25.38,23.82,32.52,83.09714285714287,11.957142857142856,7.655714285714287
Polangui,2014,3,Dry,0.4695,0.2919,23.72285714,24.71,22.73,57.64,85.49714285714286,9.39857142857143,9.047142857142855
Polangui,2014,4,Dry,0.5294,0.2942,23.13714286,23.7,22.07,7.48,80.46571428571428,14.195714285714288,6.839999999999999
Polangui,2014,5,Dry,0.5652,0.2844,24.45285714,25.85,23.29,16.490000000000002,82.40142857142858,15.725714285714286,5.957142857142856
Polangui,2014,7,Dry,0.6164,0.3659,26.07,26.3,25.86,0.69,81.75,19.345714285714283,3.4985714285714287
Polangui,2014,8,Dry,0.6236,0.3396,24.65285714,26.09,24.06,6.359999999999999,78.80285714285715,17.59714285714286,4.795714285714285
Polangui,2014,9,Dry,0.6424,0.3761,24.32714286,24.57,24.16,45.48,76.36857142857141,17.27285714285714,5.158571428571428
Polangui,2014,10,Hot Dry,0.7162,0.3995,25.16714286,25.44,24.66,5.48,77.55,20.342857142857145,4.7700000000000005
Polangui,2014,11,Hot Dry,0.7212,0.4421,25.25142857,25.6,25.0,10.15,76.25142857142858,21.09,4.442857142857142
Polangui,2014,12,Hot Dry,0.7034,0.4456,25.92142857,26.45,25.37,56.4,80.78999999999999,17.43285714285714,6.011428571428572
Polangui,2014,13,Hot Dry,0.7097,0.475,26.51857143,26.9,25.93,61.51,83.85857142857142,18.25857142857143,4.96
Polangui,2014,15,Hot Dry,0.6457,0.444,26.65714286,26.86,26.4,0.2,80.23285714285714,23.47714285714286,3.932857142857143
Polangui,2014,16,Hot Dry,0.5727,0.4254,26.87285714,27.17,26.59,13.14,79.03571428571429,20.73,4.532857142857143
Polangui,2014,17,Hot Dry,0.6383,0.376,26.63571429,27.15,26.16,70.53,84.28142857142858,14.44285714285714,4.708571428571429
Polangui,2014,18,Hot Dry,0.6237,0.3658,28.40285714,28.61,28.1,2.91,77.63428571428572,23.29428571428572,3.3328571428571427
Polangui,2014,19,Hot Dry,0.5969,0.3196,28.33285714,28.74,27.94,0.23,79.46428571428571,22.205714285714286,3.481428571428572
Polangui,2014,20,Hot Dry,0.545,0.2906,28.85857143,29.21,28.4,12.24,76.02857142857144,24.08142857142857,3.761428571428572
Polangui,2014,21,Hot Dry,0.5784,0.3925,29.03,29.26,28.86,6.68,76.23,23.312857142857144,3.475714285714285
Polangui,2014,23,Wet,0.63,0.3859,29.51428571,30.16,29.0,10.72,74.05,23.054285714285715,2.892857142857143
Polangui,2014,24,Wet,0.5929,0.3474,30.27142857,31.04,29.6,26.44,68.75714285714285,20.722857142857144,1.8585714285714283
Polangui,2014,25,Wet,0.6155,0.3397,28.90571429,29.68,28.45,39.42,79.54142857142857,20.99428571428572,3.152857142857143
Polangui,2014,26,Wet,0.596,0.311,28.43571429,29.14,27.89,73.84,78.25,19.232857142857146,2.7857142857142856
Polangui,2014,27,Wet,0.4219,0.2785,27.97285714,28.61,27.3,40.03,81.95714285714287,15.191428571428572,3.787142857142858
Polangui,2014,28,Wet,0.5674,0.3187,27.91,28.71,27.59,15.329999999999998,82.70714285714287,19.73,3.97
Polangui,2014,29,Wet,0.0876,0.075,27.36285714,28.47,26.72,254.14,85.65714285714286,14.082857142857142,4.404285714285714
Polangui,2014,31,Wet,0.589,0.3099,26.95428571,27.48,26.27,52.51,86.00857142857144,13.817142857142857,5.49
Polangui,2014,32,Wet,0.5801,0.3225,26.94428571,27.21,26.54,13.67,87.52857142857144,14.514285714285714,5.845714285714286
Polangui,2014,33,Wet,0.6147,0.3753,27.40857143,27.87,26.61,0.0,84.66285714285713,21.215714285714284,4.641428571428572
Polangui,2014,34,Wet,0.3715,0.2254,27.75285714,28.63,27.24,32.03,80.28857142857143,20.65428571428572,2.345714285714286
Polangui,2014,35,Wet,0.709,0.4233,27.59428571,28.13,27.16,81.87,80.63,19.595714285714287,1.851428571428572
Polangui,2014,36,Wet,0.6608,0.5073,26.9,27.25,26.35,95.48,84.04285714285713,16.102857142857143,2.9785714285714286
Polangui,2014,37,Wet,0.7237,0.4291,26.88857143,27.42,26.34,61.46,83.53,15.075714285714286,3.0357142857142856
Polangui,2014,39,Wet,0.682,0.5392,26.97714286,28.11,26.2,184.4,85.52142857142857,11.57,4.508571428571429
Polangui,2014,40,Wet,0.6946,0.43,27.76857143,28.3,27.37,18.85,82.12285714285714,20.43857142857143,2.3042857142857143
Polangui,2014,41,Cool Dry,0.6897,0.5,27.72142857,28.02,27.22,50.82,81.43857142857144,18.24,2.462857142857143
Polangui,2014,42,Cool Dry,0.669185,0.379541,27.34142857,27.99,26.83,82.24,82.36857142857143,14.86,2.5500000000000003
Polangui,2014,43,Cool Dry,0.616123,0.398112,27.09,27.23,26.91,51.54,84.02,18.68142857142857,3.394285714285714
Polangui,2014,44,Cool Dry,0.621495,0.346622,27.27142857,27.58,27.1,71.08,85.48142857142857,14.694285714285714,4.632857142857143
Polangui,2014,45,Cool Dry,0.630387,0.34866,26.33857143,27.17,25.44,15.79,80.1542857142857,17.745714285714286,4.535714285714286
Polangui,2014,47,Cool Dry,0.582722,0.347811,26.49428571,26.67,26.18,64.93,85.11142857142856,13.877142857142855,5.078571428571428
Polangui,2014,48,Cool Dry,0.600391,0.390178,26.73571429,27.26,26.48,68.74,86.88285714285713,14.625714285714285,3.367142857142857
Polangui,2014,49,Dry,0.553305,0.306749,27.02857143,27.2,26.74,153.89,86.88428571428572,13.38,4.747142857142857
Polangui,2014,50,Dry,0.554226,0.356705,26.32714286,27.07,25.12,224.43,85.28285714285714,11.09142857142857,7.532857142857142
Polangui,2014,51,Dry,0.553653,0.29381,26.33285714,26.67,25.42,134.32999999999998,87.50857142857144,11.79,4.838571428571428
Polangui,2014,52,Dry,0.478120024175186,0.2945701692754448,26.24714286,26.58,25.68,159.25,87.38857142857144,12.611428571428572,7.24
Polangui,2015,1,Dry,0.5263751431412732,0.2585575420713209,25.025,25.61,24.39,70.78999999999999,86.7775,10.2075,7.3075
Polangui,2015,2,Dry,0.484416310909988,0.2565472898406569,25.59333333,25.79,25.43,139.62,89.78666666666668,4.86,7.713333333333334
Polangui,2015,3,Dry,0.4812734330289259,0.2431061022460044,24.70571429,25.56,24.02,23.98,80.50714285714285,15.747142857142858,6.268571428571429
Polangui,2015,4,Dry,0.5184812502783409,0.2703037855387072,25.05142857,25.83,24.02,24.5,83.18142857142857,14.405714285714286,4.408571428571428
Polangui,2015,6,Dry,0.4710011813626799,0.249808132803043,24.91571429,25.73,24.21,33.69,82.82714285714285,13.801428571428572,5.827142857142857
Polangui,2015,7,Dry,0.5492618070934968,0.3043456651771712,24.44142857,25.24,23.81,15.67,78.99142857142856,18.035714285714285,5.0371428571428565
Polangui,2015,8,Dry,0.6009999264641832,0.3693551695009257,24.93857143,25.52,24.5,110.01,86.67714285714285,14.328571428571427,5.651428571428572
Polangui,2015,9,Dry,0.6289985309513686,0.3592677877291756,24.44428571,24.78,23.97,15.46,79.30142857142857,17.84,5.051428571428572
Polangui,2015,10,Hot Dry,0.6859233948004161,0.4239736779196224,25.40142857,25.72,24.79,8.04,79.30142857142857,20.205714285714286,4.7057142857142855
Polangui,2015,11,Hot Dry,0.7087425967369474,0.44873431398911,25.40285714,26.03,24.82,14.52,79.15714285714286,19.801428571428573,4.8185714285714285
Polangui,2015,12,Hot Dry,0.7728436311200856,0.5080122620541976,25.28857143,25.66,24.93,7.14,75.5442857142857,22.037142857142857,4.757142857142857
Polangui,2015,14,Hot Dry,0.7434997499856012,0.5527296527526785,26.09142857,26.27,25.97,53.4,78.79142857142857,19.640000000000004,5.612857142857143
Polangui,2015,15,Hot Dry,0.6842541792927709,0.483668163181569,26.67714286,26.93,26.34,30.65,79.94428571428571,19.83142857142857,4.338571428571429
Polangui,2015,16,Hot Dry,0.6619438623719412,0.4600122862834824,26.49,26.89,26.24,7.97,78.19571428571429,21.76714285714285,4.708571428571429
Polangui,2015,17,Hot Dry,0.6862218661006628,0.4374485117647065,27.43285714,27.91,27.09,31.42,78.69142857142857,22.414285714285715,4.438571428571429
Polangui,2015,18,Hot Dry,0.6038590682030973,0.3516605567934062,27.78428571,28.14,27.32,17.66,77.79571428571428,22.571428571428573,3.275714285714286
Polangui,2015,19,Hot Dry,0.6278172104022789,0.357976893014657,28.01714286,28.23,27.77,47.53,78.11,21.985714285714288,3.468571428571429
Polangui,2015,20,Hot Dry,0.5847216864014758,0.3667231825732012,28.00857143,28.38,27.61,6.31,76.18714285714285,25.49428571428572,3.924285714285714
Polangui,2015,22,Hot Dry,0.6138671066356413,0.3781144291144509,28.63857143,29.25,27.89,3.82,72.69285714285715,23.708571428571428,2.827142857142857
Polangui,2015,23,Wet,0.682520672299229,0.3863537699388157,29.57714286,29.84,29.25,10.99,69.63428571428571,24.187142857142856,2.6942857142857144
Polangui,2015,24,Wet,0.6548421255585539,0.4093825124767471,28.66571429,29.12,28.23,37.92,76.92571428571429,21.164285714285715,3.042857142857143
Polangui,2015,25,Wet,0.581231259991777,0.3479625450496509,28.83,29.18,28.46,15.81,77.52,21.435714285714283,3.12
Polangui,2015,26,Wet,0.2955298505447112,0.217577650028214,28.41285714,29.18,27.74,36.73,76.8,20.52428571428572,1.8442857142857143
Polangui,2015,27,Wet,0.4950546903435646,0.3669385397440222,28.17142857,29.12,27.4,67.25999999999999,81.14,15.582857142857142,4.977142857142858
Polangui,2015,28,Wet,0.5290842329668595,0.3345777256716852,27.70857143,28.18,27.27,42.04,84.69428571428571,15.304285714285712,6.7457142857142856
Polangui,2015,30,Wet,0.5677641224194139,0.357266288828278,27.60857143,27.85,27.34,10.46,84.12714285714286,18.50142857142857,4.235714285714286
Polangui,2015,31,Wet,0.5501969200199172,0.2881029113367553,27.28714286,27.79,26.3,38.24,80.26285714285714,18.34,2.6214285714285714
Polangui,2015,32,Wet,0.5792679887116666,0.3768008585688852,27.43571429,27.95,26.69,42.73,80.55,20.04428571428572,2.58
Polangui,2015,33,Wet,0.6279616485560633,0.3734687482872812,27.94142857,28.62,27.48,39.55,80.97714285714287,17.924285714285713,4.418571428571428
Polangui,2015,34,Wet,0.6234479788143218,0.3939844414864416,28.17,28.94,27.46,14.82,79.71857142857142,21.56571428571429,1.6614285714285713
Polangui,2015,35,Wet,0.703964970997348,0.4362538580436166,27.67428571,28.11,27.14,39.93,80.11714285714287,18.83428571428572,3.001428571428572
Polangui,2015,36,Wet,0.696296940115661,0.4925247623436886,28.13,29.12,27.63,23.44,79.78142857142858,19.91,2.051428571428571
Polangui,2015,38,Wet,0.7558405349644329,0.5586560514743973,28.07,28.84,27.5,53.14,80.83142857142856,20.58142857142857,2.49
Polangui,2015,39,Wet,0.7597675944111079,0.6434358366851247,27.82857143,28.08,27.48,57.95,78.82142857142857,18.99,2.725714285714285
Polangui,2015,40,Wet,0.7477681142880057,0.543805889508911,27.95285714,28.21,27.73,45.94,82.23285714285714,18.93142857142857,3.1671428571428573
Polangui,2015,41,Cool Dry,0.7062923129356545,0.485069096309745,27.32142857,27.79,26.47,71.11,84.00857142857141,14.742857142857144,3.54
Polangui,2015,42,Cool Dry,0.6203089014302426,0.4232428983808269,28.49142857,28.97,28.07,43.83,75.54285714285713,21.548571428571428,2.52
Polangui,2015,43,Cool Dry,0.6571072576739766,0.4074768316552214,27.71714286,27.91,27.44,5.59,82.43857142857142,18.787142857142857,4.897142857142858
Polangui,2015,44,Cool Dry,0.6498551630005235,0.4160157683081125,27.23571429,27.57,26.75,46.05,82.12571428571428,18.02857142857143,4.395714285714286
Polangui,2015,46,Cool Dry,0.5995883720092259,0.3905857706870874,27.40714286,27.55,27.07,48.74,82.21285714285715,18.46,4.748571428571429
Polangui,2015,47,Cool Dry,0.5859819770283149,0.3701156902743786,27.36142857,27.45,27.3,46.25,81.79714285714286,18.222857142857144,4.565714285714286
Polangui,2015,48,Cool Dry,0.6111410636776214,0.359384015077431,27.19142857,27.43,26.87,72.53,83.45857142857143,15.918571428571427,5.352857142857142
Polangui,2015,49,Dry,0.6110076312848051,0.3524445422602954,26.87428571,27.36,26.42,71.17,82.84142857142857,15.934285714285712,4.815714285714286
Polangui,2015,50,Dry,0.5545943586746602,0.2787392807867042,26.84857143,27.12,26.34,52.07,84.39999999999999,16.22714285714286,4.33
Polangui,2015,51,Dry,0.5604436734427667,0.2977271710014886,26.56142857,27.02,25.96,250.98,87.26571428571428,9.785714285714286,7.241428571428571
Polangui,2015,52,Dry,0.5380863378373348,0.2805758700165143,26.10571429,26.48,25.85,29.95,82.41857142857144,16.57,5.07
Polangui,2016,53,Dry,0.5298965510529214,0.299155441657741,25.78,25.96,25.55,8.28,81.38,18.40714285714285,3.894285714285714
Polangui,2016,1,Dry,0.5192182398966939,0.2803548359144701,26.21142857,26.68,25.68,35.32,82.95285714285714,15.774285714285714,3.251428571428572
Polangui,2016,2,Dry,0.5124741750171685,0.272453483269593,25.90428571,26.11,25.61,28.66,80.79857142857144,17.202857142857145,4.841428571428572
Polangui,2016,4,Dry,0.2866822032846262,0.2039692894770792,25.51571429,26.35,24.19,75.28,84.07000000000001,13.007142857142856,7.184285714285714
Polangui,2016,5,Dry,0.5824745120819216,0.2947654571622368,25.92285714,26.52,25.16,56.5,83.27142857142857,15.218571428571428,5.078571428571428
Polangui,2016,6,Dry,0.656010737853738,0.4052699203022776,25.24857143,26.07,24.5,65.96000000000001,82.85428571428572,16.33857142857143,5.587142857142857
Polangui,2016,7,Dry,0.3475956164946349,0.2709542717053855,25.38571429,26.04,24.97,20.51,82.25428571428571,18.687142857142856,5.371428571428572
Polangui,2016,8,Dry,0.7233568514990543,0.440054092636251,25.99571429,26.54,25.69,92.63,85.11142857142856,17.342857142857145,4.634285714285714
Polangui,2016,9,Hot Dry,0.72721356748946,0.4403228496085388,25.85428571,26.24,25.5,3.42,82.87571428571428,23.05,3.968571428571429
Polangui,2016,10,Hot Dry,0.77114141770933,0.4788466331132376,26.12857143,26.32,25.97,3.28,80.5442857142857,23.56714285714286,3.222857142857143
Polangui,2016,12,Hot Dry,0.719287510585626,0.4589935287572661,26.50285714,26.93,25.9,4.859999999999999,78.24285714285715,23.807142857142857,3.0557142857142856
Polangui,2016,13,Hot Dry,0.7288016594983565,0.576246626289068,26.94714286,27.31,26.24,34.32,79.58857142857143,19.00142857142857,4.912857142857143
Polangui,2016,14,Hot Dry,0.682015628858504,0.4917781493266078,27.23571429,27.66,26.89,13.12,79.16142857142857,22.698571428571427,4.404285714285714
Polangui,2016,15,Hot Dry,0.6198264739957208,0.4808442740451283,28.08857143,28.44,27.75,13.88,80.58857142857143,23.464285714285715,3.684285714285714
Polangui,2016,16,Hot Dry,0.5726123153347271,0.3937598449177377,27.85,28.02,27.68,16.57,77.60714285714286,23.84857142857143,4.3185714285714285
Polangui,2016,17,Hot Dry,0.5536457918430594,0.3471926081458951,28.54285714,29.14,27.8,14.61,75.8442857142857,23.73,3.628571428571429
Polangui,2016,18,Hot Dry,0.5724988437942703,0.3307097259143456,28.66714286,28.82,28.35,16.36,76.19285714285715,23.632857142857144,4.352857142857142
Polangui,2016,20,Hot Dry,0.3968852819774856,0.2532508267189518,28.90142857,29.09,28.62,32.3,76.61,21.64428571428571,3.53
Polangui,2016,21,Hot Dry,0.6101586718727975,0.3590790846611377,29.14571429,29.88,28.53,15.45,76.40142857142858,21.26714285714285,2.3185714285714285
Polangui,2016,22,Wet,0.5759543327915735,0.3732083582931597,28.91571429,29.15,28.49,39.29,77.35142857142857,19.90571428571429,2.1885714285714286
Polangui,2016,23,Wet,0.6145503034693388,0.4183988694986791,29.11285714,29.9,28.61,38.46,77.79285714285713,20.012857142857143,3.257142857142857
Polangui,2016,24,Wet,0.5688306120676108,0.3503064468039363,27.96285714,28.65,27.44,72.34,81.53428571428572,16.391428571428573,2.821428571428572
Polangui,2016,25,Wet,0.5966622591558458,0.3216879941141227,27.82571429,28.28,27.33,67.81,80.77,17.574285714285715,2.5542857142857143
Polangui,2016,26,Wet,0.5125273725548402,0.3286267723518191,27.54571429,28.17,27.19,72.35,84.33571428571429,15.335714285714287,4.41
Polangui,2016,28,Wet,0.6225458309360503,0.3778332996604186,28.43571429,29.16,28.03,10.29,77.42714285714285,21.125714285714285,1.6785714285714286
Polangui,2016,29,Wet,0.5175757970598173,0.3269353372102557,28.08285714,28.78,27.56,25.27,79.92571428571429,20.36428571428572,2.325714285714286
Polangui,2016,30,Wet,0.6561762911069015,0.4081196254269545,28.36,28.83,27.62,100.11,79.82142857142857,16.580000000000002,3.1685714285714286
Polangui,2016,31,Wet,0.3497092722967566,0.2586336528795424,27.88857143,28.64,27.43,27.68,82.02571428571427,18.711428571428574,3.472857142857143
Polangui,2016,32,Wet,0.5005827871321605,0.3757804360223706,27.66428571,27.97,27.44,42.26,85.11857142857141,16.419999999999998,6.681428571428571
Polangui,2016,33,Wet,0.6776700530005368,0.5393133411036142,27.70714286,28.1,26.84,70.87,86.0657142857143,16.075714285714287,4.518571428571429
Polangui,2016,34,Wet,0.6981427235038751,0.4448994646537087,27.89,28.3,27.57,6.62,83.43857142857144,22.02857142857143,3.5700000000000003
Polangui,2016,36,Wet,0.6376926313098585,0.4512110224897782,27.96428571,28.27,27.6,29.07,81.34857142857143,20.78428571428572,2.045714285714286
Polangui,2016,37,Wet,0.5728912337718456,0.3800846599748122,27.75,27.85,27.55,33.4,83.70857142857143,19.715714285714284,3.27
Polangui,2016,38,Wet,0.7242332011704193,0.4836666965222366,27.64142857,28.03,27.0,76.66,84.63,18.06428571428572,2.6700000000000004
Polangui,2016,39,Wet,0.7035620810804516,0.4612597783710027,27.31,27.79,26.47,79.33,84.00857142857141,15.055714285714286,3.8085714285714287
Polangui,2016,40,Cool Dry,0.1227713485297819,0.0829560512033521,27.26142857,28.03,26.72,80.28,83.54285714285713,14.43142857142857,2.164285714285714
Polangui,2016,41,Cool Dry,0.6992651939516995,0.4303321779651041,27.16142857,27.63,26.65,295.23,85.58857142857143,12.855714285714289,4.48
Polangui,2016,42,Cool Dry,0.6469550427276658,0.3961557546990053,27.30142857,27.56,26.97,34.599999999999994,86.53,16.884285714285713,3.855714285714286
Polangui,2016,44,Cool Dry,0.4479537079030751,0.2810311035593825,26.99714286,27.27,26.69,216.72,86.78571428571429,9.858571428571429,4.465714285714285
Polangui,2016,45,Cool Dry,0.6221388285208993,0.3795864938095445,26.42714286,27.03,26.0,19.6,79.41571428571429,16.669999999999998,5.12
Polangui,2016,46,Cool Dry,0.6050522757095573,0.3584619440588235,27.20714286,27.41,26.97,130.53,87.39571428571428,12.558571428571428,4.41
Polangui,2016,47,Cool Dry,0.6137453966324553,0.383594172145522,27.05857143,27.22,26.93,54.33,84.5942857142857,15.13,5.2700000000000005
Polangui,2016,48,Dry,0.5497070940798794,0.3261678036783009,26.67142857,27.12,26.34,146.39,87.16285714285713,12.588571428571427,3.94
Polangui,2016,49,Dry,0.3911419094758635,0.2463122798843952,26.30714286,27.07,25.72,253.66,87.58285714285715,10.081428571428573,4.96
Polangui,2016,50,Dry,0.3725993897625287,0.1810161391143331,26.45285714,26.51,26.38,103.9,85.35714285714286,11.86285714285714,6.518571428571428
Polangui,2016,52,Dry,0.4407427489723413,0.2112579023648733,26.38,26.38,26.38,8.12,84.2,11.29,7.93
Polangui,2017,52,Dry,0.244117324763903,0.1484413533317816,26.16428571,26.73,25.72,66.01,83.91142857142857,12.175714285714289,5.97
Polangui,2017,2,Dry,0.4346167725051681,0.2436515487203367,25.88428571,26.2,25.53,252.35,88.41428571428571,6.615714285714286,6.497142857142857
Polangui,2017,3,Dry,0.4579710084123645,0.229567401197934,25.12857143,25.91,24.58,161.44,84.89571428571428,10.73857142857143,6.725714285714285
Polangui,2017,4,Dry,0.4334713912410667,0.2350616858816859,25.66285714,26.31,24.84,76.47,86.29714285714286,14.572857142857142,5.107142857142857
Polangui,2017,5,Dry,0.4703507151348172,0.2512004011166067,24.58428571,25.41,23.22,18.12,80.68571428571428,18.17142857142857,6.532857142857142
Polangui,2017,6,Dry,0.2455491754887787,0.1566055849979274,24.40857143,25.63,23.03,51.27,81.98285714285714,15.491428571428573,6.691428571428571
Polangui,2017,7,Dry,0.5983222437724875,0.3458828729747191,25.64285714,26.02,25.44,45.85,86.38714285714286,18.514285714285712,4.408571428571428
Polangui,2017,8,Dry,0.589662766616703,0.3648310416848373,25.60285714,26.0,25.28,48.09,81.7042857142857,20.06,5.224285714285714
Polangui,2017,10,Hot Dry,0.5784846895956783,0.3380087908573307,25.38857143,26.15,24.8,50.58,82.5257142857143,18.90571428571429,5.252857142857143
Polangui,2017,11,Hot Dry,0.6683461859314899,0.4085894624184469,25.71857143,26.36,25.16,84.39999999999999,82.33285714285714,17.194285714285716,4.564285714285715
Polangui,2017,12,Hot Dry,0.683304584181984,0.4812025250918387,26.44714286,26.87,25.52,42.46,84.97285714285715,21.42,3.452857142857144
Polangui,2017,13,Hot Dry,0.6654510955080076,0.531339493846464,26.10285714,26.3,25.85,50.21,83.00714285714285,18.212857142857143,5.442857142857143
Polangui,2017,14,Hot Dry,0.7387169851438375,0.4799342419160282,25.97857143,26.81,25.01,30.65,83.34,18.562857142857144,5.374285714285714
Polangui,2017,15,Hot Dry,0.6855597416551972,0.5450787361304472,27.09857143,27.45,26.16,37.95,80.99000000000001,21.860000000000003,4.168571428571428
Polangui,2017,16,Hot Dry,0.7053203167279732,0.4516958316251573,27.84714286,28.25,27.42,4.37,76.02857142857144,24.32857142857143,2.8457142857142856
Polangui,2017,18,Hot Dry,0.6443788139564579,0.5059508432474722,28.13,28.53,27.77,27.73,81.63857142857144,23.698571428571427,3.3128571428571427
Polangui,2017,19,Hot Dry,0.5679089529919966,0.3970702552173911,28.25571429,28.48,27.94,31.07,80.75142857142858,21.502857142857145,4.234285714285714
Polangui,2017,20,Hot Dry,0.584823291798734,0.4183985960569806,28.62285714,29.2,28.24,45.87,80.41,21.22142857142857,2.4385714285714286
Polangui,2017,21,Hot Dry,0.5517177351999738,0.358288964371073,28.96857143,29.21,28.69,6.959999999999999,81.05285714285715,23.08,2.642857142857143
Polangui,2017,22,Wet,0.5423175574268727,0.3603827556445384,28.22285714,29.35,27.53,62.72,82.4557142857143,16.56,2.9185714285714286
Polangui,2017,23,Wet,0.5880123845557096,0.3597567197751259,28.65857143,29.42,28.05,8.11,78.17,23.98,2.3057142857142856
Polangui,2017,24,Wet,0.56466425024891,0.3325192897221073,28.44142857,28.84,27.64,26.61,77.36428571428571,22.027142857142856,2.084285714285714
Polangui,2017,26,Wet,0.5268941733604758,0.3611886437084718,28.10571429,28.55,27.64,50.01,78.41428571428571,19.148571428571422,1.89
Polangui,2017,27,Wet,0.5152395766256209,0.350032429589943,27.50571429,27.77,27.31,68.35,82.12571428571428,15.604285714285714,2.8228571428571425
Polangui,2017,28,Wet,0.4647925723544511,0.3105260893265549,27.68,28.48,27.28,92.39,79.01714285714286,17.622857142857143,1.9314285714285715
Polangui,2017,29,Wet,0.3676039203939016,0.2425865155104975,27.32142857,27.79,26.97,115.72,83.21428571428571,14.578571428571427,2.825714285714286
Polangui,2017,30,Wet,0.5229107229689706,0.28917856382395,28.01857143,28.55,27.54,26.7,84.46142857142857,20.08,4.097142857142857
Polangui,2017,31,Wet,0.5769913450918178,0.3385328790348966,28.40142857,28.79,27.71,28.49,80.33571428571429,21.81571428571429,2.15
Polangui,2017,32,Wet,0.5983713200794067,0.3527477390197963,28.09857143,28.54,27.17,41.190000000000005,82.02285714285713,19.527142857142856,2.4642857142857144
Polangui,2017,34,Wet,0.5328996467075054,0.3816129492925681,27.31285714,27.83,26.46,94.68,83.46428571428571,15.521428571428572,3.5228571428571427
Polangui,2017,35,Wet,0.6373941800288186,0.4212045958343079,27.90428571,28.17,27.32,28.13,84.44142857142857,19.395714285714288,4.258571428571428
Polangui,2017,36,Wet,0.7250742519430452,0.4750687772355591,28.14857143,28.67,27.38,70.69,81.16285714285713,17.75,2.36
Polangui,2017,37,Wet,0.7105821006539276,0.4607448040791284,27.74714286,28.74,26.8,100.24,81.43714285714285,16.28142857142857,3.042857142857143
Polangui,2017,38,Wet,0.7135502764907838,0.4834472699536,27.80714286,28.46,27.27,59.14,82.42571428571429,17.942857142857143,2.0742857142857143
Polangui,2017,39,Wet,0.7729432975388609,0.5822193115564492,27.57714286,27.86,27.24,89.36,83.23285714285714,15.301428571428572,2.4771428571428573
Polangui,2017,40,Cool Dry,0.4217433214383214,0.3268226784178829,27.69714286,28.19,27.2,79.75999999999999,81.33571428571429,18.265714285714285,2.267142857142857
Polangui,2017,42,Cool Dry,0.6491428967468477,0.387629535978216,27.62,28.17,27.25,97.97,84.48142857142857,12.797142857142855,3.898571428571429
Polangui,2017,43,Cool Dry,0.6503544291177547,0.4039431183589131,27.16857143,27.47,26.92,233.76,85.60285714285715,12.508571428571427,5.08
Polangui,2017,44,Cool Dry,0.6173061544602488,0.3836574689150223,27.22428571,27.47,26.93,95.51,86.33857142857143,15.15,4.55
Polangui,2017,45,Cool Dry,0.6134377079909823,0.3729276896127753,27.31,27.5,27.08,87.56,85.43285714285715,13.945714285714288,4.182857142857143
Polangui,2017,46,Cool Dry,0.6131837501834957,0.3583638722889708,27.49428571,27.58,27.32,86.16,84.94571428571429,15.412857142857144,5.364285714285714
Polangui,2017,47,Cool Dry,0.5932203843517306,0.3651351741572851,27.39714286,27.48,27.3,66.3,85.22142857142856,15.507142857142856,5.01
Polangui,2017,48,Dry,0.5870264950291788,0.3148253374333964,27.31,27.72,26.95,79.91,84.34142857142857,15.45,3.2842857142857143
Polangui,2017,50,Dry,0.5742684605468179,0.3692530883307223,26.48714286,27.26,24.84,329.75,87.71714285714286,7.378571428571428,7.37
Polangui,2017,51,Dry,0.5819618109357573,0.3156011811577097,26.31571429,27.04,25.6,216.47,87.64285714285714,9.55,6.465714285714285
Polangui,2017,51,Dry,0.5819618109357573,0.3156011811577097,26.6871429,26.95,26.28,29.68,81.08428571,17.17,5.455714286
Polangui,2017,52,Dry,0.4697219349539656,0.1722698947249254,26.5571429,27.11,26.21,92.19,84.93857143,14.05428571,5.15
Polangui,2018,1,Dry,0.4144127949339647,0.2541467357053923,26.1971429,26.48,25.68,126.64,84.90571429,15.15571429,5.425714286
Polangui,2018,2,Dry,0.4258036138848382,0.2254397563586713,26.1928571,26.47,25.88,85.5,82.35857143,15.81857143,4.982857143
Polangui,2018,3,Dry,0.4699081990759799,0.2801513164788706,26.4185714,26.64,26.16,64.92,84.69285714,17.14571429,4.378571429
Polangui,2018,4,Dry,0.5177014044146295,0.2514649641272011,26.2185714,26.81,25.36,46.29,81.46714286,17.82285714,5.325714286
Polangui,2018,5,Dry,0.5213093892368197,0.2523570886077692,26.2385714,26.6,25.65,61.12,81.83571429,19.38285714,5.067142857
Polangui,2018,6,Dry,0.5636261014053379,0.2962928494542261,26.0585714,26.78,25.35,29.82,80.68285714,19.91285714,5.19
Polangui,2018,7,Dry,0.6352275699684559,0.3661919831972409,25.98,26.17,25.41,28.03,79.84714286,19.62428571,4.971428571
Polangui,2018,9,Dry,0.6783540294948557,0.4420093813794024,26.4371429,26.81,26.14,49.15,80.10142857,20.27714286,4.662857143
Polangui,2018,10,Hot Dry,0.6984291095365809,0.4728841309514843,27.16,27.57,26.75,53.06,84.44285714,20.08,4.36
Polangui,2018,11,Hot Dry,0.655224947,0.4445539153530684,27.3042857,27.73,26.95,25.15,80.60142857,22.11571429,3.85
Polangui,2018,12,Hot Dry,0.7075891643424791,0.5501511203760173,27.6985714,27.97,27.44,10.97,80.33285714,24.19285714,3.83
Polangui,2018,13,Hot Dry,0.662585343,0.4716708942151018,28.0985714,28.27,27.89,50.26,81.32571429,19.48,3.982857143
Polangui,2018,14,Hot Dry,0.6837306875469958,0.4639244593807871,28.0857143,28.56,27.71,6.22,79.29857143,23.08142857,3.101428571
Polangui,2018,15,Hot Dry,0.706553854,0.5588588392857536,28.0471429,28.19,27.86,18.98,81.65857143,21.52142857,2.935714286
Polangui,2018,17,Hot Dry,0.6488694407820548,0.4799307974369953,28.2485714,28.63,27.99,20.4,82.03285714,21.55,2.841428571
Polangui,2018,18,Hot Dry,0.5872943458379422,0.3816990542738018,28.2271429,28.61,27.82,38.56,82.21,18.79,2.772857143
Polangui,2018,19,Hot Dry,0.6322881805793884,0.3909452902025826,28.0828571,28.35,27.69,113.01,83.38428571,12.51285714,4.941428571
Polangui,2018,20,Hot Dry,0.4816396833239231,0.2071251098152521,28.2428571,28.53,28.03,17.61,83.56,20.18428571,5.151428571
Polangui,2018,21,Hot Dry,0.5638565329728777,0.3551215150402639,27.73,28.04,27.41,37.68,81.23714286,19.26285714,2.668571429
Polangui,2018,22,Wet,0.6068436571943767,0.4242454141626999,27.6585714,28.07,26.7,25.7,80.32285714,18.86428571,2.552857143
Polangui,2018,23,Wet,0.606434457,0.3892299303447121,27.55,27.83,27.31,41.56,82.98142857,21.66428571,2.641428571
Polangui,2018,25,Wet,0.6109679688486995,0.3962669373886912,27.3771429,27.7,26.92,67.21,86.42571429,17.12714286,4.19
Polangui,2018,26,Wet,0.4569634180907478,0.2890615285670527,27.6757143,28.24,26.97,50.35,85.36,16.23571429,6.412857143
Polangui,2018,27,Wet,0.3519674815693459,0.2265003666195442,27.4242857,27.74,27.15,57.6,84.77,16.79428571,4.122857143
Polangui,2018,28,Wet,0.4852606193493497,0.2827714956800173,27.3442857,27.81,26.77,56.1,85.68857143,19.75571429,4.084285714
Polangui,2018,29,Wet,0.4588735445450583,0.2832921098197672,27.23,27.67,27.09,41.12,85.38714286,14.02571429,5.732857143
Polangui,2018,30,Wet,0.2785136443275119,0.1839881848562296,27.5428571,27.78,27.16,21.27,84.13714286,18.66714286,5.498571429
Polangui,2018,31,Wet,0.3308362636823403,0.2198746167934315,27.6557143,27.95,27.08,10.21,83.18,19.99142857,5.002857143
Polangui,2018,33,Wet,0.6167175343940957,0.374346,27.3814286,27.72,26.84,81.48,80.57285714,17.04571429,2.191428571
Polangui,2018,34,Wet,0.5032951364966073,0.3465673612829978,27.0828571,27.97,26.54,44.38,85.00714286,17.72142857,3.244285714
Polangui,2018,35,Wet,0.6575789283713551,0.4048856266427894,27.48,27.99,26.89,162.47,84.14142857,15.05428571,4.55
Polangui,2018,36,Wet,0.715700148,0.5319396331936563,27.2057143,27.6,26.98,33.63,84.84714286,19.41142857,3.145714286
Polangui,2018,37,Wet,0.5870485236895898,0.3723662632306903,27.7814286,28.05,27.48,19.26,83.17285714,20.08428571,3.851428571
Polangui,2018,38,Wet,0.7838896825719072,0.5192672352618916,27.2914286,27.97,26.84,32.86,81.12714286,17.31714286,2.381428571
Polangui,2018,39,Wet,0.7161885003772331,0.4575754594736224,27.2414286,27.55,27.07,20.63,83.57,20.33571429,3.182857143
Polangui,2018,41,Cool Dry,0.7222667738773255,0.4616519511622976,27.2728571,27.93,27.0,49.58,82.44857143,16.17142857,3.412857143
Polangui,2018,42,Cool Dry,0.7251925642894483,0.4477353513836158,26.9685714,27.72,26.41,19.1,79.21571429,18.66857143,5.074285714
Polangui,2018,43,Cool Dry,0.6963594066807538,0.5771765482235355,27.2228571,27.67,25.73,15.4,81.80714286,18.29142857,4.56
Polangui,2018,44,Cool Dry,0.6517620932755541,0.382875922675113,27.3671429,27.72,27.19,81.66,82.58428571,17.6,5.881428571
Polangui,2018,45,Cool Dry,0.6488597559089484,0.3853774332532504,26.9271429,27.23,26.71,38.39,81.86857143,18.34285714,4.635714286
Polangui,2018,46,Cool Dry,0.6086714675524459,0.3478550251968704,26.8042857,27.4,26.47,98.0,82.43142857,14.70857143,5.451428571
Polangui,2018,47,Cool Dry,0.6062598649739742,0.3809957197128502,26.5742857,26.95,26.23,33.17,82.14714286,18.34428571,5.2
Polangui,2018,49,Dry,0.608581186,0.3719675970161141,27.12,27.36,26.95,29.83,83.52714286,17.07428571,5.434285714
Polangui,2018,50,Dry,0.5885459555994532,0.3643328017875927,26.7628571,27.08,26.45,76.17,83.87571429,13.33142857,6.41
Polangui,2018,51,Dry,0.5712228352823804,0.2964275197326066,26.32,26.63,26.02,206.31,85.90428571,10.63428571,5.662857143
Polangui,2018,51,Dry,0.5712,0.2964,26.6357143,27.06,26.1,66.54,86.20428571,13.55857143,5.612857143
Polangui,2018,52,Dry,0.5071728305412246,0.2941328890638408,26.3028571,26.62,25.88,365.71,86.96,11.52,6.177142857
Polangui,2018,52,Dry,0.5072,0.2941,26.8985714,27.34,26.34,231.73,86.07142857,13.11428571,6.82
Polangui,2019,1,Dry,0.5359,0.292,25.0214286,25.68,24.57,13.91,80.24714286,20.03285714,4.212857143
Polangui,2019,2,Dry,0.5072,0.2941,24.4371429,24.95,23.7,19.75,76.99285714,15.24571429,5.62
Polangui,2019,3,Dry,0.4885,0.3125,25.0585714,26.27,23.65,89.83,83.63571429,11.89571429,7.288571429
Polangui,2019,4,Dry,0.5117,0.2846,25.2785714,25.61,25.0,31.22,77.52571429,16.48571429,6.104285714
Polangui,2019,5,Dry,0.5251,0.2739,25.9571429,26.23,25.67,5.73,77.31714286,21.80428571,3.914285714
Polangui,2019,6,Dry,0.5814,0.291,25.03,25.79,24.31,4.2,72.57571429,23.18285714,3.764285714
Polangui,2019,8,Dry,0.5664,0.2829,25.0714286,25.32,24.91,9.15,75.57142857,22.01714286,4.545714286
Polangui,2019,9,Dry,0.595,0.3281,25.1171429,25.27,25.03,12.77,78.24571429,19.27714286,5.214285714
Polangui,2019,10,Hot Dry,0.6272,0.3428,27.0457143,27.69,26.48,6.3,74.02857143,24.42714286,4.417142857
Polangui,2019,11,Hot Dry,0.6767,0.395,26.5285714,26.9,26.29,18.49,74.02714286,21.12142857,4.592857143
Polangui,2019,12,Hot Dry,0.7125,0.4126,26.4357143,26.76,26.01,19.55,74.30428571,21.66285714,4.941428571
Polangui,2019,13,Hot Dry,0.682,0.4036,26.0757143,26.65,25.48,4.45,74.67,23.51285714,3.984285714
Polangui,2019,14,Hot Dry,0.6634,0.461,27.9171429,28.35,27.45,13.81,72.25142857,24.80857143,4.815714286
Polangui,2019,16,Hot Dry,0.716,0.4495,27.9242857,28.14,27.5,6.43,75.37714286,26.14428571,3.814285714
Polangui,2019,17,Hot Dry,0.6471,0.4803,27.62,28.03,27.11,42.24,80.25571429,22.84,4.327142857
Polangui,2019,18,Hot Dry,0.6265,0.411,29.4257143,30.77,27.98,42.51,74.00571429,18.84428571,1.854285714
Polangui,2019,19,Hot Dry,0.5812,0.4159,29.9785714,31.04,29.27,5.46,70.90571429,24.01714286,2.471428571
Polangui,2019,20,Hot Dry,0.6099,0.382,29.25,29.88,28.81,60.15,76.82714286,21.18285714,2.311428571
Polangui,2019,21,Hot Dry,0.6074,0.358,28.8257143,29.92,27.88,12.33,70.28571429,24.47714286,2.91
Polangui,2019,22,Wet,0.6203,0.3702,29.4028571,29.7,29.02,12.14,76.91142857,22.58857143,3.057142857
Polangui,2019,24,Wet,0.6146,0.3604,29.2871429,29.73,28.67,19.15,79.87428571,21.99142857,2.727142857
Polangui,2019,25,Wet,0.5869,0.3594,28.6171429,28.84,28.34,57.77,81.42285714,22.31428571,3.415714286
Polangui,2019,26,Wet,0.6041,0.3756,28.5757143,28.92,28.39,15.12,80.84571429,22.42285714,3.02
Polangui,2019,27,Wet,0.58,0.337,27.92,28.69,26.6,75.21,81.06857143,14.45571429,4.775714286
Polangui,2019,28,Wet,0.634,0.357,28.1757143,28.94,27.67,25.0,79.16,19.64142857,2.117142857
Polangui,2019,29,Wet,0.3762,0.2392,27.9771429,28.43,27.34,27.17,80.53142857,19.76571429,3.041428571
Polangui,2019,30,Wet,0.5359,0.3589,28.0271429,28.38,27.65,91.91,83.15428571,15.70285714,4.132857143
Polangui,2019,32,Wet,0.5557,0.3514,28.0642857,28.33,27.83,4.6,84.33571429,21.32571429,4.805714286
Polangui,2019,33,Wet,0.525,0.3634,27.9,28.19,27.43,24.61,84.89285714,15.03,7.99
Polangui,2019,34,Wet,0.4651,0.3014,27.1485714,27.4,26.8,91.96,85.01142857,15.32,5.048571429
Polangui,2019,35,Wet,0.5628,0.3591,27.7028571,28.11,26.74,74.67,82.98285714,17.36,2.328571429
Polangui,2019,36,Wet,0.648,0.4014,27.1114286,27.71,26.42,112.57,85.55428571,14.97,4.327142857
Polangui,2019,37,Wet,0.7111,0.4448,27.57,27.93,27.03,23.71,84.43714286,19.71571429,4.244285714
Polangui,2019,38,Wet,0.7006,0.4805,27.11,27.55,26.69,116.53,84.89,14.58857143,3.542857143
Polangui,2019,40,Wet,0.6836,0.4631,27.31,27.96,26.64,89.31,84.27857143,12.65714286,4.528571429
Polangui,2019,41,Cool Dry,0.6591,0.4106,27.3885714,27.8,26.75,27.43,82.38571429,20.03285714,2.318571429
Polangui,2019,42,Cool Dry,0.692106,0.492902,27.64,28.1,27.32,11.66,81.85,20.39142857,2.545714286
Polangui,2019,43,Cool Dry,0.719585,0.458783,27.4828571,28.0,27.26,41.64,84.63142857,15.16571429,5.462857143
Polangui,2019,44,Cool Dry,0.689692,0.41516,27.2771429,27.7,26.9,89.08,84.71142857,14.05285714,3.227142857
Polangui,2019,45,Cool Dry,0.669402,0.379834,27.5471429,27.94,27.26,62.58,82.89714286,18.36857143,3.842857143
Polangui,2019,46,Cool Dry,0.601082,0.362974,27.5142857,28.03,26.93,52.51,80.93,19.45142857,3.777142857
Polangui,2019,48,Cool Dry,0.629469,0.367006,27.41,27.85,27.04,37.52,78.88428571,17.99571429,4.172857143
Polangui,2019,49,Dry,0.489289,0.28999,26.94,27.63,26.11,84.9,81.04714286,15.03,6.447142857
Polangui,2019,50,Dry,0.495534,0.275481,27.2,27.54,26.92,47.53,84.62571429,16.29857143,2.815714286
Polangui,2019,51,Dry,0.526977,0.368254,26.8871429,27.28,26.6,142.36,85.98285714,9.832857143,4.578571429
Polangui,2019,51,Dry,0.5269772871391535,0.3682538799031495,26.5357143,26.92,26.25,85.64,85.38571429,15.17571429,4.372857143
Polangui,2019,52,Dry,0.529117,0.335031,27.6228571,27.78,27.5,21.48,82.92857143,18.18,2.954285714
Polangui,2019,52,Dry,0.5291165098097403,0.3350310696613999,25.342,25.64,24.83,82.83,81.118,12.07,8.324
Polangui,2020,1,Dry,0.5858915135685813,0.323297007,25.2771429,25.63,24.64,63.93,81.57714286,17.88857143,7.564285714
Polangui,2020,2,Dry,0.5517616445790373,0.3134654100339769,25.6642857,25.97,25.44,20.52,79.94714286,19.83428571,5.527142857
Polangui,2020,3,Dry,0.5445990773370007,0.3123698492013241,26.0271429,26.69,25.5,96.65,83.61,18.11,4.168571429
Polangui,2020,4,Dry,0.5039764903225747,0.2680824932343343,26.54,26.76,26.28,2.26,79.40142857,24.52857143,3.66
Polangui,2020,5,Dry,0.5191498124125608,0.2899944926891881,26.4,26.9,26.02,221.93,82.18142857,20.27714286,4.335714286
Polangui,2020,7,Dry,0.5341614482527681,0.3079937724191055,26.2842857,26.63,25.81,91.75,80.00285714,25.01857143,4.661428571
Polangui,2020,8,Dry,0.5279104796376437,0.2862616937088187,26.7742857,26.99,26.45,19.26,80.77285714,24.22428571,4.188571429
Polangui,2020,9,Dry,0.5654115001387024,0.3016464731224297,26.8485714,27.73,26.18,7.48,78.79428571,24.07142857,2.96
Polangui,2020,10,Hot Dry,0.6303023299152744,0.3788567159087755,27.6057143,27.92,27.33,34.73,80.88714286,21.04714286,3.912857143
Polangui,2020,11,Hot Dry,0.6689071625829848,0.3955443793021699,27.9085714,28.19,27.73,23.03,81.25428571,24.01285714,4.155714286
Polangui,2020,12,Hot Dry,0.6568105746460419,0.4470775640431814,28.0114286,28.5,27.72,46.9,80.14,21.28571429,4.578571429
Polangui,2020,13,Hot Dry,0.6821477881495778,0.466923799,28.7757143,29.06,28.56,14.05,80.25,25.18857143,3.29
Polangui,2020,15,Hot Dry,0.6942271507621695,0.5145802603986337,28.35,28.92,27.8,130.95,83.28,18.52428571,4.631428571
Polangui,2020,16,Hot Dry,0.6507281992530057,0.5272315762061549,28.7942857,29.18,28.46,7.43,80.90857143,23.45428571,2.712857143
Polangui,2020,17,Hot Dry,0.6636703564668471,0.4563563106930418,28.5057143,29.2,27.93,18.01,80.82,25.22,3.092857143
Polangui,2020,18,Hot Dry,0.6242265686302446,0.4392920870821253,28.6014286,29.04,28.03,12.54,77.77428571,24.10857143,2.75
Polangui,2020,19,Hot Dry,0.6484254847376691,0.426728102,27.83,28.75,27.02,275.51,83.51142857,14.89857143,4.822857143
Polangui,2020,20,Hot Dry,0.6203195005413744,0.4126335462939806,27.8657143,28.35,27.47,35.89,82.74285714,21.88285714,2.758571429
Polangui,2020,21,Hot Dry,0.561235795,0.3763491217853693,27.6285714,28.72,26.44,32.34,84.35428571,19.83857143,3.248571429
Polangui,2020,23,Wet,0.5134610467620118,0.3290233443675809,27.6985714,28.24,27.44,57.24,80.23142857,21.25714286,2.745714286
Polangui,2020,24,Wet,0.5898339732220927,0.3852291879290469,28.0571429,28.57,27.69,29.3,80.54714286,20.24428571,1.88
Polangui,2020,25,Wet,0.5847633436629187,0.324978754,27.9785714,28.36,27.37,37.76,81.18142857,20.21,3.051428571
Polangui,2020,26,Wet,0.5605560135696549,0.3299319297951609,27.8014286,28.2,27.21,31.03,82.02714286,18.86285714,2.498571429
Polangui,2020,27,Wet,0.5034472106519872,0.326812161,27.3742857,28.35,26.79,97.68,83.09714286,14.13571429,2.677142857
Polangui,2020,28,Wet,0.5485565419910123,0.3169970054913545,27.5228571,27.92,26.94,101.26,84.63428571,16.06285714,4.121428571
Polangui,2020,29,Wet,0.3885319419577765,0.2608531221009599,27.6214286,27.92,27.14,51.47,81.19,16.53142857,2.11
Polangui,2020,31,Wet,0.5348775677091042,0.3221287525016266,27.7785714,28.4,26.71,64.03,80.68,18.92,1.987142857
Polangui,2020,32,Wet,0.2601544126521432,0.2190403033893605,28.0628571,28.41,27.6,18.59,82.67,17.98714286,3.418571429
Polangui,2020,33,Wet,0.5393611032745718,0.3452746028865739,28.4228571,28.89,28.04,6.86,79.21285714,20.64142857,2.594285714
Polangui,2020,34,Wet,0.5520966054236882,0.4294024540829771,28.0885714,28.43,27.84,30.96,81.57285714,17.73285714,2.002857143
Polangui,2020,35,Wet,0.683442662,0.4258580601782351,27.5642857,28.19,26.91,91.5,84.02571429,16.61428571,3.56
Polangui,2020,36,Wet,0.5985027574870669,0.4181029207060509,27.9557143,28.4,27.6,62.06,82.52428571,17.33857143,2.334285714
Polangui,2020,37,Wet,0.7943837565330267,0.5183850399989065,28.2814286,28.69,27.83,55.57,79.16,19.01,1.624285714
Polangui,2020,39,Wet,0.7147423732528948,0.5627781825382365,27.7171429,28.39,26.91,116.89,83.32428571,13.67,2.251428571
Polangui,2020,40,Wet,0.7179133447944529,0.4574163900691992,27.5457143,28.25,26.93,142.81,83.76857143,16.31857143,3.251428571
Polangui,2020,41,Cool Dry,0.6208133894699542,0.4556387488058322,27.5928571,28.24,27.18,248.63,86.46571429,12.98571429,3.721428571
Polangui,2020,42,Cool Dry,0.682327589,0.4662823729172888,27.4042857,28.06,26.97,172.13,85.42571429,15.03571429,5.102857143
Polangui,2020,43,Cool Dry,0.4724800298285894,0.3696227966158484,27.1971429,27.58,26.82,116.04,85.97571429,12.83714286,3.522857143
Polangui,2020,44,Cool Dry,0.4911825762338788,0.3006215216925009,27.1214286,27.36,26.78,228.56,87.40714286,13.41857143,5.481428571
Polangui,2020,45,Cool Dry,0.4965877303358911,0.2882806891961174,27.2185714,27.49,26.93,65.45,83.47571429,17.07285714,4.252857143
Polangui,2020,47,Cool Dry,0.4927954746423746,0.2735452909603801,27.1342857,27.41,26.8,94.38,82.37428571,13.6,5.907142857
Polangui,2020,48,Cool Dry,0.5290129541292572,0.3033281914934621,26.8914286,27.3,26.67,118.36,88.31571429,10.95714286,4.414285714
Polangui,2020,49,Dry,0.5417259622833511,0.3195465250241944,27.1385714,27.38,26.86,111.72,86.97714286,14.32428571,3.785714286
Polangui,2020,50,Dry,0.5287157895174952,0.3152308238701563,26.9342857,27.1,26.46,257.7,84.49285714,10.64857143,6.372857143
Polangui,2020,51,Dry,0.5599679378117639,0.2924446675902298,26.8342857,27.17,26.04,102.89,85.98428571,14.52857143,4.085714286
Polangui,2020,51,Dry,0.5599679378117639,0.2924446675902298,26.34,27.1,25.85,142.38,87.34428571,12.93428571,3.82
Polangui,2020,52,Dry,0.4949491639125786,0.2883780728533448,26.465,26.84,25.91,81.96,88.31,11.52,4.5225
Polangui,2020,52,Dry,0.4949491639125786,0.2883780728533448,25.5228571,26.39,24.31,43.72,81.28285714,15.73142857,6.147142857
Polangui,2021,1,Dry,0.4021244594123104,0.2351534895391457,25.9114286,26.63,25.23,162.95,86.64428571,13.83857143,4.394285714
Polangui,2021,2,Dry,0.474363309492652,0.2476593911799748,24.7142857,25.44,23.41,38.7,79.62428571,16.35,6.782857143
Polangui,2021,4,Dry,0.5149860375883258,0.3043407302626855,26.5357143,27.11,25.96,97.49,84.16428571,17.87,3.824285714
Polangui,2021,5,Dry,0.5197591625661632,0.2900898020709994,26.32,26.45,26.19,22.26,80.43,22.12285714,4.725714286
Polangui,2021,6,Dry,0.5952805277553765,0.348417987,26.4542857,26.61,26.24,190.07,81.50857143,14.81,5.731428571
Polangui,2021,7,Dry,0.5994413649272536,0.3191859824733894,26.9985714,27.32,26.75,25.74,84.28,21.23285714,3.158571429
Polangui,2021,8,Dry,0.6178287713203335,0.3913132433648048,27.0228571,27.24,26.78,63.5,82.94,19.99,5.054285714
Polangui,2021,9,Hot Dry,0.6515066772298547,0.3563781729773235,27.2,27.4,26.89,7.08,79.43857143,23.61285714,4.098571429
Polangui,2021,10,Hot Dry,0.6734516265064272,0.4383096992563921,26.6285714,26.82,26.16,8.17,78.86571429,22.22428571,4.655714286
Polangui,2021,12,Hot Dry,0.7001996202578258,0.4789567395373287,27.2385714,27.53,26.57,106.41,82.77285714,17.86142857,5.29
Polangui,2021,13,Hot Dry,0.7532356725387508,0.4681341402055615,27.2357143,28.0,26.17,110.34,83.44428571,14.85857143,5.294285714
Polangui,2021,14,Hot Dry,0.5570197396121035,0.375846893409455,26.5271429,27.65,25.8,6.34,78.58,23.89571429,3.164285714
Polangui,2021,15,Hot Dry,0.6317450141038436,0.4259951250683876,27.9085714,28.21,27.67,45.96,83.85428571,20.89,4.655714286
Polangui,2021,16,Hot Dry,0.6191422424328171,0.440273752143445,28.0571429,28.44,27.65,34.97,83.99571429,21.92142857,4.14
Polangui,2021,17,Hot Dry,0.5968753134350987,0.4302681681217756,28.2085714,28.59,27.84,41.81,82.27714286,21.41714286,3.308571429
Polangui,2021,18,Hot Dry,0.5882196495136276,0.430011683,28.5442857,29.26,28.02,12.62,81.11,22.86714286,2.522857143
Polangui,2021,20,Hot Dry,0.5865343716376091,0.3221671976869735,28.7328571,29.48,27.83,44.7,81.92,18.95857143,3.428571429
Polangui,2021,21,Hot Dry,0.59186729,0.381465574,27.5271429,28.19,27.16,69.36,82.88285714,14.56571429,2.595714286
Polangui,2021,22,Wet,0.5816705056820636,0.3569030703636944,28.48,29.28,27.89,8.04,80.43285714,23.27857143,2.687142857
Polangui,2021,23,Wet,0.5681161808080629,0.3446173256988641,28.05,28.42,27.63,23.81,80.16,19.25857143,2.482857143
Polangui,2021,24,Wet,0.4844835282351359,0.3227160306543065,28.2028571,28.74,27.44,55.5,79.01285714,20.31714286,1.988571429
Polangui,2021,25,Wet,0.5585930890949896,0.3055323804930615,27.6214286,28.04,26.95,69.41,83.88571429,18.97,3.382857143
Polangui,2021,26,Wet,0.537827734,0.3317282827336588,27.7957143,27.92,27.52,65.32,83.38285714,17.83857143,2.994285714
Polangui,2021,28,Wet,0.6430834911429784,0.3750459489170695,28.0085714,28.1,27.86,69.72,86.16571429,13.70857143,7.562857143
Polangui,2021,29,Wet,0.5312729269362338,0.3644938364468693,28.2242857,28.3,28.14,17.89,85.41714286,19.61285714,6.314285714
Polangui,2021,30,Wet,0.5967787490690311,0.3993183893254151,28.3157143,28.48,28.12,8.42,84.78142857,20.52428571,5.785714286
Polangui,2021,31,Wet,0.6654329008809393,0.48479505089302,27.5157143,28.31,26.76,40.0,81.45285714,17.47142857,1.901428571
Polangui,2021,32,Wet,0.7370595169992772,0.4740218494867956,27.8,28.26,27.3,57.29,79.91857143,18.88428571,1.688571429
Polangui,2021,33,Wet,0.7562648917620128,0.5037176558284967,27.4557143,28.01,27.01,74.75,82.20428571,18.19,2.69
Polangui,2021,34,Wet,0.6952583603312978,0.5270006465367291,27.5414286,28.13,26.59,31.57,81.27142857,18.41142857,1.908571429
Polangui,2021,36,Wet,0.7569428939878039,0.5443324255347284,27.5928571,27.88,27.42,95.42,85.60285714,15.35285714,3.971428571
Polangui,2021,37,Wet,0.673325856,0.4438478237717045,27.4128571,27.78,27.07,71.55,83.96,17.57428571,2.605714286
Polangui,2021,38,Wet,0.6176825847458514,0.4158343655068139,27.55,28.04,27.2,47.54,84.30428571,19.28285714,2.76
Polangui,2021,39,Wet,0.3060664312512609,0.2351810997977885,28.2,28.62,27.74,73.65,82.04428571,16.68285714,2.074285714
Polangui,2021,40,Cool Dry,0.465201612364315,0.2758687636290673,27.6671429,28.09,27.36,136.2,84.79428571,10.92571429,4.127142857
Polangui,2021,41,Cool Dry,0.5465277161601909,0.3682328273310815,27.43,28.01,26.82,86.89,86.19857143,14.62571429,3.951428571
Polangui,2021,42,Cool Dry,0.5930514430631285,0.3596810969155425,27.3828571,27.76,26.91,118.6,85.49142857,11.85428571,4.02
Polangui,2021,44,Cool Dry,0.5020408341533514,0.2881423402171907,27.29,27.46,26.93,58.5,81.77714286,16.47857143,4.828571429
Polangui,2021,45,Cool Dry,0.6245681372447964,0.2875774646906281,27.5242857,27.83,27.15,75.11,84.08714286,15.41571429,4.812857143
Polangui,2021,46,Cool Dry,0.5558352146188541,0.3524502090128045,27.5428571,27.85,27.26,99.96,86.29857143,14.27,4.751428571
Polangui,2021,47,Cool Dry,0.5788021562031694,0.3313524621419231,27.3885714,27.75,26.96,74.32,84.16857143,15.08857143,3.53
Polangui,2021,48,Dry,0.5455361348475408,0.2980595808050015,27.3985714,27.71,27.1,108.13,85.67,15.49571429,4.441428571
Polangui,2021,49,Dry,0.4915231779935163,0.2708976135279781,26.4542857,27.8,25.07,50.67,81.33428571,15.21285714,5.55
Polangui,2021,50,Dry,0.5374156858406094,0.3017276266347778,26.0942857,26.82,25.54,134.62,84.58285714,11.66285714,7.23
Polangui,2021,52,Dry,0.5244881091454445,0.2443350566740307,26.6042857,27.16,25.88,117.91,87.95142857,10.10714286,6.28
Polangui,2021,53,Dry,0.5388471158992167,0.3229436367685334,25.9828571,26.59,25.12,100.45,84.75428571,14.28428571,6.048571429
Polangui,2022,1,Dry,0.444240379,0.26400427,25.328571399999987,25.849999999999966,24.94999999999999,23.22,81.06428571,16.93857143,5.024285714
Polangui,2022,2,Dry,0.654196944,0.441842433,27.304074199999974,27.789184299999988,26.80108759999999,66.13170695,83.66242879,17.6666066,3.449504748
Polangui,2022,3,Dry,0.639677087,0.328983328,25.411428599999965,25.899999999999977,24.569999999999965,95.24,82.56142857,13.89714286,5.201428571
Polangui,2022,4,Dry,0.676097339,0.385210334,26.29142859999999,26.789999999999964,25.96999999999997,114.59,86.65285714,16.00857143,4.122857143
Polangui,2022,5,Dry,0.733016791,0.469828002,25.74999999999997,26.079999999999984,25.309999999999974,110.25,86.00571429,12.90857143,5.991428571
Polangui,2022,6,Dry,0.442292703,0.291100647,25.844285699999972,26.269999999999982,25.409999999999968,65.08,83.28285714,15.56714286,5.551428571
Polangui,2022,7,Dry,0.696271799,0.498876428,26.068571399999968,26.609999999999985,25.289999999999964,31.19,81.77714286,18.89142857,3.94
Polangui,2022,8,Dry,0.662716344,0.47023195,26.06142859999997,26.21999999999997,25.899999999999977,98.37,83.52428571,15.86142857,6.167142857
Polangui,2022,9,Hot Dry,0.691010101,0.421109635,26.277142899999973,26.519999999999982,25.799999999999983,45.93,83.61857143,18.75571429,5.37
Polangui,2022,10,Hot Dry,0.654196944,0.441842433,27.304074199999974,27.789184299999988,26.80108759999999,66.13170695,83.66242879,17.6666066,3.449504748
Polangui,2022,11,Hot Dry,0.651904603,0.396856203,27.11571429999998,27.71999999999997,26.819999999999965,30.92,85.40857143,21.92,3.144285714
Polangui,2022,12,Hot Dry,0.63302206,0.439083256,27.142857099999986,27.409999999999968,26.72999999999999,12.4,83.16285714,23.08142857,3.907142857
Polangui,2022,13,Hot Dry,0.27160501,0.209014771,27.058571399999977,27.409999999999968,26.659999999999968,50.41,81.33285714,22.74142857,4.968571429
Polangui,2022,14,Hot Dry,0.634456303,0.383849064,26.92571429999998,27.23999999999998,26.639999999999986,188.08,85.92571429,12.39857143,5.3
Polangui,2022,15,Hot Dry,0.636730027,0.358713522,26.86571429999998,27.119999999999976,26.369999999999976,111.24,82.87857143,18.10285714,3.404285714
Polangui,2022,16,Hot Dry,0.610754999,0.352620557,27.16571429999999,27.789999999999964,26.419999999999987,32.24,83.54,22.26,4.375714286
Polangui,2022,17,Hot Dry,0.582943959,0.406713292,27.56142859999997,27.74999999999997,27.339999999999975,64.74,84.73857143,19.59714286,3.995714286
Polangui,2022,18,Hot Dry,0.654196944,0.441842433,27.304074199999974,27.789184299999988,26.80108759999999,66.13170695,83.66242879,17.6666066,3.449504748
Polangui,2022,19,Hot Dry,0.606188091,0.339368462,27.85571429999999,28.20999999999998,27.609999999999985,30.27,81.55714286,22.56571429,3.722857143
Polangui,2022,20,Hot Dry,0.563891431,0.352260555,27.639999999999986,28.029999999999973,27.329999999999984,49.49,83.48142857,19.75285714,2.731428571
Polangui,2022,21,Hot Dry,0.586384845,0.331228102,28.03142859999997,28.419999999999987,27.319999999999965,24.89,82.62428571,22.06857143,2.511428571
Polangui,2022,22,Wet,0.56231367,0.332147595,27.92714289999998,28.519999999999982,27.159999999999968,52.73,81.53714286,20.69142857,2.521428571
Polangui,2022,23,Wet,0.564133816,0.337371614,28.078571399999987,28.539999999999964,27.659999999999968,34.24,80.48,21.96714286,2.032857143
Polangui,2022,24,Wet,0.45211562,0.274699411,27.887142899999986,28.18999999999997,27.45999999999998,24.37,82.64285714,23.21142857,2.665714286
Polangui,2022,25,Wet,0.396127307,0.246773675,27.688571399999972,28.039999999999964,27.46999999999997,70.13,82.21285714,18.46142857,2.82
Polangui,2022,26,Wet,0.654196944,0.441842433,27.304074199999974,27.789184299999988,26.80108759999999,66.13170695,83.66242879,17.6666066,3.449504748
Polangui,2022,27,Wet,0.592744955,0.36060194,27.649999999999977,28.139999999999986,26.94999999999999,63.49,83.80142857,18.68571429,2.27
Polangui,2022,28,Wet,0.663326511,0.436954832,28.005714299999966,28.519999999999982,27.47999999999999,45.63,82.78142857,19.50142857,2.014285714
Polangui,2022,29,Wet,0.703120598,0.424942209,28.011428599999988,28.409999999999968,27.609999999999985,62.08,82.80571429,18.62285714,2.657142857
Polangui,2022,30,Wet,0.733053809,0.499889199,28.10428569999999,28.72999999999999,27.349999999999966,57.33,83.58857143,16.59714286,3.144285714
Polangui,2022,31,Wet,0.661432642,0.39609215,27.082857099999984,27.789999999999964,26.529999999999973,103.29,84.05142857,15.81428571,2.602857143
Polangui,2022,32,Wet,0.672311047,0.458991044,27.94714289999999,28.529999999999973,27.339999999999975,59.69,78.20285714,19.36857143,1.25
Polangui,2022,33,Wet,0.707771691,0.529392187,27.649999999999977,28.20999999999998,27.25999999999999,40.11,81.54857143,14.84571429,2.66
Polangui,2022,34,Wet,0.654196944,0.441842433,27.304074199999974,27.789184299999988,26.80108759999999,66.13170695,83.66242879,17.6666066,3.449504748
Polangui,2022,35,Wet,0.735879545,0.519920205,28.12857139999997,28.639999999999986,27.799999999999983,33.62,83.87142857,18.76,3.397142857
Polangui,2022,36,Wet,0.650689403,0.475531883,27.704285699999986,27.99999999999997,27.289999999999964,43.34,83.79,20.41428571,2.457142857
Polangui,2022,37,Wet,0.634296138,0.455387443,27.891428599999983,28.149999999999977,27.409999999999968,23.62,84.61,20.45,4.641428571
Polangui,2022,38,Wet,0.403065879,0.252928673,27.558571399999977,27.859999999999985,27.21999999999997,84.63,83.39285714,15.27428571,3.451428571
Polangui,2022,39,Wet,0.648722769,0.374522042,27.341428599999972,27.809999999999974,26.70999999999998,60.1,84.69,17.40571429,2.852857143
Polangui,2022,40,Cool Dry,0.582233766,0.385717397,27.55428569999998,28.099999999999966,27.18999999999997,52.99,84.12571429,19.67857143,3.6
Polangui,2022,41,Cool Dry,0.239053422,0.148490372,27.902857099999977,28.119999999999976,27.71999999999997,41.61,85.40142857,18.33714286,3.875714286
Polangui,2022,42,Cool Dry,0.654196944,0.441842433,27.304074199999974,27.789184299999988,26.80108759999999,66.13170695,83.66242879,17.6666066,3.449504748
Polangui,2022,43,Cool Dry,0.597927754,0.348655922,27.95285709999999,28.25999999999999,27.549999999999983,237.37,86.64714286,10.95428571,6.261428571
Polangui,2022,44,Cool Dry,0.57695395,0.355262747,27.498571399999975,27.869999999999976,26.98999999999998,61.91,85.87857143,15.97142857,3.55
Polangui,2022,45,Cool Dry,0.595447302,0.381666929,27.535714299999967,27.909999999999968,27.21999999999997,73.75,86.94428571,14.72571429,3.902857143
Polangui,2022,46,Cool Dry,0.626673833,0.371296328,27.201428599999986,27.92999999999998,26.629999999999967,177.17,85.71285714,9.098571429,4.685714286
Polangui,2022,47,Cool Dry,0.626570315,0.352715567,27.458571399999983,27.68999999999997,26.95999999999998,51.61,83.15714286,17.41857143,4.358571429
Polangui,2022,48,Dry,0.61993379,0.321253959,27.61857139999998,27.789999999999964,27.369999999999976,93.71,84.03714286,13.81428571,5.032857143
Polangui,2022,49,Dry,0.654196944,0.441842433,27.304074199999974,27.789184299999988,26.80108759999999,66.13170695,83.66242879,17.6666066,3.449504748
Polangui,2022,50,Dry,0.654196944,0.441842433,27.304074199999974,27.789184299999988,26.80108759999999,66.13170695,83.66242879,17.6666066,3.449504748
Polangui,2022,51,Dry,0.469616429,0.268625657,25.465714299999973,26.309999999999974,23.95999999999998,236.37,84.64285714,8.238571429,6.798571429
Polangui,2022,52,Dry,0.510844147,0.266558036,25.60499999999999,26.71999999999997,24.169999999999987,80.65,86.64833333,13.125,5.585
Polangui,2023,1,Dry,0.654196944,0.441842433,27.304074199999974,27.789184299999988,26.80108759999999,66.13170695,83.66242879,17.6666066,3.449504748
Polangui,2023,2,Dry,0.654196944,0.441842433,27.304074199999974,27.789184299999988,26.80108759999999,66.13170695,83.66242879,17.6666066,3.449504748
Polangui,2023,3,Dry,0.535737187,0.196760726,25.882857099999967,26.109999999999985,25.609999999999985,253.16,89.54,8.831428571,6.124285714
Polangui,2023,4,Dry,0.574772705,0.338892283,25.17571429999998,25.829999999999984,24.549999999999983,149.1,86.07714286,11.19714286,7.128571429
Polangui,2023,5,Dry,0.632061771,0.331531242,25.72714289999999,26.329999999999984,24.94999999999999,83.93,85.83714286,14.25142857,6.452857143
Polangui,2023,6,Dry,0.513969473,0.314263448,25.75285709999997,26.029999999999973,25.25999999999999,28.15,83.58,17.55857143,5.124285714
Polangui,2023,7,Dry,0.654196944,0.441842433,27.304074199999974,27.789184299999988,26.80108759999999,66.13170695,83.66242879,17.6666066,3.449504748
Polangui,2023,8,Dry,0.680737547,0.433194396,26.215714299999973,26.639999999999986,25.72999999999999,56.88,86.93285714,16.52428571,3.591428571
Polangui,2023,9,Dry,0.654196944,0.441842433,27.304074199999974,27.789184299999988,26.80108759999999,66.13170695,83.66242879,17.6666066,3.449504748
Polangui,2023,10,Hot Dry,0.686902457,0.519793543,25.195714299999963,25.409999999999968,24.849999999999966,9.22,79.94142857,22.12285714,5.204285714
Polangui,2023,11,Hot Dry,0.659120792,0.495436082,25.711428599999977,26.119999999999976,24.95999999999998,44.34,81.89,18.88285714,4.941428571
Polangui,2023,12,Hot Dry,0.711980553,0.428046534,26.424285699999984,27.21999999999997,24.849999999999966,14.45,81.24142857,22.98428571,3.81
Polangui,2023,13,Hot Dry,0.643221758,0.487916229,26.825714299999987,27.059999999999974,26.659999999999968,27.24,81.53428571,21.37,3.77
Polangui,2023,14,Hot Dry,0.689499306,0.425010674,26.25999999999999,26.67999999999998,25.75999999999999,21.82,79.15571429,22.09285714,4.472857143
Polangui,2023,15,Hot Dry,0.647711683,0.310707469,27.27285709999998,28.149999999999977,26.46999999999997,74.18,82.98857143,17.81285714,3.214285714
Polangui,2023,16,Hot Dry,0.591195224,0.419538611,27.80428569999998,27.95999999999998,27.49999999999997,10.78,82.93857143,22.56571429,3.007142857
Polangui,2023,17,Hot Dry,0.654196944,0.441842433,27.304074199999974,27.789184299999988,26.80108759999999,66.13170695,83.66242879,17.6666066,3.449504748
Polangui,2023,18,Hot Dry,0.593794405,0.394982358,28.08142859999998,28.47999999999999,27.649999999999977,106.29,82.88,19.52,4.325714286
Polangui,2023,19,Hot Dry,0.626971745,0.436464762,28.218571399999973,28.649999999999977,27.879999999999967,8.04,79.77857143,22.35,2.902857143
Polangui,2023,20,Hot Dry,0.636032973,0.451093488,28.91571429999999,29.289999999999964,28.359999999999985,27.85,78.37,20.50857143,2.182857143
Polangui,2023,21,Hot Dry,0.6165467,0.395999468,29.21999999999997,29.779999999999973,28.50999999999999,31.7,76.28285714,22.27285714,2.948571429
Polangui,2023,22,Wet,0.59127417,0.363933191,28.758571399999965,29.579999999999984,28.23999999999998,40.02,82.97571429,18.40857143,5.768571429
Polangui,2023,23,Wet,0.571318647,0.366484581,28.63571429999999,29.139999999999986,28.089999999999975,30.01,79.40285714,21.19857143,2.975714286
Polangui,2023,24,Wet,0.51737737,0.336204672,28.46999999999997,28.879999999999967,28.21999999999997,12.07,81.97142857,21.90428571,3.09
Polangui,2023,25,Wet,0.654196944,0.441842433,27.304074199999974,27.789184299999988,26.80108759999999,66.13170695,83.66242879,17.6666066,3.449504748
Polangui,2023,26,Wet,0.536330784,0.302733641,28.142857099999986,28.46999999999997,27.649999999999977,48.59,82.63142857,19.07571429,2.248571429
Polangui,2023,27,Wet,0.352705717,0.21932769,28.471428599999967,28.769999999999982,28.289999999999964,19.25,82.06,20.94285714,3.028571429
Polangui,2023,28,Wet,0.494882285,0.296209766,28.05428569999998,28.599999999999966,27.619999999999976,87.02,85.02,16.30428571,5.33
Polangui,2023,29,Wet,0.336399542,0.229508632,28.09571429999997,28.579999999999984,27.579999999999984,89.17,83.46571429,17.25428571,2.757142857
Polangui,2023,30,Wet,0.531370692,0.320492641,27.899999999999977,28.359999999999985,27.529999999999973,86.53,85.64142857,14.22285714,7.618571429
Polangui,2023,31,Wet,0.599690631,0.351115619,28.23285709999999,28.43999999999997,28.059999999999974,4.1,84.43285714,22.00285714,5.517142857
Polangui,2023,32,Wet,0.642612883,0.396571259,28.22714289999999,28.69999999999999,27.72999999999999,11.5,84.67714286,20.47285714,4.192857143
Polangui,2023,33,Wet,0.654196944,0.441842433,27.304074199999974,27.789184299999988,26.80108759999999,66.13170695,83.66242879,17.6666066,3.449504748
Polangui,2023,34,Wet,0.675883861,0.498146263,28.119999999999976,28.549999999999983,27.589999999999975,28.34,82.78428571,18.01857143,4.024285714
Polangui,2023,35,Wet,0.762180889,0.482642366,28.248571399999975,28.43999999999997,27.96999999999997,27.88,84.65142857,17.68142857,7.337142857
Polangui,2023,36,Wet,0.755412469,0.496183625,28.72714289999999,29.309999999999974,28.089999999999975,14.85,80.15714286,20.95714286,2.095714286
Polangui,2023,37,Wet,0.781241114,0.562460587,28.111428599999982,28.47999999999999,27.519999999999982,69.9,81.65857143,18.38571429,2.188571429
Polangui,2023,38,Wet,0.557750652,0.40208074,28.23999999999998,28.669999999999987,27.44999999999999,54.97,80.92142857,16.85142857,2.037142857
Polangui,2023,39,Wet,0.73436474,0.471224694,28.434285699999975,29.079999999999984,27.93999999999997,63.42,81.09571429,17.63428571,2.354285714
Polangui,2023,40,Cool Dry,0.694669548,0.532289468,28.248571399999975,28.789999999999964,27.95999999999998,16.44,82.61142857,18.96285714,3.562857143
Polangui,2023,41,Cool Dry,0.654196944,0.441842433,27.304074199999974,27.789184299999988,26.80108759999999,66.13170695,83.66242879,17.6666066,3.449504748
Polangui,2023,42,Cool Dry,0.6583069,0.427495613,27.799999999999983,28.099999999999966,27.44999999999999,68.04,82.53428571,17.88,2.498571429
Polangui,2023,43,Cool Dry,0.632904809,0.46517279,27.819999999999965,28.329999999999984,27.329999999999984,49.35,83.29428571,18.06714286,3.481428571
Polangui,2023,44,Cool Dry,0.617029814,0.373131501,27.935714299999972,28.18999999999997,27.789999999999964,96.54,83.86857143,15.36428571,3.564285714
Polangui,2023,45,Cool Dry,0.567632428,0.434236482,28.02428569999998,28.289999999999964,27.75999999999999,45.93,83.93428571,17.34142857,4.354285714
Polangui,2023,46,Cool Dry,0.532241174,0.318817267,27.575714299999987,27.94999999999999,27.019999999999982,212.35,84.59,11.17142857,6.857142857
Polangui,2023,47,Cool Dry,0.603771169,0.345758193,27.208571399999983,27.529999999999973,26.829999999999984,181.06,87.92571429,9.352857143,4.71
Polangui,2023,48,Dry,0.60867743,0.326625425,27.357142899999985,27.589999999999975,27.129999999999967,101.2,84.76714286,12.94285714,5.235714286
Polangui,2023,49,Dry,0.654196944,0.441842433,27.304074199999974,27.789184299999988,26.80108759999999,66.13170695,83.66242879,17.6666066,3.449504748
Polangui,2023,50,Dry,0.556350343,0.342316425,27.325714299999987,27.659999999999968,27.109999999999985,58.06,83.54142857,15.45714286,5.451428571
Polangui,2023,51,Dry,0.580501871,0.305336514,27.248571399999975,27.49999999999997,26.93999999999997,108.3,84.03285714,14.41571429,4.735714286
Polangui,2023,52,Dry,0.296032827,0.186479611,27.23285709999999,27.369999999999976,26.99999999999997,115.36,84.55,15.27857143,5.084285714
Polangui,2024,1,Dry,0.57881384,0.299643456,27.015714299999985,27.299999999999983,26.849999999999966,94.0,84.36428571,12.73857143,4.932857143
Polangui,2024,2,Dry,0.558850242,0.301136364,26.38571429999999,27.409999999999968,25.539999999999964,85.28,84.71714286,12.46857143,5.784285714
Polangui,2024,3,Dry,0.56728935,0.305926553,25.704285699999986,26.289999999999964,25.17999999999998,36.02,79.72714286,16.18428571,5.751428571
Polangui,2024,4,Dry,0.558176624,0.316454698,25.20285709999999,26.409999999999968,24.319999999999965,62.16,80.24714286,14.0,6.434285714
Polangui,2024,5,Dry,0.664889434,0.364164483,25.641428599999983,26.159999999999968,25.019999999999982,25.39,81.12571429,17.22571429,5.477142857
Polangui,2024,6,Dry,0.678651641,0.478204603,25.889999999999986,26.299999999999983,25.159999999999968,23.56,80.26,17.98142857,4.877142857
Polangui,2024,7,Dry,0.680264634,0.453935662,25.651428599999974,26.119999999999976,24.809999999999974,33.57,82.05142857,16.16285714,6.005714286
Polangui,2024,8,Dry,0.654196944,0.441842433,27.304074199999974,27.789184299999988,26.80108759999999,66.13170695,83.66242879,17.6666066,3.449504748
Polangui,2024,9,Dry,0.774691547,0.481291678,26.015714299999985,26.139999999999986,25.849999999999966,8.96,75.05142857,21.3,5.375714286
Polangui,2024,10,Hot Dry,0.753068298,0.497041817,26.285714299999967,26.829999999999984,25.869999999999976,18.58,78.11857143,21.13285714,4.454285714
Polangui,2024,11,Hot Dry,0.706921479,0.504476419,26.525714299999976,26.839999999999975,25.95999999999998,18.79,80.05571429,21.08142857,4.601428571
Polangui,2024,12,Hot Dry,0.687160413,0.553069361,26.362857099999985,26.859999999999985,25.859999999999985,33.56,78.34571429,21.07142857,5.16
Polangui,2024,13,Hot Dry,0.740206174,0.467638653,27.134285699999964,27.50999999999999,26.369999999999976,39.23,83.67857143,20.29571429,4.248571429
Polangui,2024,14,Hot Dry,0.64310483,0.451911128,27.51285709999999,27.829999999999984,27.049999999999983,13.92,79.52857143,24.25142857,4.74
Polangui,2024,15,Hot Dry,0.528441953,0.3665969,27.70285709999999,28.089999999999975,27.369999999999976,12.55,78.46,22.42428571,4.248571429
Polangui,2024,16,Hot Dry,0.654196944,0.441842433,27.304074199999974,27.789184299999988,26.80108759999999,66.13170695,83.66242879,17.6666066,3.449504748
Polangui,2024,17,Hot Dry,0.49844244,0.378898049,28.899999999999977,29.329999999999984,28.539999999999964,10.02,77.90714286,23.57285714,4.418571429
Polangui,2024,18,Hot Dry,0.52044728,0.36144219,29.014285699999988,29.529999999999973,28.42999999999998,7.44,73.85571429,24.73714286,4.43
Polangui,2024,19,Hot Dry,0.527058262,0.349603893,29.35142859999999,29.649999999999977,29.039999999999964,13.96,73.01285714,23.71857143,4.128571429
Polangui,2024,20,Hot Dry,0.634299257,0.351841436,29.744285699999978,30.23999999999998,29.49999999999997,6.48,73.77714286,23.42285714,3.772857143
Polangui,2024,21,Hot Dry,0.636649538,0.361964634,29.335714299999978,30.339999999999975,28.21999999999997,99.68,77.39714286,17.17142857,4.975714286
Polangui,2024,22,Wet,0.610372318,0.355118974,28.764285699999988,29.17999999999998,28.47999999999999,33.41,83.24285714,21.06571429,3.417142857
Polangui,2024,23,Wet,0.605090317,0.375488744,29.142857099999986,30.279999999999973,28.19999999999999,42.39,78.68,20.31142857,1.972857143
Polangui,2024,24,Wet,0.654196944,0.441842433,27.304074199999974,27.789184299999988,26.80108759999999,66.13170695,83.66242879,17.6666066,3.449504748
Polangui,2024,25,Wet,0.571198747,0.318711569,28.659999999999968,29.079999999999984,27.899999999999977,39.54,80.20285714,18.60714286,2.334285714
Polangui,2024,26,Wet,0.564271012,0.286368322,28.25999999999999,28.49999999999997,27.909999999999968,63.69,83.19428571,18.16857143,3.498571429
Polangui,2024,27,Wet,0.567041594,0.372732175,28.194285699999966,28.70999999999998,27.70999999999998,46.58,83.16142857,18.43714286,3.094285714
Polangui,2024,28,Wet,0.354298944,0.265754538,28.149999999999977,28.42999999999998,27.46999999999997,66.72,83.38857143,18.11857143,2.595714286
Polangui,2024,29,Wet,0.614988273,0.39184988,27.94714289999999,28.269999999999982,27.599999999999966,115.28,85.40142857,15.63142857,4.121428571
Polangui,2024,30,Wet,0.606278615,0.398301761,27.86857139999998,28.50999999999999,27.22999999999999,93.09,85.01571429,12.57857143,5.417142857
Polangui,2024,31,Wet,0.56320522,0.400860663,28.282857099999973,28.779999999999973,27.73999999999998,27.26,81.13,20.31142857,1.98
Polangui,2024,32,Wet,0.654196944,0.441842433,27.304074199999974,27.789184299999988,26.80108759999999,66.13170695,83.66242879,17.6666066,3.449504748
Polangui,2024,33,Wet,0.743926691,0.551910984,28.73285709999999,29.019999999999982,28.629999999999967,20.37,81.93857143,22.21142857,2.425714286
Polangui,2024,34,Wet,0.405200584,0.294098638,28.438571399999972,28.769999999999982,27.879999999999967,57.05,81.86,17.99,2.028571429
Polangui,2024,35,Wet,0.700871068,0.589570268,28.307142899999974,28.69999999999999,28.00999999999999,131.1,84.44571429,14.46714286,3.495714286
Polangui,2024,36,Wet,0.77924661,0.669100785,28.374285699999973,29.089999999999975,27.789999999999964,62.62,83.79714286,16.56285714,4.487142857
Polangui,2024,37,Wet,0.700713226,0.457606534,28.234285699999987,28.779999999999973,27.779999999999973,126.27,85.16857143,15.73428571,4.177142857
Polangui,2024,38,Wet,0.746273083,0.497415593,27.475714299999964,27.769999999999982,27.139999999999986,96.6,87.15571429,13.19857143,3.638571429
Polangui,2024,39,Wet,0.729974529,0.449156001,28.29428569999999,28.789999999999964,27.94999999999999,22.23,83.59857143,19.47428571,3.23
Polangui,2024,40,Wet,0.654196944,0.441842433,27.304074199999974,27.789184299999988,26.80108759999999,66.13170695,83.66242879,17.6666066,3.449504748
Polangui,2024,41,Cool Dry,0.533130329,0.410451963,28.215714299999973,28.539999999999964,27.839999999999975,73.96,80.59714286,18.92714286,1.931428571
Polangui,2024,42,Cool Dry,0.623097636,0.461095859,28.327142899999984,28.559999999999974,28.049999999999983,61.1,83.66857143,18.47571429,3.302857143
Polangui,2024,43,Cool Dry,0.57619035,0.203052181,27.84857139999997,28.529999999999973,27.119999999999976,414.78,86.38857143,10.56714286,7.374285714
Polangui,2024,44,Cool Dry,0.572164108,0.308185895,27.50142859999997,27.649999999999977,27.319999999999965,43.08,86.25142857,14.86142857,5.077142857
Polangui,2024,45,Cool Dry,0.590802926,0.387752919,27.41857139999999,27.539999999999964,27.329999999999984,49.1,85.22285714,15.43285714,3.302857143
Polangui,2024,46,Cool Dry,0.583479982,0.393797739,27.594285699999972,28.17999999999998,27.19999999999999,112.44,85.95285714,14.07285714,4.264285714
Polangui,2024,47,Cool Dry,0.632540959,0.439973774,27.36571429999998,27.379999999999967,27.339999999999975,24.1,84.61428571,18.12,4.842857143
Polangui,2024,48,Cool Dry,0.654196944,0.441842433,27.304074199999974,27.789184299999988,26.80108759999999,66.13170695,83.66242879,17.6666066,3.449504748
Polangui,2024,49,Dry,0.620114056,0.324562513,27.295714299999986,27.73999999999998,26.769999999999982,48.08,85.95285714,15.68857143,3.544285714
Polangui,2024,50,Dry,0.629741385,0.35338867,27.444285699999966,27.639999999999986,27.149999999999977,202.2,88.45857143,12.02285714,5.541428571
Polangui,2024,51,Dry,0.654196944,0.441842433,27.304074199999974,27.789184299999988,26.80108759999999,66.13170695,83.66242879,17.6666066,3.449504748
Polangui,2024,52,Dry,0.489195329,0.342558958,26.718571399999973,26.94999999999999,26.289999999999964,264.91,88.91714286,10.07428571,5.168571429
